t,new_btc
2016-01-01,3375.0
2016-01-02,3625.0
2016-01-03,3625.0
2016-01-04,4525.0
2016-01-05,3924.999999999996
2016-01-06,3525.000000000004
2016-01-07,3675.0
2016-01-08,4325.000000000003
2016-01-09,3775.0
2016-01-10,4375.0
2016-01-11,4250.0
2016-01-12,4250.0
2016-01-13,3700.0
2016-01-14,3325.0
2016-01-15,3050.0
2016-01-16,3550.0
2016-01-17,3775.0
2016-01-18,4324.999999999998
2016-01-19,3325.0
2016-01-20,3799.999999999998
2016-01-21,3425.0
2016-01-22,4399.999999999999
2016-01-23,4475.0
2016-01-24,4275.000000000005
2016-01-25,4049.9999999999995
2016-01-26,3999.999999999996
2016-01-27,3875.0
2016-01-28,3650.0
2016-01-29,4225.0
2016-01-30,4675.0
2016-01-31,4525.0
2016-02-01,4025.0
2016-02-02,4500.0
2016-02-03,4475.0
2016-02-04,4200.0
2016-02-05,4699.999999999996
2016-02-06,5000.000000000004
2016-02-07,4400.000000000004
2016-02-08,3700.000000000001
2016-02-09,4400.0
2016-02-10,4100.0
2016-02-11,4800.0000000000055
2016-02-12,4275.000000000002
2016-02-13,3900.000000000002
2016-02-14,4149.999999999998
2016-02-15,3800.0000000000027
2016-02-16,3449.999999999995
2016-02-17,3874.999999999997
2016-02-18,4225.000000000005
2016-02-19,3625.0000000000014
2016-02-20,3750.000000000001
2016-02-21,3200.000000000004
2016-02-22,3175.0000000000023
2016-02-23,3400.0
2016-02-24,2950.0
2016-02-25,3874.999999999997
2016-02-26,3500.0
2016-02-27,3674.999999999995
2016-02-28,3350.0000000000045
2016-02-29,3325.0
2016-03-01,3525.000000000001
2016-03-02,3924.999999999999
2016-03-03,3374.9999999999995
2016-03-04,3875.0000000000036
2016-03-05,3750.0000000000045
2016-03-06,3700.000000000005
2016-03-07,3325.0000000000027
2016-03-08,3850.000000000002
2016-03-09,4199.999999999997
2016-03-10,3875.000000000005
2016-03-11,3999.9999999999964
2016-03-12,3600.0000000000036
2016-03-13,3325.000000000002
2016-03-14,3799.999999999995
2016-03-15,4024.999999999998
2016-03-16,3799.9999999999955
2016-03-17,3524.9999999999964
2016-03-18,3399.9999999999973
2016-03-19,3399.9999999999973
2016-03-20,3649.999999999999
2016-03-21,3474.9999999999964
2016-03-22,3699.999999999997
2016-03-23,3724.999999999996
2016-03-24,3674.9999999999986
2016-03-25,3649.9999999999986
2016-03-26,3824.9999999999955
2016-03-27,3524.9999999999973
2016-03-28,4250.000000000005
2016-03-29,3924.9999999999964
2016-03-30,3675.0000000000036
2016-03-31,3100.000000000001
2016-04-01,3825.000000000004
2016-04-02,3475.0
2016-04-03,3549.9999999999973
2016-04-04,4150.000000000002
2016-04-05,3875.000000000005
2016-04-06,3924.999999999996
2016-04-07,3475.000000000004
2016-04-08,3600.000000000004
2016-04-09,4049.9999999999977
2016-04-10,4325.000000000005
2016-04-11,3825.000000000002
2016-04-12,3700.000000000003
2016-04-13,4100.000000000001
2016-04-14,4099.999999999999
2016-04-15,3474.9999999999973
2016-04-16,3449.999999999999
2016-04-17,3950.0000000000045
2016-04-18,3350.000000000001
2016-04-19,3749.9999999999973
2016-04-20,4124.9999999999945
2016-04-21,3774.999999999996
2016-04-22,3574.999999999998
2016-04-23,3600.000000000005
2016-04-24,3300.000000000001
2016-04-25,3174.9999999999955
2016-04-26,3774.9999999999973
2016-04-27,3225.0
2016-04-28,3375.0000000000005
2016-04-29,3950.000000000001
2016-04-30,3649.9999999999964
2016-05-01,3875.000000000004
2016-05-02,3924.9999999999973
2016-05-03,3774.9999999999986
2016-05-04,4174.999999999999
2016-05-05,3875.0000000000027
2016-05-06,4050.0000000000027
2016-05-07,3750.0
2016-05-08,4199.999999999998
2016-05-09,4274.999999999998
2016-05-10,3950.0000000000036
2016-05-11,3324.9999999999995
2016-05-12,3475.0000000000023
2016-05-13,3799.9999999999977
2016-05-14,3599.999999999999
2016-05-15,3475.0000000000005
2016-05-16,3525.0
2016-05-17,3525.0
2016-05-18,3825.0000000000023
2016-05-19,3000.0000000000045
2016-05-20,3724.9999999999973
2016-05-21,3525.000000000004
2016-05-22,4599.999999999996
2016-05-23,4499.999999999996
2016-05-24,3675.0
2016-05-25,3449.999999999997
2016-05-26,3374.999999999999
2016-05-27,3475.0000000000045
2016-05-28,3325.000000000004
2016-05-29,3674.999999999999
2016-05-30,3599.9999999999945
2016-05-31,3174.9999999999995
2016-06-01,3574.999999999997
2016-06-02,3450.0
2016-06-03,3549.999999999996
2016-06-04,2974.999999999995
2016-06-05,4250.0
2016-06-06,4250.000000000002
2016-06-07,3500.0
2016-06-08,3599.9999999999955
2016-06-09,4124.999999999997
2016-06-10,3600.0
2016-06-11,3899.9999999999964
2016-06-12,3650.000000000002
2016-06-13,4024.9999999999977
2016-06-14,3299.999999999997
2016-06-15,3799.9999999999973
2016-06-16,3724.9999999999986
2016-06-17,3725.0000000000045
2016-06-18,3949.999999999996
2016-06-19,4424.999999999998
2016-06-20,4100.000000000004
2016-06-21,3724.999999999997
2016-06-22,3225.000000000001
2016-06-23,3499.999999999999
2016-06-24,3225.000000000001
2016-06-25,4049.999999999996
2016-06-26,3649.999999999999
2016-06-27,3674.9999999999964
2016-06-28,3699.9999999999977
2016-06-29,3650.0000000000014
2016-06-30,3749.9999999999964
2016-07-01,3875.0000000000027
2016-07-02,3725.0000000000036
2016-07-03,3850.000000000005
2016-07-04,3775.000000000005
2016-07-05,3624.9999999999973
2016-07-06,3500.000000000001
2016-07-07,3424.999999999996
2016-07-08,3624.999999999998
2016-07-09,3124.9999999999964
2016-07-10,1950.0
2016-07-11,1787.4999999999998
2016-07-12,1787.4999999999995
2016-07-13,1612.4999999999995
2016-07-14,1762.4999999999995
2016-07-15,1687.5000000000002
2016-07-16,1962.5000000000002
2016-07-17,1862.5
2016-07-18,1850.0000000000005
2016-07-19,1600.0000000000002
2016-07-20,1874.9999999999995
2016-07-21,1662.5
2016-07-22,1612.4999999999998
2016-07-23,1637.5
2016-07-24,1550.0000000000002
2016-07-25,1637.4999999999995
2016-07-26,1612.4999999999995
2016-07-27,1600.0
2016-07-28,1700.0000000000002
2016-07-29,1837.5000000000002
2016-07-30,1487.5000000000002
2016-07-31,1924.9999999999995
2016-08-01,1912.5000000000005
2016-08-02,1925.0000000000002
2016-08-03,2075.0
2016-08-04,1912.5000000000005
2016-08-05,2112.5
2016-08-06,2074.9999999999995
2016-08-07,1850.0000000000005
2016-08-08,1850.0000000000002
2016-08-09,1550.0000000000002
2016-08-10,1887.4999999999995
2016-08-11,1875.0
2016-08-12,1862.5
2016-08-13,2037.5000000000005
2016-08-14,2037.5000000000005
2016-08-15,1825.0000000000002
2016-08-16,1687.5
2016-08-17,1537.5000000000005
2016-08-18,1924.9999999999998
2016-08-19,1924.9999999999998
2016-08-20,1937.4999999999998
2016-08-21,2037.5000000000002
2016-08-22,1975.0000000000005
2016-08-23,1837.5000000000002
2016-08-24,1900.0000000000002
2016-08-25,1624.9999999999998
2016-08-26,1650.0000000000005
2016-08-27,1800.0000000000002
2016-08-28,1899.9999999999998
2016-08-29,1862.4999999999998
2016-08-30,2050.0
2016-08-31,1674.9999999999998
2016-09-01,1749.9999999999995
2016-09-02,1912.5
2016-09-03,1575.0
2016-09-04,2237.5
2016-09-05,1750.0000000000005
2016-09-06,1699.9999999999995
2016-09-07,1900.0
2016-09-08,1799.9999999999998
2016-09-09,1775.0000000000005
2016-09-10,1937.5
2016-09-11,2050.0
2016-09-12,2037.4999999999995
2016-09-13,2062.4999999999995
2016-09-14,1950.0
2016-09-15,1925.0
2016-09-16,1737.5000000000002
2016-09-17,2037.4999999999998
2016-09-18,1812.5
2016-09-19,1662.5000000000005
2016-09-20,1887.5000000000002
2016-09-21,2074.9999999999995
2016-09-22,1762.4999999999998
2016-09-23,1700.0000000000002
2016-09-24,2075.0
2016-09-25,2312.5
2016-09-26,1912.5
2016-09-27,2087.5
2016-09-28,1850.0
2016-09-29,1787.4999999999995
2016-09-30,1775.0000000000005
2016-10-01,1962.4999999999998
2016-10-02,1762.5
2016-10-03,1887.5
2016-10-04,1975.0
2016-10-05,2087.5000000000005
2016-10-06,2012.5
2016-10-07,1787.4999999999998
2016-10-08,2112.4999999999995
2016-10-09,2000.0000000000002
2016-10-10,1550.0000000000002
2016-10-11,1737.4999999999995
2016-10-12,1800.0
2016-10-13,1600.0
2016-10-14,1700.0000000000007
2016-10-15,1774.9999999999995
2016-10-16,1624.9999999999995
2016-10-17,1562.5
2016-10-18,1937.5
2016-10-19,1562.5
2016-10-20,1675.0
2016-10-21,2050.0
2016-10-22,1862.4999999999998
2016-10-23,1800.0000000000005
2016-10-24,1787.5000000000002
2016-10-25,1737.5
2016-10-26,1725.0
2016-10-27,2024.9999999999998
2016-10-28,1899.9999999999995
2016-10-29,1862.4999999999995
2016-10-30,2100.0
2016-10-31,1837.4999999999998
2016-11-01,1800.0000000000007
2016-11-02,1662.5000000000005
2016-11-03,1937.4999999999998
2016-11-04,1450.0000000000002
2016-11-05,1837.5
2016-11-06,1912.5000000000002
2016-11-07,1824.9999999999998
2016-11-08,2112.5
2016-11-09,1837.4999999999998
2016-11-10,2100.0000000000005
2016-11-11,2037.5
2016-11-12,2100.0
2016-11-13,1774.9999999999998
2016-11-14,2150.0
2016-11-15,1950.0000000000005
2016-11-16,2137.5000000000005
2016-11-17,1987.4999999999998
2016-11-18,1850.0
2016-11-19,1775.0
2016-11-20,1600.0000000000002
2016-11-21,1737.5
2016-11-22,1674.9999999999995
2016-11-23,1837.5000000000005
2016-11-24,2024.9999999999998
2016-11-25,1899.9999999999995
2016-11-26,1912.5
2016-11-27,1799.9999999999995
2016-11-28,2050.0000000000005
2016-11-29,1862.5
2016-11-30,1774.9999999999998
2016-12-01,1825.0
2016-12-02,1787.4999999999998
2016-12-03,2150.0
2016-12-04,1849.9999999999995
2016-12-05,1900.0
2016-12-06,1874.9999999999995
2016-12-07,2175.0
2016-12-08,1962.5
2016-12-09,1687.5
2016-12-10,1650.0000000000005
2016-12-11,2337.5000000000005
2016-12-12,1949.9999999999995
2016-12-13,2225.0
2016-12-14,1737.5
2016-12-15,1587.5
2016-12-16,1662.5
2016-12-17,1799.9999999999998
2016-12-18,1762.5
2016-12-19,1887.5
2016-12-20,1725.0
2016-12-21,1987.5
2016-12-22,1987.5
2016-12-23,1900.0
2016-12-24,1712.5
2016-12-25,2062.5
2016-12-26,1775.0
2016-12-27,1950.0
2016-12-28,2050.0
2016-12-29,1874.9999999999995
2016-12-30,1962.4999999999995
2016-12-31,1850.0
2017-01-01,1950.0
2017-01-02,1987.5
2017-01-03,2050.0
2017-01-04,1912.5
2017-01-05,1750.0
2017-01-06,2012.5
2017-01-07,1725.0
2017-01-08,2087.5
2017-01-09,1700.0
2017-01-10,1999.9999999999998
2017-01-11,1912.5
2017-01-12,2150.0
2017-01-13,1875.0
2017-01-14,2150.0
2017-01-15,2087.5
2017-01-16,2112.5
2017-01-17,1975.0
2017-01-18,1875.0
2017-01-19,2175.0
2017-01-20,2362.5
2017-01-21,2262.5
2017-01-22,2175.0
2017-01-23,1725.0
2017-01-24,1862.5
2017-01-25,1862.5
2017-01-26,1937.5
2017-01-27,2125.0000000000005
2017-01-28,1900.0
2017-01-29,2087.5
2017-01-30,1800.0
2017-01-31,1812.5
2017-02-01,2400.0
2017-02-02,1962.5
2017-02-03,1862.5
2017-02-04,1800.0
2017-02-05,1987.5
2017-02-06,1562.5
2017-02-07,1887.5
2017-02-08,1825.0
2017-02-09,2112.5
2017-02-10,1837.5
2017-02-11,1737.5
2017-02-12,1750.0
2017-02-13,2037.5
2017-02-14,2112.5
2017-02-15,1737.5
2017-02-16,1887.5
2017-02-17,1887.4999999999998
2017-02-18,1887.5
2017-02-19,1675.0
2017-02-20,1850.0
2017-02-21,1725.0
2017-02-22,1725.0
2017-02-23,1875.0
2017-02-24,2037.5
2017-02-25,2087.5
2017-02-26,2225.0
2017-02-27,1800.0
2017-02-28,1912.5
2017-03-01,1800.0
2017-03-02,1962.5
2017-03-03,1887.5
2017-03-04,1650.0
2017-03-05,1837.5
2017-03-06,1775.0
2017-03-07,1912.5
2017-03-08,1775.0
2017-03-09,1850.0
2017-03-10,1950.0
2017-03-11,1862.5
2017-03-12,1937.5
2017-03-13,1812.5
2017-03-14,1950.0
2017-03-15,1775.0
2017-03-16,1912.5
2017-03-17,1925.0
2017-03-18,1962.5
2017-03-19,2062.5
2017-03-20,1700.0
2017-03-21,1775.0
2017-03-22,1987.5
2017-03-23,1850.0
2017-03-24,2200.0
2017-03-25,1662.5
2017-03-26,2075.0
2017-03-27,1650.0
2017-03-28,1937.5
2017-03-29,1725.0
2017-03-30,2050.0
2017-03-31,1687.5
2017-04-01,1650.0
2017-04-02,1975.0
2017-04-03,2200.0
2017-04-04,1562.5
2017-04-05,2025.0000000000005
2017-04-06,1837.5
2017-04-07,2025.0
2017-04-08,1712.5
2017-04-09,1987.5
2017-04-10,1837.5
2017-04-11,2087.5
2017-04-12,1775.0
2017-04-13,1587.5
2017-04-14,1737.5
2017-04-15,1875.0
2017-04-16,1825.0
2017-04-17,1725.0
2017-04-18,1825.0
2017-04-19,1787.5
2017-04-20,1725.0
2017-04-21,2087.5
2017-04-22,1812.5
2017-04-23,1912.5
2017-04-24,1550.0
2017-04-25,1850.0
2017-04-26,1912.5
2017-04-27,1837.5
2017-04-28,1700.0
2017-04-29,2162.5
2017-04-30,1887.5
2017-05-01,1875.0
2017-05-02,1975.0
2017-05-03,1650.0
2017-05-04,2100.0
2017-05-05,1612.5
2017-05-06,2100.0
2017-05-07,2087.5
2017-05-08,2250.0
2017-05-09,1937.5
2017-05-10,1850.0
2017-05-11,1687.5
2017-05-12,1925.0
2017-05-13,1975.0
2017-05-14,2050.0
2017-05-15,2125.0
2017-05-16,1650.0
2017-05-17,1937.5
2017-05-18,1775.0
2017-05-19,2050.0
2017-05-20,2062.5
2017-05-21,1837.5
2017-05-22,1825.0
2017-05-23,2100.0
2017-05-24,1925.0
2017-05-25,2037.5
2017-05-26,1912.5
2017-05-27,2100.0
2017-05-28,2062.5
2017-05-29,1887.5
2017-05-30,2237.5
2017-05-31,2050.0
2017-06-01,2125.0
2017-06-02,1825.0
2017-06-03,2400.0
2017-06-04,2012.5
2017-06-05,2050.0
2017-06-06,1887.5
2017-06-07,2062.5
2017-06-08,2062.5
2017-06-09,1887.5
2017-06-10,1762.5
2017-06-11,1825.0
2017-06-12,1837.5
2017-06-13,1762.5
2017-06-14,1750.0
2017-06-15,1912.5
2017-06-16,1850.0
2017-06-17,1812.5
2017-06-18,1812.5
2017-06-19,1887.5
2017-06-20,1725.0
2017-06-21,1750.0
2017-06-22,1737.5
2017-06-23,2000.0
2017-06-24,1825.0
2017-06-25,1525.0
2017-06-26,1775.0
2017-06-27,1637.5
2017-06-28,1962.5
2017-06-29,1500.0
2017-06-30,1925.0
2017-07-01,2050.0
2017-07-02,2350.0
2017-07-03,2125.0
2017-07-04,1912.5
2017-07-05,1862.5
2017-07-06,1775.0
2017-07-07,1850.0
2017-07-08,2062.5
2017-07-09,1725.0
2017-07-10,2462.5
2017-07-11,2162.5
2017-07-12,2212.5
2017-07-13,1962.5
2017-07-14,1737.5
2017-07-15,1587.5
2017-07-16,2037.5
2017-07-17,1850.0
2017-07-18,2062.5
2017-07-19,1862.5
2017-07-20,2024.9999999999995
2017-07-21,1925.0
2017-07-22,2000.0
2017-07-23,2150.0
2017-07-24,2225.0
2017-07-25,1850.0
2017-07-26,1837.5
2017-07-27,1925.0
2017-07-28,1875.0
2017-07-29,1962.5
2017-07-30,1837.5
2017-07-31,1812.5
2017-08-01,1862.5
2017-08-02,1900.0000000000005
2017-08-03,1725.0
2017-08-04,2237.5
2017-08-05,2212.5
2017-08-06,1750.0
2017-08-07,1912.5
2017-08-08,2050.0
2017-08-09,1725.0000000000002
2017-08-10,1675.0
2017-08-11,1799.9999999999998
2017-08-12,1687.5
2017-08-13,1850.0
2017-08-14,1625.0000000000002
2017-08-15,1900.0000000000005
2017-08-16,1625.0
2017-08-17,2237.4999999999995
2017-08-18,1862.4999999999995
2017-08-19,1887.5000000000005
2017-08-20,1625.0000000000005
2017-08-21,1437.5
2017-08-22,1112.5000000000002
2017-08-23,1987.4999999999998
2017-08-24,1262.5
2017-08-25,1262.5
2017-08-26,1312.5000000000005
2017-08-27,1937.4999999999998
2017-08-28,1612.4999999999998
2017-08-29,1862.5000000000005
2017-08-30,2100.0000000000005
2017-08-31,2037.5
2017-09-01,2175.0
2017-09-02,2050.0000000000005
2017-09-03,1925.0
2017-09-04,2187.5
2017-09-05,2462.4999999999995
2017-09-06,2025.0
2017-09-07,2200.0
2017-09-08,2187.5
2017-09-09,2112.5
2017-09-10,1725.0
2017-09-11,2175.0
2017-09-12,2350.0
2017-09-13,2375.0
2017-09-14,2175.0
2017-09-15,2250.0
2017-09-16,2112.5
2017-09-17,2200.0
2017-09-18,1587.5
2017-09-19,1950.0
2017-09-20,1462.5
2017-09-21,2200.0
2017-09-22,1737.5000000000002
2017-09-23,2075.0
2017-09-24,1812.5
2017-09-25,1562.5
2017-09-26,1725.0
2017-09-27,1837.5
2017-09-28,2212.5000000000005
2017-09-29,2112.5
2017-09-30,1724.9999999999998
2017-10-01,1625.0
2017-10-02,1875.0000000000002
2017-10-03,2287.5
2017-10-04,1675.0
2017-10-05,1562.5
2017-10-06,1987.4999999999998
2017-10-07,1974.9999999999995
2017-10-08,2275.0
2017-10-09,2012.5
2017-10-10,2000.0000000000002
2017-10-11,1737.5
2017-10-12,1912.5000000000005
2017-10-13,1699.9999999999998
2017-10-14,1762.5000000000005
2017-10-15,2437.5
2017-10-16,2175.0
2017-10-17,2049.9999999999995
2017-10-18,1887.5000000000005
2017-10-19,2225.0000000000005
2017-10-20,2237.4999999999995
2017-10-21,1912.5
2017-10-22,2275.0000000000005
2017-10-23,2137.5000000000005
2017-10-24,2087.5
2017-10-25,2312.5
2017-10-26,2250.0
2017-10-27,1300.0
2017-10-28,1062.5
2017-10-29,1925.0000000000002
2017-10-30,1837.5000000000005
2017-10-31,1725.0000000000005
2017-11-01,1950.0
2017-11-02,1874.9999999999998
2017-11-03,1487.4999999999998
2017-11-04,1625.0
2017-11-05,1762.5
2017-11-06,1662.5
2017-11-07,1950.0
2017-11-08,1800.0
2017-11-09,1912.5000000000005
2017-11-10,1499.9999999999998
2017-11-11,1000.0
2017-11-12,1000.0
2017-11-13,1750.0000000000002
2017-11-14,1600.0
2017-11-15,1900.0
2017-11-16,1900.0
2017-11-17,2087.4999999999995
2017-11-18,1700.0
2017-11-19,2000.0000000000005
2017-11-20,2187.5000000000005
2017-11-21,2162.4999999999995
2017-11-22,1850.0
2017-11-23,1962.5000000000005
2017-11-24,1862.5000000000002
2017-11-25,1949.9999999999995
2017-11-26,1912.4999999999998
2017-11-27,2124.9999999999995
2017-11-28,1949.9999999999993
2017-11-29,2162.4999999999995
2017-11-30,2087.5000000000005
2017-12-01,2287.5
2017-12-02,2012.4999999999995
2017-12-03,2199.999999999999
2017-12-04,2262.4999999999995
2017-12-05,2224.999999999999
2017-12-06,2349.999999999999
2017-12-07,1900.0000000000007
2017-12-08,1950.0
2017-12-09,2175.0000000000005
2017-12-10,2050.0
2017-12-11,2137.5
2017-12-12,1950.0000000000002
2017-12-13,2325.0000000000005
2017-12-14,2312.5
2017-12-15,2112.5
2017-12-16,2137.500000000001
2017-12-17,2312.5
2017-12-18,2274.999999999999
2017-12-19,1750.0000000000005
2017-12-20,1699.9999999999995
2017-12-21,1650.0000000000005
2017-12-22,1937.4999999999998
2017-12-23,1737.5000000000002
2017-12-24,1900.0000000000002
2017-12-25,1687.5
2017-12-26,1774.9999999999998
2017-12-27,1949.9999999999998
2017-12-28,1862.4999999999998
2017-12-29,2062.5
2017-12-30,1825.0000000000002
2017-12-31,2037.4999999999993
2018-01-01,1950.0
2018-01-02,2137.5
2018-01-03,1962.4999999999998
2018-01-04,2100.0
2018-01-05,1787.4999999999998
2018-01-06,2100.000000000001
2018-01-07,2024.9999999999993
2018-01-08,2074.9999999999995
2018-01-09,2050.0
2018-01-10,2075.0
2018-01-11,2412.5000000000005
2018-01-12,2225.0
2018-01-13,1862.4999999999993
2018-01-14,1937.4999999999998
2018-01-15,1875.0000000000002
2018-01-16,1987.4999999999998
2018-01-17,2087.5000000000005
2018-01-18,2162.5000000000005
2018-01-19,2062.5
2018-01-20,2225.000000000001
2018-01-21,2337.500000000001
2018-01-22,2087.5000000000005
2018-01-23,2212.500000000001
2018-01-24,2199.9999999999995
2018-01-25,1975.0
2018-01-26,1937.4999999999998
2018-01-27,1962.5000000000007
2018-01-28,1975.0000000000002
2018-01-29,1849.9999999999998
2018-01-30,2087.5
2018-01-31,1462.4999999999998
2018-02-01,2000.0000000000005
2018-02-02,2100.000000000001
2018-02-03,1975.0000000000002
2018-02-04,2225.0
2018-02-05,2312.5
2018-02-06,2125.0000000000005
2018-02-07,1762.4999999999998
2018-02-08,1637.5
2018-02-09,1687.4999999999995
2018-02-10,1787.4999999999998
2018-02-11,1887.5000000000002
2018-02-12,2075.0
2018-02-13,2050.0
2018-02-14,2237.5
2018-02-15,1637.5
2018-02-16,1962.5000000000002
2018-02-17,1862.5000000000005
2018-02-18,2025.0000000000005
2018-02-19,2025.000000000001
2018-02-20,1762.4999999999995
2018-02-21,2112.4999999999995
2018-02-22,1862.4999999999998
2018-02-23,1849.9999999999993
2018-02-24,1812.4999999999998
2018-02-25,2137.5
2018-02-26,1762.5000000000005
2018-02-27,1999.9999999999998
2018-02-28,1937.4999999999993
2018-03-01,2062.5
2018-03-02,1949.9999999999998
2018-03-03,2250.0
2018-03-04,1849.9999999999998
2018-03-05,1862.4999999999998
2018-03-06,1949.9999999999995
2018-03-07,1962.5
2018-03-08,2024.9999999999993
2018-03-09,1825.0000000000007
2018-03-10,1750.0000000000002
2018-03-11,1912.5000000000002
2018-03-12,2012.4999999999998
2018-03-13,1975.0
2018-03-14,1800.0000000000005
2018-03-15,1800.0000000000002
2018-03-16,1949.9999999999998
2018-03-17,1862.4999999999995
2018-03-18,1887.5000000000002
2018-03-19,1937.5
2018-03-20,1587.5000000000002
2018-03-21,1900.0
2018-03-22,1787.5000000000005
2018-03-23,1662.5000000000005
2018-03-24,1949.9999999999998
2018-03-25,1687.4999999999998
2018-03-26,1875.0000000000002
2018-03-27,1899.9999999999995
2018-03-28,1687.5000000000002
2018-03-29,1900.0
2018-03-30,2025.0000000000002
2018-03-31,1600.0
2018-04-01,2025.0
2018-04-02,1950.0000000000005
2018-04-03,2037.5
2018-04-04,1837.4999999999998
2018-04-05,1949.9999999999998
2018-04-06,1725.0
2018-04-07,2249.9999999999995
2018-04-08,2012.5000000000005
2018-04-09,1837.4999999999995
2018-04-10,2050.0
2018-04-11,2012.5
2018-04-12,1925.0
2018-04-13,2062.5
2018-04-14,1712.5
2018-04-15,2037.5000000000005
2018-04-16,1762.5000000000005
2018-04-17,2025.0
2018-04-18,2000.0000000000002
2018-04-19,2224.9999999999995
2018-04-20,1712.5
2018-04-21,1987.5000000000002
2018-04-22,1999.9999999999995
2018-04-23,1912.5000000000002
2018-04-24,1987.5000000000005
2018-04-25,1537.5000000000002
2018-04-26,1762.5000000000005
2018-04-27,1775.0000000000005
2018-04-28,1600.0000000000005
2018-04-29,1975.0
2018-04-30,1937.5
2018-05-01,1975.0
2018-05-02,1750.0000000000002
2018-05-03,1887.5000000000002
2018-05-04,1725.0000000000005
2018-05-05,2012.5000000000002
2018-05-06,1712.4999999999995
2018-05-07,1874.9999999999998
2018-05-08,1737.5
2018-05-09,2000.0000000000002
2018-05-10,1925.0
2018-05-11,1587.4999999999998
2018-05-12,2062.5
2018-05-13,1850.0
2018-05-14,1649.9999999999995
2018-05-15,1824.9999999999995
2018-05-16,2237.5
2018-05-17,1649.9999999999998
2018-05-18,1850.0
2018-05-19,1925.0000000000005
2018-05-20,1800.0
2018-05-21,1962.4999999999995
2018-05-22,1887.5
2018-05-23,2025.0000000000002
2018-05-24,1787.5000000000002
2018-05-25,2200.0
2018-05-26,2025.0
2018-05-27,2050.0
2018-05-28,1950.0000000000002
2018-05-29,1737.5000000000002
2018-05-30,2175.0
2018-05-31,2125.0
2018-06-01,2075.0
2018-06-02,1900.0000000000002
2018-06-03,2037.5000000000002
2018-06-04,2287.5
2018-06-05,2187.5
2018-06-06,1837.4999999999998
2018-06-07,1787.4999999999995
2018-06-08,1806.2500000000002
2018-06-09,1787.4999999999995
2018-06-10,1587.5000000000002
2018-06-11,1749.9999999999995
2018-06-12,1812.4999999999998
2018-06-13,1787.5
2018-06-14,1912.5
2018-06-15,1912.5000000000002
2018-06-16,2075.0
2018-06-17,1962.4999999999998
2018-06-18,2050.0
2018-06-19,1937.500000000001
2018-06-20,1937.5000000000002
2018-06-21,2125.0000000000005
2018-06-22,1887.5000000000002
2018-06-23,1999.9999999999995
2018-06-24,2137.4999999999995
2018-06-25,1962.4999999999995
2018-06-26,1825.0
2018-06-27,1512.4999999999998
2018-06-28,1962.5
2018-06-29,1887.5
2018-06-30,1762.5
2018-07-01,1837.5
2018-07-02,1762.5
2018-07-03,1449.9999999999998
2018-07-04,1675.0000000000005
2018-07-05,1712.5000000000002
2018-07-06,1999.9999999999995
2018-07-07,1949.9999999999995
2018-07-08,1974.9999999999998
2018-07-09,1700.0000000000007
2018-07-10,1862.4999999999995
2018-07-11,1687.5000000000005
2018-07-12,1762.4999999999998
2018-07-13,1787.5
2018-07-14,1662.5
2018-07-15,1662.5
2018-07-16,1500.0
2018-07-17,1987.4999999999995
2018-07-18,2174.9999999999995
2018-07-19,2137.4999999999995
2018-07-20,1925.0000000000005
2018-07-21,1712.5000000000002
2018-07-22,2275.0000000000005
2018-07-23,2074.9999999999995
2018-07-24,1987.5
2018-07-25,2212.5000000000005
2018-07-26,2062.5
2018-07-27,2087.5000000000005
2018-07-28,1812.5
2018-07-29,2125.0
2018-07-30,1675.0000000000002
2018-07-31,1837.4999999999995
2018-08-01,1875.0
2018-08-02,1912.5
2018-08-03,2075.0
2018-08-04,2200.0000000000005
2018-08-05,2000.0000000000002
2018-08-06,1637.4999999999995
2018-08-07,1887.5000000000002
2018-08-08,1962.5000000000005
2018-08-09,1862.5
2018-08-10,2200.0
2018-08-11,2125.0000000000005
2018-08-12,1937.5000000000005
2018-08-13,1875.0000000000002
2018-08-14,1700.0
2018-08-15,2012.4999999999998
2018-08-16,1974.9999999999998
2018-08-17,1899.9999999999995
2018-08-18,2000.0000000000002
2018-08-19,1812.5000000000002
2018-08-20,1874.9999999999998
2018-08-21,1850.0
2018-08-22,2000.0000000000002
2018-08-23,1862.5000000000007
2018-08-24,1825.0
2018-08-25,1687.5000000000005
2018-08-26,2162.500000000001
2018-08-27,2312.5
2018-08-28,1912.5
2018-08-29,1737.5
2018-08-30,1924.9999999999995
2018-08-31,1937.5000000000002
2018-09-01,1887.5000000000005
2018-09-02,1800.0
2018-09-03,1799.9999999999998
2018-09-04,1575.0
2018-09-05,1649.9999999999998
2018-09-06,1875.0
2018-09-07,1899.9999999999998
2018-09-08,1875.0
2018-09-09,2037.5
2018-09-10,1687.5
2018-09-11,1762.4999999999995
2018-09-12,2099.999999999999
2018-09-13,1849.9999999999995
2018-09-14,1650.0000000000002
2018-09-15,1750.0000000000002
2018-09-16,1737.5
2018-09-17,1687.4999999999998
2018-09-18,1775.0
2018-09-19,1950.0000000000005
2018-09-20,1925.0
2018-09-21,1800.0000000000005
2018-09-22,1937.5000000000002
2018-09-23,1875.0000000000005
2018-09-24,1850.0000000000005
2018-09-25,2112.5
2018-09-26,1737.5
2018-09-27,1787.5
2018-09-28,1924.9999999999995
2018-09-29,1899.9999999999995
2018-09-30,2037.5000000000002
2018-10-01,1974.9999999999998
2018-10-02,1712.5000000000005
2018-10-03,1812.4999999999995
2018-10-04,1875.0
2018-10-05,1625.0000000000002
2018-10-06,1562.4999999999998
2018-10-07,1775.0000000000002
2018-10-08,1687.5000000000002
2018-10-09,1625.0000000000005
2018-10-10,1800.0
2018-10-11,1987.4999999999995
2018-10-12,1650.0000000000002
2018-10-13,1762.5
2018-10-14,1424.9999999999995
2018-10-15,2025.0000000000005
2018-10-16,1687.4999999999998
2018-10-17,1724.9999999999995
2018-10-18,1725.0
2018-10-19,1775.0000000000002
2018-10-20,1787.4999999999998
2018-10-21,1724.9999999999998
2018-10-22,1937.5
2018-10-23,1925.0
2018-10-24,1412.4999999999995
2018-10-25,1712.5000000000002
2018-10-26,1787.5000000000005
2018-10-27,1700.0000000000002
2018-10-28,1750.0000000000005
2018-10-29,1824.9999999999995
2018-10-30,1925.0000000000005
2018-10-31,2037.4999999999998
2018-11-01,1925.0000000000002
2018-11-02,1787.5
2018-11-03,2012.5
2018-11-04,1537.5000000000002
2018-11-05,1800.0
2018-11-06,1600.0
2018-11-07,1625.0000000000002
2018-11-08,1512.5000000000005
2018-11-09,1587.4999999999995
2018-11-10,1637.5
2018-11-11,1825.0
2018-11-12,1749.9999999999995
2018-11-13,1499.9999999999995
2018-11-14,1687.5000000000002
2018-11-15,1587.5
2018-11-16,1575.0
2018-11-17,1812.5
2018-11-18,1537.4999999999995
2018-11-19,1575.0
2018-11-20,1650.0
2018-11-21,1312.5
2018-11-22,1524.9999999999995
2018-11-23,1562.5
2018-11-24,1787.4999999999995
2018-11-25,1587.5
2018-11-26,1387.5000000000002
2018-11-27,1637.5
2018-11-28,1474.9999999999995
2018-11-29,1312.5
2018-11-30,1262.5
2018-12-01,1550.0
2018-12-02,1425.0000000000002
2018-12-03,1425.0000000000005
2018-12-04,1724.9999999999998
2018-12-05,1624.9999999999998
2018-12-06,1687.5
2018-12-07,1425.0
2018-12-08,1587.4999999999993
2018-12-09,1600.0
2018-12-10,1550.0
2018-12-11,1562.5
2018-12-12,1500.0
2018-12-13,1637.5000000000005
2018-12-14,1825.0
2018-12-15,1862.5000000000005
2018-12-16,1437.5000000000002
2018-12-17,1999.9999999999995
2018-12-18,1599.9999999999995
2018-12-19,1862.5000000000005
2018-12-20,1687.4999999999998
2018-12-21,1749.9999999999995
2018-12-22,2187.5
2018-12-23,2200.0
2018-12-24,1900.0000000000002
2018-12-25,1987.4999999999995
2018-12-26,1962.5000000000005
2018-12-27,2175.0
2018-12-28,2087.4999999999995
2018-12-29,1725.0000000000002
2018-12-30,2200.0
2018-12-31,1937.5
2019-01-01,1862.4999999999995
2019-01-02,1887.5000000000005
2019-01-03,1937.5
2019-01-04,1862.5
2019-01-05,2037.5
2019-01-06,1762.4999999999995
2019-01-07,1762.4999999999998
2019-01-08,2112.4999999999995
2019-01-09,2050.0
2019-01-10,1950.0000000000005
2019-01-11,1850.0000000000002
2019-01-12,1725.0000000000005
2019-01-13,1712.4999999999998
2019-01-14,1862.4999999999998
2019-01-15,1649.9999999999995
2019-01-16,1662.5000000000005
2019-01-17,1587.5000000000002
2019-01-18,1725.0
2019-01-19,1662.5
2019-01-20,1962.4999999999998
2019-01-21,1874.9999999999998
2019-01-22,1625.0
2019-01-23,1825.0000000000005
2019-01-24,2025.0000000000002
2019-01-25,1724.9999999999998
2019-01-26,1874.9999999999995
2019-01-27,1712.5
2019-01-28,1812.5
2019-01-29,1825.0
2019-01-30,1699.9999999999998
2019-01-31,1937.5000000000002
2019-02-01,1975.0
2019-02-02,1800.0
2019-02-03,1725.0000000000005
2019-02-04,1837.5000000000002
2019-02-05,1837.5
2019-02-06,2050.0
2019-02-07,2175.0
2019-02-08,2037.5
2019-02-09,1874.9999999999993
2019-02-10,1750.0000000000005
2019-02-11,1812.5000000000002
2019-02-12,1600.0
2019-02-13,1912.5000000000005
2019-02-14,1762.5
2019-02-15,1587.5000000000005
2019-02-16,1875.0
2019-02-17,1987.5
2019-02-18,1937.5000000000005
2019-02-19,1950.0
2019-02-20,1625.0
2019-02-21,1487.5
2019-02-22,2025.0
2019-02-23,1787.4999999999995
2019-02-24,1712.4999999999998
2019-02-25,1787.5
2019-02-26,2012.5000000000005
2019-02-27,1762.4999999999995
2019-02-28,1875.0
2019-03-01,2025.0000000000005
2019-03-02,1650.0000000000002
2019-03-03,1825.0000000000005
2019-03-04,1712.5000000000005
2019-03-05,1862.5
2019-03-06,1599.9999999999998
2019-03-07,1775.0
2019-03-08,1825.0000000000002
2019-03-09,1725.0
2019-03-10,1700.0
2019-03-11,1775.0000000000005
2019-03-12,1787.5
2019-03-13,1687.4999999999998
2019-03-14,1937.5000000000002
2019-03-15,1912.5
2019-03-16,2037.5000000000002
2019-03-17,1825.0
2019-03-18,2012.5
2019-03-19,2175.0000000000005
2019-03-20,2012.5
2019-03-21,1787.5
2019-03-22,2012.5
2019-03-23,1812.5000000000002
2019-03-24,1875.0
2019-03-25,1850.0000000000002
2019-03-26,1675.0
2019-03-27,1862.5
2019-03-28,1824.9999999999998
2019-03-29,1837.4999999999995
2019-03-30,1737.5000000000005
2019-03-31,1737.4999999999998
2019-04-01,1699.9999999999998
2019-04-02,1962.5
2019-04-03,1774.9999999999998
2019-04-04,1750.0
2019-04-05,1975.0
2019-04-06,1737.4999999999998
2019-04-07,1762.5
2019-04-08,1850.0
2019-04-09,1650.0000000000005
2019-04-10,1850.0
2019-04-11,1962.4999999999995
2019-04-12,1887.5
2019-04-13,1687.5000000000002
2019-04-14,1525.0
2019-04-15,1812.5
2019-04-16,1812.4999999999995
2019-04-17,1725.0
2019-04-18,1862.5
2019-04-19,1900.0
2019-04-20,1637.4999999999995
2019-04-21,2025.0000000000005
2019-04-22,1674.9999999999993
2019-04-23,1450.0
2019-04-24,2037.5
2019-04-25,1787.4999999999998
2019-04-26,1887.5
2019-04-27,1712.5000000000002
2019-04-28,2037.4999999999998
2019-04-29,2037.4999999999998
2019-04-30,1750.0
2019-05-01,2137.5
2019-05-02,2300.0000000000005
2019-05-03,1900.0000000000002
2019-05-04,1650.0000000000002
2019-05-05,1612.4999999999998
2019-05-06,1887.5000000000002
2019-05-07,1587.5
2019-05-08,1899.9999999999995
2019-05-09,1875.0
2019-05-10,1562.4999999999995
2019-05-11,1625.0000000000005
2019-05-12,1975.0000000000005
2019-05-13,2087.5
2019-05-14,1900.0
2019-05-15,1862.5
2019-05-16,1825.0
2019-05-17,1887.5
2019-05-18,1912.5000000000005
2019-05-19,2037.5
2019-05-20,2012.5000000000002
2019-05-21,1912.5
2019-05-22,2087.5
2019-05-23,1975.0
2019-05-24,1912.5000000000005
2019-05-25,1750.0000000000002
2019-05-26,2062.4999999999995
2019-05-27,2087.5
2019-05-28,2050.0
2019-05-29,2175.0
2019-05-30,2000.0
2019-05-31,1462.5
2019-06-01,1887.5
2019-06-02,1637.5
2019-06-03,1487.5
2019-06-04,1924.9999999999995
2019-06-05,2000.0
2019-06-06,1962.4999999999998
2019-06-07,1975.0
2019-06-08,1550.0
2019-06-09,1837.5
2019-06-10,1962.5000000000002
2019-06-11,1787.4999999999995
2019-06-12,1637.5
2019-06-13,1887.5
2019-06-14,2112.4999999999995
2019-06-15,1825.0
2019-06-16,1625.0
2019-06-17,1662.5
2019-06-18,2037.5
2019-06-19,2212.5
2019-06-20,1800.0000000000002
2019-06-21,1662.5
2019-06-22,1762.5
2019-06-23,2262.5
2019-06-24,2212.5
2019-06-25,1824.9999999999998
2019-06-26,2062.5
2019-06-27,1775.0
2019-06-28,2037.4999999999998
2019-06-29,2175.0
2019-06-30,1900.0
2019-07-01,1787.4999999999995
2019-07-02,1974.9999999999995
2019-07-03,2150.0000000000005
2019-07-04,2087.5
2019-07-05,2362.5000000000005
2019-07-06,2225.0
2019-07-07,1912.5
2019-07-08,2225.0
2019-07-09,1925.0
2019-07-10,1612.5
2019-07-11,1612.5
2019-07-12,2050.0
2019-07-13,1762.5000000000005
2019-07-14,1812.5
2019-07-15,1825.0
2019-07-16,2025.0000000000002
2019-07-17,1662.5
2019-07-18,1512.5000000000002
2019-07-19,1475.0000000000005
2019-07-20,2212.5
2019-07-21,1862.5
2019-07-22,1975.0
2019-07-23,1787.5
2019-07-24,1737.5
2019-07-25,1875.0
2019-07-26,2075.0
2019-07-27,1900.0
2019-07-28,2187.5
2019-07-29,2100.0
2019-07-30,1775.0
2019-07-31,2137.4999999999995
2019-08-01,1775.0
2019-08-02,2112.5
2019-08-03,2162.5
2019-08-04,2087.5
2019-08-05,1787.5
2019-08-06,2012.5
2019-08-07,1912.5
2019-08-08,1775.0
2019-08-09,1837.5
2019-08-10,1887.5
2019-08-11,1912.5
2019-08-12,1662.5
2019-08-13,1962.5
2019-08-14,1900.0
2019-08-15,1962.5
2019-08-16,1837.5
2019-08-17,1600.0
2019-08-18,1575.0
2019-08-19,2037.5
2019-08-20,1912.5
2019-08-21,1700.0
2019-08-22,1762.5
2019-08-23,1912.5
2019-08-24,2000.0
2019-08-25,1937.5
2019-08-26,1712.5
2019-08-27,1687.5
2019-08-28,1887.5
2019-08-29,2062.5
2019-08-30,2000.0
2019-08-31,2075.0
2019-09-01,1787.5
2019-09-02,1862.5
2019-09-03,2050.0
2019-09-04,1700.0
2019-09-05,2062.5
2019-09-06,1975.0
2019-09-07,1875.0
2019-09-08,2212.5
2019-09-09,1825.0
2019-09-10,2275.0
2019-09-11,2300.0
2019-09-12,1975.0
2019-09-13,1875.0
2019-09-14,1937.5
2019-09-15,1837.5
2019-09-16,2037.5
2019-09-17,1850.0
2019-09-18,2175.0
2019-09-19,1850.0
2019-09-20,1887.5
2019-09-21,2075.0
2019-09-22,2075.0
2019-09-23,1425.0
2019-09-24,1962.5
2019-09-25,1950.0
2019-09-26,2137.5
2019-09-27,1650.0
2019-09-28,1987.5
2019-09-29,1700.0
2019-09-30,1625.0
2019-10-01,1787.5
2019-10-02,1850.0
2019-10-03,1837.5
2019-10-04,1837.5
2019-10-05,1975.0
2019-10-06,1862.5
2019-10-07,1937.5
2019-10-08,2025.0
2019-10-09,1725.0
2019-10-10,2025.0
2019-10-11,1950.0
2019-10-12,1662.5
2019-10-13,1775.0
2019-10-14,1687.5
2019-10-15,1912.5
2019-10-16,1787.5
2019-10-17,1875.0
2019-10-18,2000.0
2019-10-19,1775.0
2019-10-20,1825.0
2019-10-21,1987.4999999999995
2019-10-22,2112.5
2019-10-23,2100.0
2019-10-24,1662.5
2019-10-25,1725.0
2019-10-26,1750.0
2019-10-27,1437.5
2019-10-28,1675.0
2019-10-29,1662.5
2019-10-30,1675.0
2019-10-31,1650.0
2019-11-01,1625.0
2019-11-02,1675.0
2019-11-03,1725.0
2019-11-04,1650.0
2019-11-05,1800.0
2019-11-06,1650.0
2019-11-07,1687.5
2019-11-08,1600.0
2019-11-09,1800.0
2019-11-10,2075.0
2019-11-11,1887.5
2019-11-12,1687.5
2019-11-13,1687.5
2019-11-14,2112.5
2019-11-15,1975.0
2019-11-16,1850.0
2019-11-17,1925.0
2019-11-18,1750.0
2019-11-19,1837.5
2019-11-20,1775.0
2019-11-21,1712.5
2019-11-22,1650.0
2019-11-23,2162.5
2019-11-24,1637.5
2019-11-25,1562.5
2019-11-26,1525.0
2019-11-27,1737.5
2019-11-28,2037.5
2019-11-29,1700.0
2019-11-30,1575.0
2019-12-01,1737.5
2019-12-02,1812.5
2019-12-03,1975.0
2019-12-04,2087.5
2019-12-05,1812.5
2019-12-06,1812.5
2019-12-07,1937.5
2019-12-08,1850.0
2019-12-09,1850.0
2019-12-10,1850.0
2019-12-11,1650.0
2019-12-12,1662.5
2019-12-13,1900.0
2019-12-14,1887.5
2019-12-15,1550.0
2019-12-16,1962.5
2019-12-17,1762.5
2019-12-18,1675.0
2019-12-19,1962.5
2019-12-20,1950.0
2019-12-21,2200.0
2019-12-22,2112.5
2019-12-23,1787.5
2019-12-24,1562.5
2019-12-25,1600.0
2019-12-26,2087.5
2019-12-27,1812.5
2019-12-28,1862.5
2019-12-29,1937.5
2019-12-30,2075.0
2019-12-31,1812.5
2020-01-01,2175.0
2020-01-02,1762.5
2020-01-03,2112.5
2020-01-04,2100.0
2020-01-05,2037.5
2020-01-06,1687.5
2020-01-07,2200.0
2020-01-08,1775.0
2020-01-09,1962.5
2020-01-10,1862.5
2020-01-11,2037.5
2020-01-12,1887.5
2020-01-13,1787.5
2020-01-14,1812.5
2020-01-15,1887.5
2020-01-16,1987.5
2020-01-17,1987.5
2020-01-18,1650.0
2020-01-19,1875.0
2020-01-20,1900.0
2020-01-21,1912.5
2020-01-22,1950.0
2020-01-23,1987.5
2020-01-24,1900.0
2020-01-25,2050.0
2020-01-26,1787.5
2020-01-27,1612.5
2020-01-28,1775.0
2020-01-29,2000.0
2020-01-30,1950.0
2020-01-31,1800.0
2020-02-01,1887.5
2020-02-02,1787.5
2020-02-03,1850.0
2020-02-04,1650.0
2020-02-05,1987.5
2020-02-06,1687.5
2020-02-07,1737.5
2020-02-08,1737.5
2020-02-09,1912.5
2020-02-10,1525.0
2020-02-11,1850.0
2020-02-12,1775.0
2020-02-13,1762.5
2020-02-14,1687.5
2020-02-15,1775.0
2020-02-16,1775.0
2020-02-17,1962.5
2020-02-18,1875.0
2020-02-19,1762.5
2020-02-20,1575.0
2020-02-21,1925.0
2020-02-22,1850.0
2020-02-23,1775.0
2020-02-24,1762.5
2020-02-25,1800.0
2020-02-26,1700.0
2020-02-27,1837.5
2020-02-28,1975.0
2020-02-29,1737.5
2020-03-01,2212.5
2020-03-02,1862.5
2020-03-03,1912.5
2020-03-04,2087.5
2020-03-05,2037.5
2020-03-06,1937.5
2020-03-07,1962.5
2020-03-08,1975.0
2020-03-09,1875.0
2020-03-10,1650.0000000000002
2020-03-11,1487.5
2020-03-12,1887.5
2020-03-13,1562.5
2020-03-14,1600.0
2020-03-15,1487.5
2020-03-16,1487.5
2020-03-17,1537.5
2020-03-18,1250.0
2020-03-19,1337.5
2020-03-20,1362.5
2020-03-21,1550.0
2020-03-22,1587.5
2020-03-23,1400.0
2020-03-24,1650.0
2020-03-25,1150.0
2020-03-26,2000.0
2020-03-27,1937.5
2020-03-28,1687.5
2020-03-29,1887.5
2020-03-30,1837.5
2020-03-31,1987.5
2020-04-01,1912.5
2020-04-02,1912.5
2020-04-03,1650.0
2020-04-04,1962.5
2020-04-05,2187.5
2020-04-06,1600.0
2020-04-07,2100.0
2020-04-08,1800.0
2020-04-09,1925.0
2020-04-10,2037.5
2020-04-11,1987.5
2020-04-12,1912.5
2020-04-13,2137.5
2020-04-14,2100.0
2020-04-15,2112.5
2020-04-16,1925.0
2020-04-17,1587.5
2020-04-18,1975.0
2020-04-19,1900.0
2020-04-20,2012.5
2020-04-21,1862.5
2020-04-22,1637.5
2020-04-23,1775.0
2020-04-24,1800.0
2020-04-25,1700.0
2020-04-26,1712.5
2020-04-27,1762.5
2020-04-28,1925.0
2020-04-29,1812.5
2020-04-30,1687.5
2020-05-01,1762.5
2020-05-02,1850.0
2020-05-03,2100.0
2020-05-04,1975.0
2020-05-05,1975.0
2020-05-06,1925.0
2020-05-07,1837.5
2020-05-08,1712.5
2020-05-09,1700.0
2020-05-10,2125.0
2020-05-11,1812.5
2020-05-12,912.5
2020-05-13,743.75
2020-05-14,712.5
2020-05-15,781.25
2020-05-16,787.5
2020-05-17,637.5
2020-05-18,800.0
2020-05-19,718.75
2020-05-20,718.75
2020-05-21,818.75
2020-05-22,693.75
2020-05-23,743.75
2020-05-24,725.0
2020-05-25,781.25
2020-05-26,775.0
2020-05-27,862.5
2020-05-28,818.75
2020-05-29,793.75
2020-05-30,975.0
2020-05-31,937.5
2020-06-01,837.5
2020-06-02,806.25
2020-06-03,868.75
2020-06-04,943.75
2020-06-05,1118.75
2020-06-06,1225.0
2020-06-07,993.75
2020-06-08,1012.5
2020-06-09,1000.0
2020-06-10,1025.0
2020-06-11,1156.25
2020-06-12,1018.75
2020-06-13,987.5
2020-06-14,1062.5
2020-06-15,862.5
2020-06-16,937.5
2020-06-17,862.5
2020-06-18,768.75
2020-06-19,893.75
2020-06-20,856.25
2020-06-21,912.5
2020-06-22,893.75
2020-06-23,987.5
2020-06-24,868.75
2020-06-25,881.25
2020-06-26,1025.0
2020-06-27,862.5
2020-06-28,937.5
2020-06-29,906.25
2020-06-30,918.75
2020-07-01,1012.5
2020-07-02,1025.0
2020-07-03,1018.75
2020-07-04,981.25
2020-07-05,1018.75
2020-07-06,962.5
2020-07-07,1006.25
2020-07-08,943.75
2020-07-09,1025.0
2020-07-10,1006.25
2020-07-11,975.0
2020-07-12,950.0
2020-07-13,918.75
2020-07-14,900.0
2020-07-15,862.5
2020-07-16,850.0
2020-07-17,737.5
2020-07-18,812.5
2020-07-19,818.75
2020-07-20,881.25
2020-07-21,781.25
2020-07-22,900.0
2020-07-23,850.0
2020-07-24,1006.25
2020-07-25,887.5
2020-07-26,987.5
2020-07-27,931.25
2020-07-28,906.25
2020-07-29,925.0
2020-07-30,843.75
2020-07-31,956.25
2020-08-01,856.25
2020-08-02,881.25
2020-08-03,1012.5
2020-08-04,906.25
2020-08-05,806.25
2020-08-06,975.0
2020-08-07,950.0
2020-08-08,887.5
2020-08-09,975.0
2020-08-10,856.25
2020-08-11,962.5
2020-08-12,981.25
2020-08-13,918.75
2020-08-14,1043.75
2020-08-15,975.0
2020-08-16,950.0
2020-08-17,781.25
2020-08-18,875.0
2020-08-19,862.5
2020-08-20,912.5
2020-08-21,968.75
2020-08-22,850.0
2020-08-23,981.25
2020-08-24,931.25
2020-08-25,800.0
2020-08-26,887.5
2020-08-27,806.25
2020-08-28,1018.75
2020-08-29,912.5
2020-08-30,793.75
2020-08-31,937.5
2020-09-01,962.5
2020-09-02,900.0
2020-09-03,806.25
2020-09-04,843.75
2020-09-05,881.25
2020-09-06,937.5
2020-09-07,1093.75
2020-09-08,968.75
2020-09-09,931.25
2020-09-10,987.5
2020-09-11,862.5
2020-09-12,1062.5
2020-09-13,1012.5
2020-09-14,1100.0
2020-09-15,975.0
2020-09-16,968.75
2020-09-17,1112.5
2020-09-18,1031.25
2020-09-19,931.25
2020-09-20,887.5
2020-09-21,906.25
2020-09-22,806.25
2020-09-23,887.5
2020-09-24,856.25
2020-09-25,1056.25
2020-09-26,937.5
2020-09-27,950.0
2020-09-28,806.25
2020-09-29,881.25
2020-09-30,975.0
2020-10-01,775.0
2020-10-02,850.0
2020-10-03,943.75
2020-10-04,987.5
2020-10-05,875.0
2020-10-06,812.5
2020-10-07,943.75
2020-10-08,1012.5
2020-10-09,887.5
2020-10-10,893.75
2020-10-11,875.0
2020-10-12,931.25
2020-10-13,1037.5
2020-10-14,931.25
2020-10-15,943.75
2020-10-16,968.75
2020-10-17,981.25
2020-10-18,750.0
2020-10-19,781.25
2020-10-20,900.0
2020-10-21,812.5
2020-10-22,856.25
2020-10-23,818.75
2020-10-24,950.0
2020-10-25,731.25
2020-10-26,687.5
2020-10-27,618.75
2020-10-28,625.0
2020-10-29,675.0
2020-10-30,693.75
2020-10-31,706.25
2020-11-01,781.25
2020-11-02,593.75
2020-11-03,875.0
2020-11-04,993.75
2020-11-05,918.75
2020-11-06,956.25
2020-11-07,912.5
2020-11-08,862.5
2020-11-09,1156.25
2020-11-10,918.75
2020-11-11,918.75
2020-11-12,1000.0
2020-11-13,868.75
2020-11-14,887.5
2020-11-15,937.5
2020-11-16,1000.0
2020-11-17,981.25
2020-11-18,1056.25
2020-11-19,856.25
2020-11-20,1050.0
2020-11-21,1056.25
2020-11-22,1087.5
2020-11-23,918.75
2020-11-24,850.0
2020-11-25,968.75
2020-11-26,937.5
2020-11-27,962.5
2020-11-28,962.5
2020-11-29,937.5
2020-11-30,706.25
2020-12-01,950.0
2020-12-02,818.75
2020-12-03,981.25
2020-12-04,900.0
2020-12-05,900.0
2020-12-06,850.0
2020-12-07,937.5
2020-12-08,900.0
2020-12-09,868.75
2020-12-10,812.5
2020-12-11,862.5
2020-12-12,825.0
2020-12-13,975.0
2020-12-14,906.25
2020-12-15,875.0
2020-12-16,893.75
2020-12-17,806.25
2020-12-18,981.25
2020-12-19,987.5
2020-12-20,943.75
2020-12-21,850.0
2020-12-22,893.75
2020-12-23,962.5
2020-12-24,787.5
2020-12-25,900.0
2020-12-26,856.25
2020-12-27,925.0
2020-12-28,1000.0
2020-12-29,950.0
2020-12-30,1075.0
2020-12-31,1037.5
2021-01-01,931.25
2021-01-02,943.75
2021-01-03,987.5
2021-01-04,1081.25
2021-01-05,981.25
2021-01-06,1106.25
2021-01-07,1050.0
2021-01-08,925.0
2021-01-09,868.75
2021-01-10,993.75
2021-01-11,962.5
2021-01-12,925.0
2021-01-13,950.0
2021-01-14,918.75
2021-01-15,968.75
2021-01-16,918.75
2021-01-17,831.25
2021-01-18,906.25
2021-01-19,931.25
2021-01-20,881.25
2021-01-21,806.25
2021-01-22,881.25
2021-01-23,975.0
2021-01-24,868.75
2021-01-25,875.0
2021-01-26,1006.25
2021-01-27,887.5
2021-01-28,906.25
2021-01-29,950.0
2021-01-30,850.0
2021-01-31,900.0
2021-02-01,743.75
2021-02-02,956.25
2021-02-03,937.5
2021-02-04,1000.0
2021-02-05,1056.25
2021-02-06,993.75
2021-02-07,975.0
2021-02-08,1012.5
2021-02-09,893.75
2021-02-10,893.75
2021-02-11,806.25
2021-02-12,887.5
2021-02-13,981.25
2021-02-14,925.0
2021-02-15,950.0
2021-02-16,756.25
2021-02-17,862.5
2021-02-18,856.25
2021-02-19,956.25
2021-02-20,912.5
2021-02-21,881.25
2021-02-22,831.25
2021-02-23,793.75
2021-02-24,993.75
2021-02-25,975.0
2021-02-26,868.75
2021-02-27,981.25
2021-02-28,818.75
2021-03-01,812.5
2021-03-02,893.75
2021-03-03,950.0
2021-03-04,800.0
2021-03-05,931.25
2021-03-06,950.0
2021-03-07,912.5
2021-03-08,968.75
2021-03-09,875.0
2021-03-10,931.25
2021-03-11,825.0
2021-03-12,937.5
2021-03-13,893.75
2021-03-14,981.25
2021-03-15,925.0
2021-03-16,931.25
2021-03-17,850.0
2021-03-18,950.0
2021-03-19,925.0
2021-03-20,962.5
2021-03-21,975.0
2021-03-22,943.75
2021-03-23,1006.25
2021-03-24,950.0
2021-03-25,962.5
2021-03-26,850.0
2021-03-27,993.75
2021-03-28,993.75
2021-03-29,943.75
2021-03-30,912.5
2021-03-31,981.25
2021-04-01,906.25
2021-04-02,875.0
2021-04-03,818.75
2021-04-04,912.5
2021-04-05,975.0
2021-04-06,900.0
2021-04-07,981.25
2021-04-08,837.5
2021-04-09,950.0
2021-04-10,981.25
2021-04-11,906.25
2021-04-12,900.0
2021-04-13,887.5
2021-04-14,843.75
2021-04-15,1075.0
2021-04-16,643.75
2021-04-17,568.75
2021-04-18,775.0
2021-04-19,606.25
2021-04-20,800.0
2021-04-21,631.25
2021-04-22,893.75
2021-04-23,843.75
2021-04-24,906.25
2021-04-25,881.25
2021-04-26,712.5
2021-04-27,887.5
2021-04-28,887.5
2021-04-29,762.5
2021-04-30,906.25
2021-05-01,868.75
2021-05-02,1156.25
2021-05-03,1106.25
2021-05-04,1131.25
2021-05-05,981.25
2021-05-06,1062.5
2021-05-07,1075.0
2021-05-08,1068.75
2021-05-09,1162.5
2021-05-10,1125.0
2021-05-11,1075.0
2021-05-12,1075.0
2021-05-13,1006.25
2021-05-14,837.5
2021-05-15,768.75
2021-05-16,825.0
2021-05-17,756.25
2021-05-18,625.0
2021-05-19,781.25
2021-05-20,700.0
2021-05-21,687.5
2021-05-22,725.0
2021-05-23,743.75
2021-05-24,787.5
2021-05-25,768.75
2021-05-26,762.5
2021-05-27,731.25
2021-05-28,743.75
2021-05-29,725.0
2021-05-30,900.0
2021-05-31,881.25
2021-06-01,887.5
2021-06-02,1037.5
2021-06-03,918.75
2021-06-04,818.75
2021-06-05,818.75
2021-06-06,937.5
2021-06-07,831.25
2021-06-08,931.25
2021-06-09,787.5
2021-06-10,737.5
2021-06-11,656.25
2021-06-12,825.0
2021-06-13,825.0
2021-06-14,843.75
2021-06-15,818.75
2021-06-16,768.75
2021-06-17,812.5
2021-06-18,775.0
2021-06-19,643.75
2021-06-20,656.25
2021-06-21,656.25
2021-06-22,568.75
2021-06-23,631.25
2021-06-24,656.25
2021-06-25,687.5
2021-06-26,556.25
2021-06-27,362.5
2021-06-28,550.0
2021-06-29,562.5
2021-06-30,550.0
2021-07-01,600.0
2021-07-02,562.5
2021-07-03,793.75
2021-07-04,718.75
2021-07-05,825.0
2021-07-06,887.5
2021-07-07,768.75
2021-07-08,868.75
2021-07-09,818.75
2021-07-10,1006.25
2021-07-11,781.25
2021-07-12,787.5
2021-07-13,850.0
2021-07-14,1062.5
2021-07-15,800.0
2021-07-16,937.5
2021-07-17,893.75
2021-07-18,900.0
2021-07-19,1062.5
2021-07-20,762.5
2021-07-21,906.25
2021-07-22,956.25
2021-07-23,843.75
2021-07-24,962.5
2021-07-25,956.25
2021-07-26,937.5
2021-07-27,1062.5
2021-07-28,981.25
2021-07-29,1000.0
2021-07-30,1037.5
2021-07-31,987.5
2021-08-01,962.5
2021-08-02,893.75
2021-08-03,1056.25
2021-08-04,850.0
2021-08-05,1000.0
2021-08-06,993.75
2021-08-07,1043.75
2021-08-08,987.5
2021-08-09,950.0
2021-08-10,1031.25
2021-08-11,918.75
2021-08-12,943.75
2021-08-13,887.5
2021-08-14,1025.0
2021-08-15,1137.5
2021-08-16,1006.25
2021-08-17,1075.0
2021-08-18,843.75
2021-08-19,962.5
2021-08-20,1000.0
2021-08-21,1062.5
2021-08-22,1025.0
2021-08-23,1231.25
2021-08-24,962.5
2021-08-25,1000.0
2021-08-26,912.5
2021-08-27,912.5
2021-08-28,881.25
2021-08-29,975.0
2021-08-30,843.75
2021-08-31,900.0
2021-09-01,856.25
2021-09-02,931.25
2021-09-03,925.0
2021-09-04,968.75
2021-09-05,1025.0
2021-09-06,1075.0
2021-09-07,956.25
2021-09-08,887.5
2021-09-09,856.25
2021-09-10,850.0
2021-09-11,925.0
2021-09-12,918.75
2021-09-13,993.75
2021-09-14,1050.0
2021-09-15,887.5
2021-09-16,850.0
2021-09-17,918.75
2021-09-18,968.75
2021-09-19,1000.0
2021-09-20,1025.0
2021-09-21,768.75
2021-09-22,837.5
2021-09-23,1031.25
2021-09-24,925.0
2021-09-25,900.0
2021-09-26,868.75
2021-09-27,968.75
2021-09-28,950.0
2021-09-29,812.5
2021-09-30,1068.75
2021-10-01,875.0
2021-10-02,1175.0
2021-10-03,937.5
2021-10-04,975.0
2021-10-05,1025.0
2021-10-06,818.75
2021-10-07,881.25
2021-10-08,750.0
2021-10-09,937.5
2021-10-10,993.75
2021-10-11,912.5
2021-10-12,837.5
2021-10-13,1056.25
2021-10-14,856.25
2021-10-15,881.25
2021-10-16,831.25
2021-10-17,1000.0
2021-10-18,925.0
2021-10-19,968.75
2021-10-20,931.25
2021-10-21,925.0
2021-10-22,987.5
2021-10-23,906.25
2021-10-24,956.25
2021-10-25,1137.5
2021-10-26,937.5
2021-10-27,981.25
2021-10-28,956.25
2021-10-29,1068.75
2021-10-30,968.75
2021-10-31,868.75
2021-11-01,925.0
2021-11-02,987.5
2021-11-03,1006.25
2021-11-04,893.75
2021-11-05,968.75
2021-11-06,962.5
2021-11-07,956.25
2021-11-08,843.75
2021-11-09,950.0
2021-11-10,931.25
2021-11-11,987.5
2021-11-12,887.5
2021-11-13,956.25
2021-11-14,981.25
2021-11-15,943.75
2021-11-16,937.5
2021-11-17,931.25
2021-11-18,900.0
2021-11-19,856.25
2021-11-20,906.25
2021-11-21,825.0
2021-11-22,881.25
2021-11-23,825.0
2021-11-24,981.25
2021-11-25,812.5
2021-11-26,825.0
2021-11-27,893.75
2021-11-28,868.75
2021-11-29,893.75
2021-11-30,837.5
2021-12-01,856.25
2021-12-02,968.75
2021-12-03,1050.0
2021-12-04,968.75
2021-12-05,1037.5
2021-12-06,1075.0
2021-12-07,962.5
2021-12-08,1050.0
2021-12-09,1018.75
2021-12-10,975.0
2021-12-11,943.75
2021-12-12,875.0
2021-12-13,881.25
2021-12-14,925.0
2021-12-15,881.25
2021-12-16,718.75
2021-12-17,931.25
2021-12-18,800.0
2021-12-19,931.25
2021-12-20,900.0
2021-12-21,1006.25
2021-12-22,925.0
2021-12-23,950.0
2021-12-24,943.75
2021-12-25,918.75
2021-12-26,837.5
2021-12-27,925.0
2021-12-28,837.5
2021-12-29,906.25
2021-12-30,743.75
2021-12-31,931.25
2022-01-01,1075.0
2022-01-02,987.5
2022-01-03,875.0
2022-01-04,918.75
2022-01-05,937.5
2022-01-06,912.5
2022-01-07,875.0
2022-01-08,900.0
2022-01-09,881.25
2022-01-10,887.5
2022-01-11,987.5
2022-01-12,868.75
2022-01-13,1118.75
2022-01-14,993.75
2022-01-15,1037.5
2022-01-16,1093.75
2022-01-17,1006.25
2022-01-18,850.0
2022-01-19,1081.25
2022-01-20,1056.25
2022-01-21,837.5
2022-01-22,837.5
2022-01-23,881.25
2022-01-24,937.5
2022-01-25,950.0
2022-01-26,812.5
2022-01-27,818.75
2022-01-28,962.5
2022-01-29,931.25
2022-01-30,912.5
2022-01-31,893.75
2022-02-01,962.5
2022-02-02,956.25
2022-02-03,918.75
2022-02-04,812.5
2022-02-05,743.75
2022-02-06,975.0
2022-02-07,850.0
2022-02-08,962.5
2022-02-09,875.0
2022-02-10,918.75
2022-02-11,887.5
2022-02-12,1168.75
2022-02-13,987.5
2022-02-14,956.25
2022-02-15,1093.75
2022-02-16,975.0
2022-02-17,981.25
2022-02-18,837.5
2022-02-19,931.25
2022-02-20,900.0
2022-02-21,768.75
2022-02-22,950.0
2022-02-23,937.5
2022-02-24,825.0
2022-02-25,837.5
2022-02-26,781.25
2022-02-27,850.0
2022-02-28,962.5
2022-03-01,1012.5
2022-03-02,850.0
2022-03-03,925.0
2022-03-04,868.75
2022-03-05,768.75
2022-03-06,818.75
2022-03-07,925.0
2022-03-08,925.0
2022-03-09,862.5
2022-03-10,906.25
2022-03-11,862.5
2022-03-12,975.0
2022-03-13,943.75
2022-03-14,956.25
2022-03-15,868.75
2022-03-16,968.75
2022-03-17,993.75
2022-03-18,893.75
2022-03-19,968.75
2022-03-20,962.5
2022-03-21,956.25
2022-03-22,931.25
2022-03-23,906.25
2022-03-24,893.75
2022-03-25,975.0
2022-03-26,1006.25
