t,new_addresses
2016-01-01,145528
2016-01-02,181390
2016-01-03,172920
2016-01-04,214810
2016-01-05,221131
2016-01-06,205167
2016-01-07,226692
2016-01-08,216202
2016-01-09,221115
2016-01-10,203417
2016-01-11,231149
2016-01-12,236785
2016-01-13,223170
2016-01-14,223873
2016-01-15,220897
2016-01-16,254062
2016-01-17,246802
2016-01-18,252982
2016-01-19,210731
2016-01-20,269194
2016-01-21,272176
2016-01-22,259713
2016-01-23,236432
2016-01-24,236103
2016-01-25,274372
2016-01-26,287517
2016-01-27,279207
2016-01-28,293254
2016-01-29,293274
2016-01-30,249856
2016-01-31,223724
2016-02-01,280629
2016-02-02,322860
2016-02-03,247562
2016-02-04,248311
2016-02-05,272569
2016-02-06,265518
2016-02-07,272588
2016-02-08,261544
2016-02-09,276637
2016-02-10,274343
2016-02-11,279254
2016-02-12,266698
2016-02-13,238371
2016-02-14,226306
2016-02-15,260749
2016-02-16,258485
2016-02-17,290813
2016-02-18,268864
2016-02-19,266272
2016-02-20,256778
2016-02-21,237537
2016-02-22,281800
2016-02-23,281697
2016-02-24,245855
2016-02-25,264518
2016-02-26,243175
2016-02-27,233325
2016-02-28,269344
2016-02-29,279271
2016-03-01,287568
2016-03-02,299552
2016-03-03,237411
2016-03-04,231294
2016-03-05,248257
2016-03-06,179107
2016-03-07,205091
2016-03-08,234811
2016-03-09,220717
2016-03-10,223217
2016-03-11,220422
2016-03-12,196516
2016-03-13,181385
2016-03-14,218784
2016-03-15,228028
2016-03-16,244745
2016-03-17,240987
2016-03-18,234138
2016-03-19,206161
2016-03-20,207820
2016-03-21,223171
2016-03-22,235751
2016-03-23,221312
2016-03-24,215570
2016-03-25,200694
2016-03-26,179322
2016-03-27,175069
2016-03-28,212024
2016-03-29,219340
2016-03-30,225363
2016-03-31,220148
2016-04-01,228033
2016-04-02,204903
2016-04-03,199526
2016-04-04,237721
2016-04-05,235848
2016-04-06,241663
2016-04-07,232527
2016-04-08,225591
2016-04-09,211233
2016-04-10,200421
2016-04-11,230428
2016-04-12,255528
2016-04-13,241141
2016-04-14,240589
2016-04-15,220995
2016-04-16,199902
2016-04-17,211892
2016-04-18,229748
2016-04-19,241409
2016-04-20,236507
2016-04-21,239508
2016-04-22,228679
2016-04-23,201689
2016-04-24,199886
2016-04-25,237672
2016-04-26,265262
2016-04-27,246366
2016-04-28,233167
2016-04-29,248819
2016-04-30,220758
2016-05-01,190714
2016-05-02,215762
2016-05-03,222591
2016-05-04,216958
2016-05-05,214432
2016-05-06,214989
2016-05-07,193044
2016-05-08,183364
2016-05-09,224435
2016-05-10,232138
2016-05-11,224970
2016-05-12,220272
2016-05-13,219933
2016-05-14,201211
2016-05-15,186172
2016-05-16,233618
2016-05-17,228539
2016-05-18,234722
2016-05-19,219019
2016-05-20,205104
2016-05-21,191131
2016-05-22,176868
2016-05-23,220330
2016-05-24,235069
2016-05-25,235385
2016-05-26,223188
2016-05-27,231655
2016-05-28,212858
2016-05-29,187801
2016-05-30,221349
2016-05-31,226702
2016-06-01,241984
2016-06-02,233295
2016-06-03,241706
2016-06-04,200854
2016-06-05,196131
2016-06-06,235941
2016-06-07,246021
2016-06-08,237957
2016-06-09,253173
2016-06-10,243463
2016-06-11,217935
2016-06-12,215516
2016-06-13,260602
2016-06-14,256777
2016-06-15,272736
2016-06-16,277533
2016-06-17,270576
2016-06-18,244420
2016-06-19,222856
2016-06-20,265089
2016-06-21,268803
2016-06-22,249235
2016-06-23,261294
2016-06-24,256534
2016-06-25,221625
2016-06-26,194844
2016-06-27,234512
2016-06-28,248560
2016-06-29,239707
2016-06-30,252446
2016-07-01,231671
2016-07-02,216007
2016-07-03,194232
2016-07-04,233483
2016-07-05,236211
2016-07-06,239340
2016-07-07,242063
2016-07-08,225259
2016-07-09,208128
2016-07-10,183058
2016-07-11,232450
2016-07-12,242724
2016-07-13,232923
2016-07-14,233885
2016-07-15,229791
2016-07-16,206238
2016-07-17,186229
2016-07-18,234079
2016-07-19,228428
2016-07-20,239129
2016-07-21,224952
2016-07-22,229590
2016-07-23,203286
2016-07-24,190716
2016-07-25,241479
2016-07-26,247378
2016-07-27,241495
2016-07-28,240509
2016-07-29,230008
2016-07-30,205072
2016-07-31,198239
2016-08-01,240714
2016-08-02,269215
2016-08-03,258904
2016-08-04,245544
2016-08-05,245330
2016-08-06,213754
2016-08-07,192456
2016-08-08,242012
2016-08-09,250578
2016-08-10,260916
2016-08-11,267853
2016-08-12,247875
2016-08-13,223590
2016-08-14,205806
2016-08-15,217327
2016-08-16,270020
2016-08-17,262011
2016-08-18,262388
2016-08-19,261845
2016-08-20,245108
2016-08-21,210787
2016-08-22,253931
2016-08-23,265732
2016-08-24,262583
2016-08-25,250959
2016-08-26,249721
2016-08-27,228548
2016-08-28,202158
2016-08-29,237689
2016-08-30,278257
2016-08-31,259831
2016-09-01,256918
2016-09-02,248445
2016-09-03,231430
2016-09-04,216702
2016-09-05,262305
2016-09-06,267234
2016-09-07,280223
2016-09-08,271008
2016-09-09,263421
2016-09-10,239328
2016-09-11,233200
2016-09-12,255730
2016-09-13,276579
2016-09-14,271031
2016-09-15,269255
2016-09-16,247559
2016-09-17,259321
2016-09-18,224851
2016-09-19,264848
2016-09-20,286269
2016-09-21,278434
2016-09-22,266957
2016-09-23,267450
2016-09-24,244963
2016-09-25,234241
2016-09-26,282476
2016-09-27,295434
2016-09-28,292516
2016-09-29,300504
2016-09-30,302457
2016-10-01,264387
2016-10-02,234929
2016-10-03,318372
2016-10-04,330224
2016-10-05,321640
2016-10-06,336396
2016-10-07,319944
2016-10-08,300107
2016-10-09,253965
2016-10-10,268563
2016-10-11,313100
2016-10-12,280930
2016-10-13,282805
2016-10-14,296164
2016-10-15,264869
2016-10-16,247348
2016-10-17,294102
2016-10-18,307119
2016-10-19,243043
2016-10-20,337887
2016-10-21,316029
2016-10-22,265262
2016-10-23,236215
2016-10-24,276577
2016-10-25,295379
2016-10-26,284065
2016-10-27,377460
2016-10-28,304569
2016-10-29,278391
2016-10-30,248154
2016-10-31,289722
2016-11-01,298114
2016-11-02,331759
2016-11-03,332604
2016-11-04,311876
2016-11-05,299738
2016-11-06,273215
2016-11-07,336404
2016-11-08,361244
2016-11-09,329762
2016-11-10,335983
2016-11-11,312720
2016-11-12,291754
2016-11-13,275690
2016-11-14,335102
2016-11-15,352221
2016-11-16,337788
2016-11-17,339055
2016-11-18,338878
2016-11-19,311669
2016-11-20,294875
2016-11-21,348004
2016-11-22,350377
2016-11-23,337025
2016-11-24,392810
2016-11-25,366464
2016-11-26,332545
2016-11-27,286572
2016-11-28,368899
2016-11-29,354980
2016-11-30,361323
2016-12-01,295205
2016-12-02,413899
2016-12-03,354964
2016-12-04,304980
2016-12-05,359495
2016-12-06,419096
2016-12-07,395637
2016-12-08,354285
2016-12-09,335791
2016-12-10,315555
2016-12-11,289736
2016-12-12,339618
2016-12-13,359741
2016-12-14,353156
2016-12-15,347436
2016-12-16,345369
2016-12-17,299707
2016-12-18,283345
2016-12-19,347917
2016-12-20,360345
2016-12-21,392318
2016-12-22,386367
2016-12-23,370657
2016-12-24,292724
2016-12-25,231129
2016-12-26,295726
2016-12-27,359644
2016-12-28,372550
2016-12-29,373000
2016-12-30,353172
2016-12-31,305705
2017-01-01,211491
2017-01-02,349124
2017-01-03,361528
2017-01-04,392404
2017-01-05,350209
2017-01-06,398794
2017-01-07,330442
2017-01-08,303855
2017-01-09,327877
2017-01-10,372134
2017-01-11,343599
2017-01-12,340950
2017-01-13,327358
2017-01-14,294689
2017-01-15,278451
2017-01-16,324770
2017-01-17,354003
2017-01-18,353045
2017-01-19,363392
2017-01-20,361173
2017-01-21,323261
2017-01-22,285880
2017-01-23,286339
2017-01-24,365092
2017-01-25,364341
2017-01-26,369137
2017-01-27,326969
2017-01-28,313580
2017-01-29,298979
2017-01-30,306839
2017-01-31,379092
2017-02-01,429820
2017-02-02,314119
2017-02-03,408978
2017-02-04,347848
2017-02-05,354736
2017-02-06,283408
2017-02-07,410354
2017-02-08,361503
2017-02-09,409970
2017-02-10,353009
2017-02-11,312304
2017-02-12,278038
2017-02-13,340394
2017-02-14,367136
2017-02-15,343561
2017-02-16,332493
2017-02-17,378386
2017-02-18,339810
2017-02-19,305485
2017-02-20,333068
2017-02-21,332676
2017-02-22,335170
2017-02-23,388503
2017-02-24,412012
2017-02-25,371259
2017-02-26,305532
2017-02-27,332474
2017-02-28,377342
2017-03-01,368882
2017-03-02,394648
2017-03-03,408163
2017-03-04,326869
2017-03-05,347044
2017-03-06,361518
2017-03-07,405546
2017-03-08,363924
2017-03-09,378981
2017-03-10,380952
2017-03-11,351260
2017-03-12,279055
2017-03-13,340413
2017-03-14,389580
2017-03-15,363457
2017-03-16,416493
2017-03-17,361080
2017-03-18,333570
2017-03-19,338256
2017-03-20,349323
2017-03-21,373031
2017-03-22,402376
2017-03-23,366031
2017-03-24,364111
2017-03-25,328093
2017-03-26,303956
2017-03-27,306941
2017-03-28,386600
2017-03-29,371857
2017-03-30,359505
2017-03-31,344555
2017-04-01,334324
2017-04-02,316650
2017-04-03,371363
2017-04-04,344075
2017-04-05,401807
2017-04-06,381825
2017-04-07,377988
2017-04-08,307950
2017-04-09,317104
2017-04-10,374455
2017-04-11,410402
2017-04-12,382931
2017-04-13,314082
2017-04-14,388295
2017-04-15,344725
2017-04-16,278388
2017-04-17,324681
2017-04-18,391320
2017-04-19,398287
2017-04-20,351714
2017-04-21,424106
2017-04-22,349485
2017-04-23,322533
2017-04-24,304590
2017-04-25,423889
2017-04-26,439689
2017-04-27,388633
2017-04-28,407022
2017-04-29,430547
2017-04-30,351225
2017-05-01,373976
2017-05-02,428686
2017-05-03,392264
2017-05-04,469662
2017-05-05,356111
2017-05-06,473788
2017-05-07,388359
2017-05-08,471403
2017-05-09,442237
2017-05-10,405266
2017-05-11,393881
2017-05-12,415119
2017-05-13,428850
2017-05-14,483476
2017-05-15,422746
2017-05-16,312125
2017-05-17,417037
2017-05-18,388950
2017-05-19,430261
2017-05-20,477995
2017-05-21,433041
2017-05-22,440302
2017-05-23,484078
2017-05-24,446593
2017-05-25,472227
2017-05-26,468771
2017-05-27,446181
2017-05-28,394694
2017-05-29,415287
2017-05-30,457311
2017-05-31,434775
2017-06-01,435580
2017-06-02,370346
2017-06-03,406229
2017-06-04,358810
2017-06-05,405962
2017-06-06,428436
2017-06-07,478624
2017-06-08,427094
2017-06-09,402501
2017-06-10,354570
2017-06-11,315893
2017-06-12,383874
2017-06-13,422991
2017-06-14,404792
2017-06-15,407444
2017-06-16,374282
2017-06-17,329596
2017-06-18,289709
2017-06-19,379004
2017-06-20,401894
2017-06-21,413793
2017-06-22,374728
2017-06-23,352171
2017-06-24,313905
2017-06-25,249825
2017-06-26,355266
2017-06-27,363120
2017-06-28,388319
2017-06-29,332526
2017-06-30,367976
2017-07-01,301032
2017-07-02,267665
2017-07-03,347080
2017-07-04,357584
2017-07-05,325713
2017-07-06,326278
2017-07-07,386031
2017-07-08,306613
2017-07-09,264594
2017-07-10,355420
2017-07-11,368583
2017-07-12,360378
2017-07-13,349856
2017-07-14,322557
2017-07-15,303904
2017-07-16,278624
2017-07-17,333611
2017-07-18,375327
2017-07-19,364699
2017-07-20,336717
2017-07-21,379692
2017-07-22,299657
2017-07-23,250313
2017-07-24,334484
2017-07-25,347154
2017-07-26,336113
2017-07-27,318290
2017-07-28,352217
2017-07-29,292635
2017-07-30,282849
2017-07-31,354755
2017-08-01,214155
2017-08-02,305312
2017-08-03,315088
2017-08-04,334017
2017-08-05,341882
2017-08-06,290112
2017-08-07,370423
2017-08-08,403112
2017-08-09,388911
2017-08-10,387068
2017-08-11,426284
2017-08-12,371402
2017-08-13,375811
2017-08-14,387486
2017-08-15,450247
2017-08-16,401474
2017-08-17,459661
2017-08-18,400630
2017-08-19,367757
2017-08-20,305337
2017-08-21,353523
2017-08-22,300629
2017-08-23,451101
2017-08-24,308952
2017-08-25,318233
2017-08-26,337140
2017-08-27,350199
2017-08-28,338627
2017-08-29,416379
2017-08-30,399861
2017-08-31,413468
2017-09-01,413391
2017-09-02,348395
2017-09-03,287629
2017-09-04,384744
2017-09-05,405938
2017-09-06,410603
2017-09-07,376156
2017-09-08,395720
2017-09-09,312552
2017-09-10,279002
2017-09-11,366567
2017-09-12,377587
2017-09-13,377542
2017-09-14,384536
2017-09-15,421637
2017-09-16,332844
2017-09-17,290977
2017-09-18,333574
2017-09-19,409467
2017-09-20,350206
2017-09-21,370753
2017-09-22,337788
2017-09-23,291029
2017-09-24,266874
2017-09-25,338327
2017-09-26,382221
2017-09-27,376927
2017-09-28,399134
2017-09-29,372380
2017-09-30,316165
2017-10-01,296193
2017-10-02,411589
2017-10-03,409256
2017-10-04,345478
2017-10-05,389776
2017-10-06,401730
2017-10-07,350637
2017-10-08,330338
2017-10-09,409662
2017-10-10,421982
2017-10-11,420076
2017-10-12,424581
2017-10-13,448951
2017-10-14,405894
2017-10-15,395752
2017-10-16,448615
2017-10-17,475434
2017-10-18,461425
2017-10-19,487161
2017-10-20,425000
2017-10-21,423638
2017-10-22,383464
2017-10-23,456857
2017-10-24,502283
2017-10-25,446068
2017-10-26,383381
2017-10-27,370449
2017-10-28,303380
2017-10-29,460535
2017-10-30,475479
2017-10-31,428919
2017-11-01,518855
2017-11-02,514829
2017-11-03,439062
2017-11-04,431597
2017-11-05,377090
2017-11-06,417763
2017-11-07,495492
2017-11-08,452268
2017-11-09,511221
2017-11-10,419707
2017-11-11,299725
2017-11-12,306039
2017-11-13,473845
2017-11-14,415674
2017-11-15,485981
2017-11-16,460279
2017-11-17,437650
2017-11-18,411040
2017-11-19,395646
2017-11-20,498233
2017-11-21,519569
2017-11-22,462672
2017-11-23,515070
2017-11-24,450595
2017-11-25,481670
2017-11-26,501062
2017-11-27,586654
2017-11-28,578538
2017-11-29,639087
2017-11-30,589518
2017-12-01,576865
2017-12-02,466826
2017-12-03,524912
2017-12-04,613422
2017-12-05,621730
2017-12-06,697875
2017-12-07,641027
2017-12-08,657519
2017-12-09,631757
2017-12-10,524388
2017-12-11,597801
2017-12-12,610207
2017-12-13,682179
2017-12-14,800180
2017-12-15,659351
2017-12-16,578717
2017-12-17,625081
2017-12-18,647087
2017-12-19,636829
2017-12-20,608255
2017-12-21,576590
2017-12-22,613358
2017-12-23,482949
2017-12-24,418053
2017-12-25,347398
2017-12-26,391992
2017-12-27,508200
2017-12-28,496273
2017-12-29,563134
2017-12-30,548609
2017-12-31,441146
2018-01-01,376395
2018-01-02,564782
2018-01-03,650353
2018-01-04,705502
2018-01-05,592757
2018-01-06,589710
2018-01-07,621100
2018-01-08,578391
2018-01-09,617206
2018-01-10,583580
2018-01-11,551821
2018-01-12,490486
2018-01-13,433002
2018-01-14,380510
2018-01-15,448871
2018-01-16,477022
2018-01-17,501546
2018-01-18,486392
2018-01-19,379195
2018-01-20,373560
2018-01-21,323166
2018-01-22,369415
2018-01-23,351712
2018-01-24,380489
2018-01-25,352208
2018-01-26,336895
2018-01-27,386099
2018-01-28,310638
2018-01-29,342142
2018-01-30,352820
2018-01-31,313499
2018-02-01,385013
2018-02-02,350469
2018-02-03,276616
2018-02-04,248290
2018-02-05,308288
2018-02-06,358340
2018-02-07,315524
2018-02-08,257675
2018-02-09,277407
2018-02-10,273890
2018-02-11,226863
2018-02-12,286370
2018-02-13,279243
2018-02-14,294651
2018-02-15,302301
2018-02-16,278751
2018-02-17,263046
2018-02-18,242574
2018-02-19,285432
2018-02-20,306423
2018-02-21,306130
2018-02-22,278053
2018-02-23,270530
2018-02-24,222910
2018-02-25,218404
2018-02-26,278150
2018-02-27,328370
2018-02-28,273040
2018-03-01,344095
2018-03-02,300343
2018-03-03,265396
2018-03-04,244535
2018-03-05,306262
2018-03-06,295901
2018-03-07,302091
2018-03-08,282084
2018-03-09,281973
2018-03-10,227349
2018-03-11,219372
2018-03-12,268312
2018-03-13,271876
2018-03-14,277136
2018-03-15,295654
2018-03-16,271073
2018-03-17,223657
2018-03-18,237920
2018-03-19,275939
2018-03-20,284634
2018-03-21,281300
2018-03-22,270686
2018-03-23,261303
2018-03-24,230893
2018-03-25,200508
2018-03-26,272335
2018-03-27,270640
2018-03-28,258166
2018-03-29,273099
2018-03-30,262049
2018-03-31,211232
2018-04-01,195132
2018-04-02,240383
2018-04-03,286343
2018-04-04,268392
2018-04-05,263142
2018-04-06,259248
2018-04-07,215720
2018-04-08,196793
2018-04-09,251140
2018-04-10,269157
2018-04-11,263755
2018-04-12,295906
2018-04-13,313986
2018-04-14,239163
2018-04-15,265225
2018-04-16,288930
2018-04-17,298952
2018-04-18,296602
2018-04-19,314752
2018-04-20,304505
2018-04-21,283327
2018-04-22,250877
2018-04-23,313343
2018-04-24,363251
2018-04-25,311525
2018-04-26,313797
2018-04-27,305162
2018-04-28,265211
2018-04-29,257124
2018-04-30,312816
2018-05-01,319641
2018-05-02,309970
2018-05-03,335403
2018-05-04,318665
2018-05-05,292106
2018-05-06,241753
2018-05-07,296317
2018-05-08,311488
2018-05-09,303647
2018-05-10,306005
2018-05-11,302445
2018-05-12,257166
2018-05-13,230968
2018-05-14,307530
2018-05-15,315277
2018-05-16,295325
2018-05-17,274632
2018-05-18,299127
2018-05-19,244083
2018-05-20,233059
2018-05-21,292129
2018-05-22,292700
2018-05-23,310429
2018-05-24,289352
2018-05-25,278404
2018-05-26,225391
2018-05-27,207339
2018-05-28,259574
2018-05-29,287346
2018-05-30,294702
2018-05-31,303106
2018-06-01,298615
2018-06-02,247855
2018-06-03,231997
2018-06-04,296556
2018-06-05,304251
2018-06-06,297283
2018-06-07,287549
2018-06-08,284711
2018-06-09,238707
2018-06-10,241218
2018-06-11,287767
2018-06-12,296097
2018-06-13,288271
2018-06-14,289147
2018-06-15,284142
2018-06-16,221210
2018-06-17,203095
2018-06-18,280459
2018-06-19,270727
2018-06-20,283337
2018-06-21,274581
2018-06-22,278305
2018-06-23,230293
2018-06-24,213826
2018-06-25,272562
2018-06-26,269826
2018-06-27,261988
2018-06-28,259482
2018-06-29,273266
2018-06-30,241501
2018-07-01,211252
2018-07-02,273830
2018-07-03,302138
2018-07-04,286184
2018-07-05,272058
2018-07-06,281725
2018-07-07,227916
2018-07-08,220671
2018-07-09,283014
2018-07-10,293877
2018-07-11,275599
2018-07-12,270214
2018-07-13,288149
2018-07-14,237064
2018-07-15,219458
2018-07-16,286754
2018-07-17,327988
2018-07-18,330155
2018-07-19,310270
2018-07-20,307160
2018-07-21,251188
2018-07-22,235512
2018-07-23,317262
2018-07-24,360330
2018-07-25,350627
2018-07-26,320690
2018-07-27,319401
2018-07-28,260730
2018-07-29,245295
2018-07-30,318076
2018-07-31,336242
2018-08-01,330708
2018-08-02,311938
2018-08-03,309663
2018-08-04,266826
2018-08-05,233338
2018-08-06,300149
2018-08-07,320446
2018-08-08,323354
2018-08-09,304148
2018-08-10,309375
2018-08-11,255141
2018-08-12,223246
2018-08-13,303763
2018-08-14,339737
2018-08-15,341831
2018-08-16,317696
2018-08-17,320852
2018-08-18,261990
2018-08-19,245065
2018-08-20,313767
2018-08-21,302680
2018-08-22,323086
2018-08-23,297483
2018-08-24,303345
2018-08-25,271177
2018-08-26,233141
2018-08-27,309139
2018-08-28,326736
2018-08-29,337137
2018-08-30,313041
2018-08-31,325443
2018-09-01,284694
2018-09-02,252022
2018-09-03,304462
2018-09-04,320350
2018-09-05,335508
2018-09-06,334727
2018-09-07,314381
2018-09-08,275730
2018-09-09,250634
2018-09-10,301398
2018-09-11,320983
2018-09-12,312198
2018-09-13,315948
2018-09-14,297972
2018-09-15,284135
2018-09-16,242454
2018-09-17,333185
2018-09-18,338355
2018-09-19,339448
2018-09-20,347070
2018-09-21,370435
2018-09-22,308024
2018-09-23,268887
2018-09-24,321166
2018-09-25,336847
2018-09-26,324608
2018-09-27,330514
2018-09-28,343280
2018-09-29,291110
2018-09-30,273880
2018-10-01,327802
2018-10-02,334727
2018-10-03,407232
2018-10-04,355545
2018-10-05,342455
2018-10-06,305953
2018-10-07,316310
2018-10-08,326977
2018-10-09,312887
2018-10-10,327580
2018-10-11,336936
2018-10-12,321262
2018-10-13,267894
2018-10-14,250462
2018-10-15,337722
2018-10-16,337002
2018-10-17,339291
2018-10-18,328510
2018-10-19,327521
2018-10-20,292238
2018-10-21,267114
2018-10-22,332160
2018-10-23,328345
2018-10-24,326489
2018-10-25,321559
2018-10-26,322919
2018-10-27,288882
2018-10-28,268969
2018-10-29,336351
2018-10-30,346857
2018-10-31,352411
2018-11-01,344692
2018-11-02,354665
2018-11-03,307392
2018-11-04,274457
2018-11-05,369491
2018-11-06,361824
2018-11-07,361568
2018-11-08,342063
2018-11-09,351983
2018-11-10,306232
2018-11-11,284303
2018-11-12,348589
2018-11-13,336412
2018-11-14,348478
2018-11-15,341191
2018-11-16,339024
2018-11-17,283798
2018-11-18,252300
2018-11-19,305224
2018-11-20,358059
2018-11-21,309582
2018-11-22,306586
2018-11-23,293488
2018-11-24,260326
2018-11-25,257549
2018-11-26,305433
2018-11-27,306054
2018-11-28,299724
2018-11-29,306843
2018-11-30,302959
2018-12-01,270954
2018-12-02,245215
2018-12-03,286060
2018-12-04,345803
2018-12-05,298333
2018-12-06,327751
2018-12-07,309146
2018-12-08,254667
2018-12-09,244695
2018-12-10,296289
2018-12-11,295507
2018-12-12,300075
2018-12-13,300820
2018-12-14,300393
2018-12-15,271718
2018-12-16,244281
2018-12-17,320590
2018-12-18,316774
2018-12-19,337371
2018-12-20,322763
2018-12-21,319860
2018-12-22,260907
2018-12-23,244450
2018-12-24,275865
2018-12-25,228560
2018-12-26,264142
2018-12-27,293957
2018-12-28,316473
2018-12-29,291778
2018-12-30,259067
2018-12-31,264907
2019-01-01,204562
2019-01-02,286954
2019-01-03,312525
2019-01-04,300809
2019-01-05,266560
2019-01-06,264515
2019-01-07,308682
2019-01-08,324750
2019-01-09,318696
2019-01-10,328827
2019-01-11,311242
2019-01-12,274828
2019-01-13,252763
2019-01-14,317177
2019-01-15,327628
2019-01-16,352464
2019-01-17,321945
2019-01-18,327181
2019-01-19,277542
2019-01-20,263820
2019-01-21,307705
2019-01-22,312322
2019-01-23,330739
2019-01-24,329312
2019-01-25,331761
2019-01-26,317015
2019-01-27,263391
2019-01-28,329682
2019-01-29,338556
2019-01-30,324374
2019-01-31,343090
2019-02-01,337288
2019-02-02,293309
2019-02-03,272765
2019-02-04,318133
2019-02-05,360437
2019-02-06,342551
2019-02-07,336017
2019-02-08,340853
2019-02-09,293087
2019-02-10,262051
2019-02-11,319715
2019-02-12,346675
2019-02-13,390264
2019-02-14,331106
2019-02-15,318006
2019-02-16,307164
2019-02-17,269025
2019-02-18,347384
2019-02-19,379760
2019-02-20,367302
2019-02-21,340596
2019-02-22,369454
2019-02-23,306358
2019-02-24,292119
2019-02-25,343088
2019-02-26,371804
2019-02-27,361846
2019-02-28,364225
2019-03-01,357997
2019-03-02,344659
2019-03-03,292396
2019-03-04,349046
2019-03-05,372570
2019-03-06,363255
2019-03-07,358188
2019-03-08,362225
2019-03-09,322951
2019-03-10,268237
2019-03-11,386103
2019-03-12,365115
2019-03-13,359420
2019-03-14,380064
2019-03-15,371410
2019-03-16,322104
2019-03-17,280698
2019-03-18,358037
2019-03-19,380743
2019-03-20,373723
2019-03-21,370850
2019-03-22,363858
2019-03-23,309672
2019-03-24,285850
2019-03-25,360132
2019-03-26,353200
2019-03-27,395991
2019-03-28,396453
2019-03-29,383751
2019-03-30,343304
2019-03-31,314547
2019-04-01,352843
2019-04-02,456379
2019-04-03,428555
2019-04-04,413226
2019-04-05,411980
2019-04-06,329677
2019-04-07,305217
2019-04-08,397487
2019-04-09,394769
2019-04-10,405636
2019-04-11,432889
2019-04-12,378792
2019-04-13,318661
2019-04-14,294569
2019-04-15,398318
2019-04-16,383706
2019-04-17,383073
2019-04-18,379959
2019-04-19,402698
2019-04-20,315691
2019-04-21,286542
2019-04-22,335782
2019-04-23,374697
2019-04-24,437624
2019-04-25,390368
2019-04-26,383577
2019-04-27,312269
2019-04-28,302136
2019-04-29,379907
2019-04-30,404004
2019-05-01,393361
2019-05-02,402407
2019-05-03,407533
2019-05-04,349433
2019-05-05,316916
2019-05-06,390611
2019-05-07,390034
2019-05-08,435093
2019-05-09,423016
2019-05-10,401965
2019-05-11,402077
2019-05-12,379788
2019-05-13,444013
2019-05-14,455852
2019-05-15,449311
2019-05-16,451912
2019-05-17,428496
2019-05-18,400789
2019-05-19,350555
2019-05-20,408490
2019-05-21,435577
2019-05-22,424365
2019-05-23,414969
2019-05-24,401554
2019-05-25,336016
2019-05-26,317168
2019-05-27,419436
2019-05-28,441214
2019-05-29,444183
2019-05-30,411677
2019-05-31,361290
2019-06-01,381074
2019-06-02,319426
2019-06-03,349931
2019-06-04,444311
2019-06-05,409911
2019-06-06,393943
2019-06-07,384734
2019-06-08,308718
2019-06-09,280185
2019-06-10,386170
2019-06-11,397708
2019-06-12,387706
2019-06-13,437626
2019-06-14,474039
2019-06-15,406189
2019-06-16,342249
2019-06-17,395190
2019-06-18,471569
2019-06-19,442221
2019-06-20,400697
2019-06-21,418388
2019-06-22,428578
2019-06-23,396776
2019-06-24,427492
2019-06-25,445703
2019-06-26,512444
2019-06-27,455725
2019-06-28,480421
2019-06-29,372389
2019-06-30,317138
2019-07-01,392976
2019-07-02,438156
2019-07-03,426007
2019-07-04,391814
2019-07-05,376382
2019-07-06,351538
2019-07-07,284528
2019-07-08,402680
2019-07-09,406974
2019-07-10,387005
2019-07-11,373048
2019-07-12,400992
2019-07-13,302093
2019-07-14,272747
2019-07-15,372663
2019-07-16,389537
2019-07-17,367741
2019-07-18,352268
2019-07-19,357282
2019-07-20,320751
2019-07-21,261219
2019-07-22,337301
2019-07-23,354711
2019-07-24,323603
2019-07-25,385948
2019-07-26,374310
2019-07-27,293681
2019-07-28,254956
2019-07-29,345532
2019-07-30,366250
2019-07-31,384720
2019-08-01,373810
2019-08-02,372648
2019-08-03,315333
2019-08-04,279136
2019-08-05,391161
2019-08-06,419801
2019-08-07,375329
2019-08-08,387694
2019-08-09,367478
2019-08-10,300060
2019-08-11,272990
2019-08-12,299771
2019-08-13,384319
2019-08-14,368713
2019-08-15,357577
2019-08-16,342405
2019-08-17,290432
2019-08-18,269462
2019-08-19,347670
2019-08-20,357380
2019-08-21,362469
2019-08-22,365719
2019-08-23,377779
2019-08-24,299312
2019-08-25,260856
2019-08-26,362806
2019-08-27,366369
2019-08-28,353749
2019-08-29,364207
2019-08-30,356421
2019-08-31,305452
2019-09-01,277425
2019-09-02,353576
2019-09-03,407547
2019-09-04,371984
2019-09-05,375926
2019-09-06,396295
2019-09-07,319732
2019-09-08,295140
2019-09-09,360766
2019-09-10,381982
2019-09-11,381628
2019-09-12,389920
2019-09-13,366633
2019-09-14,339012
2019-09-15,284047
2019-09-16,381410
2019-09-17,390590
2019-09-18,399431
2019-09-19,374606
2019-09-20,373328
2019-09-21,340491
2019-09-22,298974
2019-09-23,353522
2019-09-24,400332
2019-09-25,376529
2019-09-26,375254
2019-09-27,346847
2019-09-28,320722
2019-09-29,293726
2019-09-30,361882
2019-10-01,389286
2019-10-02,366963
2019-10-03,359537
2019-10-04,366334
2019-10-05,327334
2019-10-06,295455
2019-10-07,367462
2019-10-08,365814
2019-10-09,357384
2019-10-10,378534
2019-10-11,370917
2019-10-12,311477
2019-10-13,287378
2019-10-14,353224
2019-10-15,365716
2019-10-16,370887
2019-10-17,363462
2019-10-18,356576
2019-10-19,341528
2019-10-20,300995
2019-10-21,377722
2019-10-22,375531
2019-10-23,370670
2019-10-24,350257
2019-10-25,390140
2019-10-26,367051
2019-10-27,296668
2019-10-28,371436
2019-10-29,364448
2019-10-30,371086
2019-10-31,344574
2019-11-01,390458
2019-11-02,324716
2019-11-03,325031
2019-11-04,382722
2019-11-05,410836
2019-11-06,380237
2019-11-07,387677
2019-11-08,372780
2019-11-09,367952
2019-11-10,295930
2019-11-11,347828
2019-11-12,340065
2019-11-13,381717
2019-11-14,370749
2019-11-15,401136
2019-11-16,342972
2019-11-17,294154
2019-11-18,353071
2019-11-19,393408
2019-11-20,361187
2019-11-21,381731
2019-11-22,384198
2019-11-23,367781
2019-11-24,303481
2019-11-25,333361
2019-11-26,407342
2019-11-27,397137
2019-11-28,371916
2019-11-29,373793
2019-11-30,336924
2019-12-01,335420
2019-12-02,389048
2019-12-03,405246
2019-12-04,395937
2019-12-05,380820
2019-12-06,381939
2019-12-07,333112
2019-12-08,307903
2019-12-09,375881
2019-12-10,391322
2019-12-11,368267
2019-12-12,382294
2019-12-13,396659
2019-12-14,336789
2019-12-15,311361
2019-12-16,386911
2019-12-17,399174
2019-12-18,392256
2019-12-19,381882
2019-12-20,389495
2019-12-21,338401
2019-12-22,304743
2019-12-23,364651
2019-12-24,346409
2019-12-25,276066
2019-12-26,335335
2019-12-27,382407
2019-12-28,340982
2019-12-29,314985
2019-12-30,384575
2019-12-31,344675
2020-01-01,270712
2020-01-02,332607
2020-01-03,374771
2020-01-04,333684
2020-01-05,321606
2020-01-06,363784
2020-01-07,406608
2020-01-08,390179
2020-01-09,389335
2020-01-10,428220
2020-01-11,363562
2020-01-12,318938
2020-01-13,353859
2020-01-14,440906
2020-01-15,409052
2020-01-16,394948
2020-01-17,403715
2020-01-18,345905
2020-01-19,341859
2020-01-20,376724
2020-01-21,389259
2020-01-22,389151
2020-01-23,382570
2020-01-24,386379
2020-01-25,331711
2020-01-26,307288
2020-01-27,355234
2020-01-28,423475
2020-01-29,412477
2020-01-30,408420
2020-01-31,410430
2020-02-01,373233
2020-02-02,363024
2020-02-03,411073
2020-02-04,398573
2020-02-05,444339
2020-02-06,391129
2020-02-07,431324
2020-02-08,374627
2020-02-09,363417
2020-02-10,368000
2020-02-11,461491
2020-02-12,434261
2020-02-13,434490
2020-02-14,401293
2020-02-15,400063
2020-02-16,335874
2020-02-17,411564
2020-02-18,408547
2020-02-19,411305
2020-02-20,398045
2020-02-21,409827
2020-02-22,378689
2020-02-23,331165
2020-02-24,399335
2020-02-25,403276
2020-02-26,410450
2020-02-27,410996
2020-02-28,440024
2020-02-29,369140
2020-03-01,366064
2020-03-02,431936
2020-03-03,425603
2020-03-04,448849
2020-03-05,431628
2020-03-06,432268
2020-03-07,375432
2020-03-08,350494
2020-03-09,421275
2020-03-10,420436
2020-03-11,369367
2020-03-12,447980
2020-03-13,374511
2020-03-14,352606
2020-03-15,287119
2020-03-16,367663
2020-03-17,377631
2020-03-18,327223
2020-03-19,363015
2020-03-20,393039
2020-03-21,329766
2020-03-22,280471
2020-03-23,352105
2020-03-24,371320
2020-03-25,312779
2020-03-26,383310
2020-03-27,372444
2020-03-28,321216
2020-03-29,300456
2020-03-30,375141
2020-03-31,385745
2020-04-01,383377
2020-04-02,402540
2020-04-03,385206
2020-04-04,332580
2020-04-05,320219
2020-04-06,388990
2020-04-07,426167
2020-04-08,390317
2020-04-09,386095
2020-04-10,391467
2020-04-11,331900
2020-04-12,312144
2020-04-13,389922
2020-04-14,422492
2020-04-15,444157
2020-04-16,463269
2020-04-17,419966
2020-04-18,402024
2020-04-19,348725
2020-04-20,443051
2020-04-21,441965
2020-04-22,413520
2020-04-23,486983
2020-04-24,466113
2020-04-25,394484
2020-04-26,359678
2020-04-27,454726
2020-04-28,468604
2020-04-29,484404
2020-04-30,491773
2020-05-01,493888
2020-05-02,409648
2020-05-03,397707
2020-05-04,467753
2020-05-05,474471
2020-05-06,483827
2020-05-07,499171
2020-05-08,481633
2020-05-09,453230
2020-05-10,403201
2020-05-11,456334
2020-05-12,504187
2020-05-13,452203
2020-05-14,429577
2020-05-15,472344
2020-05-16,427444
2020-05-17,356593
2020-05-18,425493
2020-05-19,428206
2020-05-20,437155
2020-05-21,448105
2020-05-22,419949
2020-05-23,400683
2020-05-24,332497
2020-05-25,397348
2020-05-26,446470
2020-05-27,441237
2020-05-28,451063
2020-05-29,430118
2020-05-30,400113
2020-05-31,360333
2020-06-01,449527
2020-06-02,459719
2020-06-03,470226
2020-06-04,461847
2020-06-05,472772
2020-06-06,393992
2020-06-07,356603
2020-06-08,459623
2020-06-09,472738
2020-06-10,468790
2020-06-11,493095
2020-06-12,466920
2020-06-13,388084
2020-06-14,370323
2020-06-15,439069
2020-06-16,499981
2020-06-17,493224
2020-06-18,418911
2020-06-19,503452
2020-06-20,397171
2020-06-21,347387
2020-06-22,438163
2020-06-23,520440
2020-06-24,456732
2020-06-25,461435
2020-06-26,475841
2020-06-27,390920
2020-06-28,366786
2020-06-29,458303
2020-06-30,455539
2020-07-01,561189
2020-07-02,495545
2020-07-03,486310
2020-07-04,399680
2020-07-05,371639
2020-07-06,496322
2020-07-07,514221
2020-07-08,509555
2020-07-09,520452
2020-07-10,498733
2020-07-11,428629
2020-07-12,385671
2020-07-13,463949
2020-07-14,543696
2020-07-15,488317
2020-07-16,520890
2020-07-17,459700
2020-07-18,458844
2020-07-19,400010
2020-07-20,466590
2020-07-21,480481
2020-07-22,549638
2020-07-23,513905
2020-07-24,542443
2020-07-25,438710
2020-07-26,442756
2020-07-27,495271
2020-07-28,541745
2020-07-29,519284
2020-07-30,498690
2020-07-31,535441
2020-08-01,458728
2020-08-02,444034
2020-08-03,515528
2020-08-04,514934
2020-08-05,475404
2020-08-06,554710
2020-08-07,512951
2020-08-08,444555
2020-08-09,412471
2020-08-10,489595
2020-08-11,540141
2020-08-12,530531
2020-08-13,499409
2020-08-14,554528
2020-08-15,478438
2020-08-16,415727
2020-08-17,465460
2020-08-18,540669
2020-08-19,507506
2020-08-20,512695
2020-08-21,486643
2020-08-22,464839
2020-08-23,415657
2020-08-24,486675
2020-08-25,486631
2020-08-26,498779
2020-08-27,502507
2020-08-28,518376
2020-08-29,438179
2020-08-30,398460
2020-08-31,470724
2020-09-01,567989
2020-09-02,507452
2020-09-03,489881
2020-09-04,476406
2020-09-05,473696
2020-09-06,398510
2020-09-07,478470
2020-09-08,498882
2020-09-09,484473
2020-09-10,540259
2020-09-11,488909
2020-09-12,440432
2020-09-13,388671
2020-09-14,522780
2020-09-15,517435
2020-09-16,534230
2020-09-17,536179
2020-09-18,496261
2020-09-19,451564
2020-09-20,388678
2020-09-21,458159
2020-09-22,492275
2020-09-23,522127
2020-09-24,492546
2020-09-25,536320
2020-09-26,433333
2020-09-27,392893
2020-09-28,451158
2020-09-29,536468
2020-09-30,534086
2020-10-01,493343
2020-10-02,492331
2020-10-03,466851
2020-10-04,413216
2020-10-05,457554
2020-10-06,497237
2020-10-07,545762
2020-10-08,510494
2020-10-09,514866
2020-10-10,463290
2020-10-11,399233
2020-10-12,473110
2020-10-13,530758
2020-10-14,485193
2020-10-15,533319
2020-10-16,510766
2020-10-17,428313
2020-10-18,373544
2020-10-19,489808
2020-10-20,519988
2020-10-21,490652
2020-10-22,539330
2020-10-23,511169
2020-10-24,478407
2020-10-25,402253
2020-10-26,418046
2020-10-27,433878
2020-10-28,441263
2020-10-29,463925
2020-10-30,440119
2020-10-31,441682
2020-11-01,425333
2020-11-02,382139
2020-11-03,529072
2020-11-04,509272
2020-11-05,515031
2020-11-06,541866
2020-11-07,440998
2020-11-08,408013
2020-11-09,520324
2020-11-10,492985
2020-11-11,509966
2020-11-12,519504
2020-11-13,496848
2020-11-14,449703
2020-11-15,407914
2020-11-16,493329
2020-11-17,558880
2020-11-18,581082
2020-11-19,517332
2020-11-20,559823
2020-11-21,486456
2020-11-22,430736
2020-11-23,484809
2020-11-24,543103
2020-11-25,579342
2020-11-26,525787
2020-11-27,513799
2020-11-28,472882
2020-11-29,434832
2020-11-30,441143
2020-12-01,614449
2020-12-02,539351
2020-12-03,554788
2020-12-04,521062
2020-12-05,468371
2020-12-06,429728
2020-12-07,486989
2020-12-08,536825
2020-12-09,530363
2020-12-10,512866
2020-12-11,508289
2020-12-12,482288
2020-12-13,449669
2020-12-14,504683
2020-12-15,521913
2020-12-16,520297
2020-12-17,533017
2020-12-18,596314
2020-12-19,542856
2020-12-20,465212
2020-12-21,461211
2020-12-22,528210
2020-12-23,540230
2020-12-24,447429
2020-12-25,474667
2020-12-26,448279
2020-12-27,503446
2020-12-28,510439
2020-12-29,560252
2020-12-30,566819
2020-12-31,569538
2021-01-01,439557
2021-01-02,515203
2021-01-03,596887
2021-01-04,612801
2021-01-05,598974
2021-01-06,655866
2021-01-07,682767
2021-01-08,635205
2021-01-09,558358
2021-01-10,564671
2021-01-11,572653
2021-01-12,569469
2021-01-13,535534
2021-01-14,572390
2021-01-15,570393
2021-01-16,536678
2021-01-17,467286
2021-01-18,515789
2021-01-19,539615
2021-01-20,531675
2021-01-21,511928
2021-01-22,542187
2021-01-23,520343
2021-01-24,442024
2021-01-25,515582
2021-01-26,547631
2021-01-27,539416
2021-01-28,537523
2021-01-29,627456
2021-01-30,528513
2021-01-31,500721
2021-02-01,489366
2021-02-02,599019
2021-02-03,572200
2021-02-04,597110
2021-02-05,590989
2021-02-06,558505
2021-02-07,511855
2021-02-08,568124
2021-02-09,631695
2021-02-10,575206
2021-02-11,552059
2021-02-12,585457
2021-02-13,550759
2021-02-14,484618
2021-02-15,535064
2021-02-16,510432
2021-02-17,555803
2021-02-18,560991
2021-02-19,603519
2021-02-20,571426
2021-02-21,472947
2021-02-22,513849
2021-02-23,536912
2021-02-24,603417
2021-02-25,562471
2021-02-26,545911
2021-02-27,546045
2021-02-28,436639
2021-03-01,508084
2021-03-02,564312
2021-03-03,571279
2021-03-04,510103
2021-03-05,540956
2021-03-06,468891
2021-03-07,456544
2021-03-08,491285
2021-03-09,530857
2021-03-10,575808
2021-03-11,506215
2021-03-12,551876
2021-03-13,494541
2021-03-14,513147
2021-03-15,520974
2021-03-16,561293
2021-03-17,543845
2021-03-18,601545
2021-03-19,564537
2021-03-20,503182
2021-03-21,425283
2021-03-22,532408
2021-03-23,559594
2021-03-24,529959
2021-03-25,562859
2021-03-26,535173
2021-03-27,490264
2021-03-28,430727
2021-03-29,524470
2021-03-30,557303
2021-03-31,599442
2021-04-01,547169
2021-04-02,526362
2021-04-03,475418
2021-04-04,415986
2021-04-05,511880
2021-04-06,571136
2021-04-07,566778
2021-04-08,506968
2021-04-09,561480
2021-04-10,509074
2021-04-11,444256
2021-04-12,511254
2021-04-13,563283
2021-04-14,552747
2021-04-15,627734
2021-04-16,476848
2021-04-17,395764
2021-04-18,497038
2021-04-19,443283
2021-04-20,560984
2021-04-21,470279
2021-04-22,491266
2021-04-23,505669
2021-04-24,449088
2021-04-25,383264
2021-04-26,432928
2021-04-27,495086
2021-04-28,464601
2021-04-29,452191
2021-04-30,479506
2021-05-01,431476
2021-05-02,381492
2021-05-03,486376
2021-05-04,507104
2021-05-05,530075
2021-05-06,532036
2021-05-07,517397
2021-05-08,475029
2021-05-09,438036
2021-05-10,529442
2021-05-11,550534
2021-05-12,557269
2021-05-13,496377
2021-05-14,470899
2021-05-15,408678
2021-05-16,381529
2021-05-17,423060
2021-05-18,389705
2021-05-19,460707
2021-05-20,415838
2021-05-21,422348
2021-05-22,378290
2021-05-23,336286
2021-05-24,406230
2021-05-25,413385
2021-05-26,400715
2021-05-27,380364
2021-05-28,386078
2021-05-29,344861
2021-05-30,304003
2021-05-31,377959
2021-06-01,400872
2021-06-02,425050
2021-06-03,437902
2021-06-04,411456
2021-06-05,335899
2021-06-06,308389
2021-06-07,404753
2021-06-08,422323
2021-06-09,371505
2021-06-10,430008
2021-06-11,395057
2021-06-12,374251
2021-06-13,316457
2021-06-14,410115
2021-06-15,442413
2021-06-16,426914
2021-06-17,392780
2021-06-18,367686
2021-06-19,311332
2021-06-20,277348
2021-06-21,343929
2021-06-22,341479
2021-06-23,389925
2021-06-24,383793
2021-06-25,360664
2021-06-26,314885
2021-06-27,222024
2021-06-28,381302
2021-06-29,352327
2021-06-30,355232
2021-07-01,396699
2021-07-02,335353
2021-07-03,376065
2021-07-04,288257
2021-07-05,350351
2021-07-06,373963
2021-07-07,363403
2021-07-08,375468
2021-07-09,368012
2021-07-10,310351
2021-07-11,283343
2021-07-12,358196
2021-07-13,351036
2021-07-14,363992
2021-07-15,365815
2021-07-16,351411
2021-07-17,292394
2021-07-18,265576
2021-07-19,354782
2021-07-20,364329
2021-07-21,366924
2021-07-22,364808
2021-07-23,364166
2021-07-24,310767
2021-07-25,280495
2021-07-26,404635
2021-07-27,393793
2021-07-28,393278
2021-07-29,403885
2021-07-30,401937
2021-07-31,333264
2021-08-01,300584
2021-08-02,376473
2021-08-03,385778
2021-08-04,375427
2021-08-05,389183
2021-08-06,405621
2021-08-07,336028
2021-08-08,306995
2021-08-09,391934
2021-08-10,403037
2021-08-11,405598
2021-08-12,394138
2021-08-13,408082
2021-08-14,324984
2021-08-15,301064
2021-08-16,409243
2021-08-17,402980
2021-08-18,395712
2021-08-19,398259
2021-08-20,427670
2021-08-21,348512
2021-08-22,305627
2021-08-23,416345
2021-08-24,410165
2021-08-25,411937
2021-08-26,403376
2021-08-27,396427
2021-08-28,343870
2021-08-29,304116
2021-08-30,379738
2021-08-31,418634
2021-09-01,437419
2021-09-02,454814
2021-09-03,443506
2021-09-04,367180
2021-09-05,323267
2021-09-06,402264
2021-09-07,419477
2021-09-08,416311
2021-09-09,440595
2021-09-10,407310
2021-09-11,353694
2021-09-12,320852
2021-09-13,390482
2021-09-14,414833
2021-09-15,418807
2021-09-16,427855
2021-09-17,417014
2021-09-18,363982
2021-09-19,325635
2021-09-20,408531
2021-09-21,378703
2021-09-22,414534
2021-09-23,406840
2021-09-24,432024
2021-09-25,342125
2021-09-26,321841
2021-09-27,392345
2021-09-28,405397
2021-09-29,377426
2021-09-30,451130
2021-10-01,438881
2021-10-02,411128
2021-10-03,360625
2021-10-04,417911
2021-10-05,464677
2021-10-06,416254
2021-10-07,503939
2021-10-08,443744
2021-10-09,398092
2021-10-10,346649
2021-10-11,433521
2021-10-12,436201
2021-10-13,440803
2021-10-14,443543
2021-10-15,473760
2021-10-16,438576
2021-10-17,365695
2021-10-18,451241
2021-10-19,488426
2021-10-20,460497
2021-10-21,502967
2021-10-22,449495
2021-10-23,380749
2021-10-24,361401
2021-10-25,455069
2021-10-26,471387
2021-10-27,461390
2021-10-28,488779
2021-10-29,496691
2021-10-30,426120
2021-10-31,367572
2021-11-01,471184
2021-11-02,477083
2021-11-03,464603
2021-11-04,470170
2021-11-05,463871
2021-11-06,400553
2021-11-07,384258
2021-11-08,447727
2021-11-09,516914
2021-11-10,477177
2021-11-11,466646
2021-11-12,452162
2021-11-13,401908
2021-11-14,381934
2021-11-15,457831
2021-11-16,476956
2021-11-17,459634
2021-11-18,468193
2021-11-19,460472
2021-11-20,411533
2021-11-21,377997
2021-11-22,433744
2021-11-23,456606
2021-11-24,478700
2021-11-25,477549
2021-11-26,474333
2021-11-27,396456
2021-11-28,358519
2021-11-29,469482
2021-11-30,472454
2021-12-01,462725
2021-12-02,499095
2021-12-03,467259
2021-12-04,434943
2021-12-05,365819
2021-12-06,447157
2021-12-07,455817
2021-12-08,421006
2021-12-09,450036
2021-12-10,449205
2021-12-11,374420
2021-12-12,360178
2021-12-13,444755
2021-12-14,437000
2021-12-15,450871
2021-12-16,412496
2021-12-17,412270
2021-12-18,380690
2021-12-19,353639
2021-12-20,426545
2021-12-21,472740
2021-12-22,455223
2021-12-23,466237
2021-12-24,419349
2021-12-25,362547
2021-12-26,355640
2021-12-27,419560
2021-12-28,461695
2021-12-29,468508
2021-12-30,421035
2021-12-31,447835
2022-01-01,312958
2022-01-02,340131
2022-01-03,389837
2022-01-04,434656
2022-01-05,440660
2022-01-06,434428
2022-01-07,419004
2022-01-08,372088
2022-01-09,357255
2022-01-10,425917
2022-01-11,443242
2022-01-12,431416
2022-01-13,438235
2022-01-14,431529
2022-01-15,389373
2022-01-16,357206
2022-01-17,396336
2022-01-18,409378
2022-01-19,413952
2022-01-20,429567
2022-01-21,442169
2022-01-22,412134
2022-01-23,341873
2022-01-24,418211
2022-01-25,410811
2022-01-26,414635
2022-01-27,405242
2022-01-28,420426
2022-01-29,372331
2022-01-30,345597
2022-01-31,414184
2022-02-01,423153
2022-02-02,428051
2022-02-03,416027
2022-02-04,398315
2022-02-05,415538
2022-02-06,351060
2022-02-07,410714
2022-02-08,427080
2022-02-09,419440
2022-02-10,415250
2022-02-11,415376
2022-02-12,373834
2022-02-13,380063
2022-02-14,395754
2022-02-15,429282
2022-02-16,435357
2022-02-17,424366
2022-02-18,418789
2022-02-19,358066
2022-02-20,339172
2022-02-21,386333
2022-02-22,411986
2022-02-23,396066
2022-02-24,423301
2022-02-25,431851
2022-02-26,367165
2022-02-27,367453
2022-02-28,434941
2022-03-01,448208
2022-03-02,461125
2022-03-03,443106
2022-03-04,425650
2022-03-05,374116
2022-03-06,345450
2022-03-07,402703
2022-03-08,413737
2022-03-09,443894
2022-03-10,432832
2022-03-11,414691
2022-03-12,367809
2022-03-13,343961
2022-03-14,408606
2022-03-15,433131
2022-03-16,462407
2022-03-17,480187
2022-03-18,441524
2022-03-19,407989
2022-03-20,359643
2022-03-21,417946
2022-03-22,422562
2022-03-23,423162
2022-03-24,425903
2022-03-25,472275
2022-03-26,384677
2022-03-27,365019
2022-03-28,442559
2022-03-29,434758
2022-03-30,411801
2022-03-31,437538
2022-04-01,445355
2022-04-02,407370
2022-04-03,364843
2022-04-04,424255
2022-04-05,431671
2022-04-06,415246
2022-04-07,425774
2022-04-08,420821
2022-04-09,369659
2022-04-10,342076
2022-04-11,422369
2022-04-12,434591
2022-04-13,428302
2022-04-14,419432
2022-04-15,419946
2022-04-16,377045
2022-04-17,340778
2022-04-18,389263
2022-04-19,434476
2022-04-20,436012
2022-04-21,443681
2022-04-22,417148
2022-04-23,373768
2022-04-24,355549
2022-04-25,418875
2022-04-26,422981
2022-04-27,432950
2022-04-28,431433
2022-04-29,445992
2022-04-30,419017
2022-05-01,375549
2022-05-02,418881
2022-05-03,429030
2022-05-04,371096
2022-05-05,489298
2022-05-06,445931
2022-05-07,370325
2022-05-08,361119
2022-05-09,435357
2022-05-10,435128
2022-05-11,420958
2022-05-12,451393
2022-05-13,435068
2022-05-14,446140
2022-05-15,364507
2022-05-16,406699
2022-05-17,421716
2022-05-18,398516
2022-05-19,404700
2022-05-20,409460
2022-05-21,346886
2022-05-22,322168
2022-05-23,392349
2022-05-24,361340
2022-05-25,432480
2022-05-26,408317
2022-05-27,423868
2022-05-28,348282
2022-05-29,322561
2022-05-30,388760
2022-05-31,407893
2022-06-01,410671
2022-06-02,407870
2022-06-03,416598
2022-06-04,342641
2022-06-05,325177
2022-06-06,397183
2022-06-07,397940
2022-06-08,404662
2022-06-09,410229
2022-06-10,410889
2022-06-11,360463
2022-06-12,331696
2022-06-13,437805
2022-06-14,443760
2022-06-15,458398
2022-06-16,410494
2022-06-17,414016
2022-06-18,406263
2022-06-19,335842
2022-06-20,369249
2022-06-21,406738
2022-06-22,402537
2022-06-23,399953
2022-06-24,404898
2022-06-25,345004
2022-06-26,328331
2022-06-27,387038
2022-06-28,386520
2022-06-29,412541
2022-06-30,430836
2022-07-01,436746
2022-07-02,380126
2022-07-03,337203
2022-07-04,370860
2022-07-05,368604
2022-07-06,415657
2022-07-07,431568
2022-07-08,416097
2022-07-09,349620
2022-07-10,315137
2022-07-11,352786
2022-07-12,409793
2022-07-13,348580
2022-07-14,425929
2022-07-15,399808
2022-07-16,352250
2022-07-17,310783
2022-07-18,362727
2022-07-19,417774
2022-07-20,387866
2022-07-21,410237
2022-07-22,389995
2022-07-23,344355
2022-07-24,328129
2022-07-25,381319
2022-07-26,398257
2022-07-27,384341
2022-07-28,427574
2022-07-29,431442
2022-07-30,368190
2022-07-31,336108
2022-08-01,379293
2022-08-02,396129
2022-08-03,414837
2022-08-04,417964
2022-08-05,416781
2022-08-06,375883
2022-08-07,315000
2022-08-08,389163
2022-08-09,393586
2022-08-10,405171
2022-08-11,438998
2022-08-12,429841
2022-08-13,378814
2022-08-14,334627
2022-08-15,377515
2022-08-16,420592
2022-08-17,396636
2022-08-18,426277
2022-08-19,448856
2022-08-20,368518
2022-08-21,338049
2022-08-22,383787
2022-08-23,394729
2022-08-24,397682
2022-08-25,402137
2022-08-26,419006
2022-08-27,372221
2022-08-28,332740
2022-08-29,390672
2022-08-30,405289
2022-08-31,399383
2022-09-01,419295
