t,total_supply
2016-01-01,15032925.0
2016-01-02,15036550.0
2016-01-03,15040175.0
2016-01-04,15044700.0
2016-01-05,15048625.0
2016-01-06,15052150.0
2016-01-07,15055825.0
2016-01-08,15060150.0
2016-01-09,15063925.0
2016-01-10,15068300.0
2016-01-11,15072550.0
2016-01-12,15076800.0
2016-01-13,15080500.0
2016-01-14,15083825.0
2016-01-15,15086875.0
2016-01-16,15090425.0
2016-01-17,15094200.0
2016-01-18,15098525.0
2016-01-19,15101850.0
2016-01-20,15105650.0
2016-01-21,15109075.0
2016-01-22,15113475.0
2016-01-23,15117950.0
2016-01-24,15122225.0
2016-01-25,15126275.0
2016-01-26,15130275.0
2016-01-27,15134150.0
2016-01-28,15137800.0
2016-01-29,15142025.0
2016-01-30,15146700.0
2016-01-31,15151225.0
2016-02-01,15155250.0
2016-02-02,15159750.0
2016-02-03,15164225.0
2016-02-04,15168425.0
2016-02-05,15173125.0
2016-02-06,15178125.0
2016-02-07,15182525.0
2016-02-08,15186225.0
2016-02-09,15190625.0
2016-02-10,15194725.0
2016-02-11,15199525.0
2016-02-12,15203800.0
2016-02-13,15207700.0
2016-02-14,15211850.0
2016-02-15,15215650.0
2016-02-16,15219100.0
2016-02-17,15222975.0
2016-02-18,15227200.0
2016-02-19,15230825.0
2016-02-20,15234575.0
2016-02-21,15237775.0
2016-02-22,15240950.0
2016-02-23,15244350.0
2016-02-24,15247300.0
2016-02-25,15251175.0
2016-02-26,15254675.0
2016-02-27,15258350.0
2016-02-28,15261700.0
2016-02-29,15265025.0
2016-03-01,15268550.0
2016-03-02,15272475.0
2016-03-03,15275850.0
2016-03-04,15279725.0
2016-03-05,15283475.0
2016-03-06,15287175.0
2016-03-07,15290500.0
2016-03-08,15294350.0
2016-03-09,15298550.0
2016-03-10,15302425.0
2016-03-11,15306425.0
2016-03-12,15310025.0
2016-03-13,15313350.0
2016-03-14,15317150.0
2016-03-15,15321175.0
2016-03-16,15324975.0
2016-03-17,15328500.0
2016-03-18,15331900.0
2016-03-19,15335300.0
2016-03-20,15338950.0
2016-03-21,15342425.0
2016-03-22,15346125.0
2016-03-23,15349850.0
2016-03-24,15353525.0
2016-03-25,15357175.0
2016-03-26,15361000.0
2016-03-27,15364525.0
2016-03-28,15368775.0
2016-03-29,15372700.0
2016-03-30,15376375.0
2016-03-31,15379475.0
2016-04-01,15383300.0
2016-04-02,15386775.0
2016-04-03,15390325.0
2016-04-04,15394475.0
2016-04-05,15398350.0
2016-04-06,15402275.0
2016-04-07,15405750.0
2016-04-08,15409350.0
2016-04-09,15413400.0
2016-04-10,15417725.0
2016-04-11,15421550.0
2016-04-12,15425250.0
2016-04-13,15429350.0
2016-04-14,15433450.0
2016-04-15,15436925.0
2016-04-16,15440375.0
2016-04-17,15444325.0
2016-04-18,15447675.0
2016-04-19,15451425.0
2016-04-20,15455550.0
2016-04-21,15459325.0
2016-04-22,15462900.0
2016-04-23,15466500.0
2016-04-24,15469800.0
2016-04-25,15472975.0
2016-04-26,15476750.0
2016-04-27,15479975.0
2016-04-28,15483350.0
2016-04-29,15487300.0
2016-04-30,15490950.0
2016-05-01,15494825.0
2016-05-02,15498750.0
2016-05-03,15502525.0
2016-05-04,15506700.0
2016-05-05,15510575.0
2016-05-06,15514625.0
2016-05-07,15518375.0
2016-05-08,15522575.0
2016-05-09,15526850.0
2016-05-10,15530800.0
2016-05-11,15534125.0
2016-05-12,15537600.0
2016-05-13,15541400.0
2016-05-14,15545000.0
2016-05-15,15548475.0
2016-05-16,15552000.0
2016-05-17,15555525.0
2016-05-18,15559350.0
2016-05-19,15562350.0
2016-05-20,15566075.0
2016-05-21,15569600.0
2016-05-22,15574200.0
2016-05-23,15578700.0
2016-05-24,15582375.0
2016-05-25,15585825.0
2016-05-26,15589200.0
2016-05-27,15592675.0
2016-05-28,15596000.0
2016-05-29,15599675.0
2016-05-30,15603275.0
2016-05-31,15606450.0
2016-06-01,15610025.0
2016-06-02,15613475.0
2016-06-03,15617025.0
2016-06-04,15620000.0
2016-06-05,15624250.0
2016-06-06,15628500.0
2016-06-07,15632000.0
2016-06-08,15635600.0
2016-06-09,15639725.0
2016-06-10,15643325.0
2016-06-11,15647225.0
2016-06-12,15650875.0
2016-06-13,15654900.0
2016-06-14,15658200.0
2016-06-15,15662000.0
2016-06-16,15665725.0
2016-06-17,15669450.0
2016-06-18,15673400.0
2016-06-19,15677825.0
2016-06-20,15681925.0
2016-06-21,15685650.0
2016-06-22,15688875.0
2016-06-23,15692375.0
2016-06-24,15695600.0
2016-06-25,15699650.0
2016-06-26,15703300.0
2016-06-27,15706975.0
2016-06-28,15710675.0
2016-06-29,15714325.0
2016-06-30,15718075.0
2016-07-01,15721950.0
2016-07-02,15725675.0
2016-07-03,15729525.0
2016-07-04,15733300.0
2016-07-05,15736900.0
2016-07-06,15740425.0
2016-07-07,15743850.0
2016-07-08,15747475.0
2016-07-09,15750600.0
2016-07-10,15752550.0
2016-07-11,15754337.5
2016-07-12,15756125.0
2016-07-13,15757737.5
2016-07-14,15759500.0
2016-07-15,15761187.5
2016-07-16,15763150.0
2016-07-17,15765012.5
2016-07-18,15766862.5
2016-07-19,15768462.5
2016-07-20,15770337.5
2016-07-21,15772000.0
2016-07-22,15773612.5
2016-07-23,15775250.0
2016-07-24,15776800.0
2016-07-25,15778437.5
2016-07-26,15780050.0
2016-07-27,15781650.0
2016-07-28,15783350.0
2016-07-29,15785187.5
2016-07-30,15786675.0
2016-07-31,15788600.0
2016-08-01,15790512.5
2016-08-02,15792437.5
2016-08-03,15794512.5
2016-08-04,15796425.0
2016-08-05,15798537.5
2016-08-06,15800612.5
2016-08-07,15802462.5
2016-08-08,15804312.5
2016-08-09,15805862.5
2016-08-10,15807750.0
2016-08-11,15809625.0
2016-08-12,15811487.5
2016-08-13,15813525.0
2016-08-14,15815562.5
2016-08-15,15817387.5
2016-08-16,15819075.0
2016-08-17,15820612.5
2016-08-18,15822537.5
2016-08-19,15824462.5
2016-08-20,15826400.0
2016-08-21,15828437.5
2016-08-22,15830412.5
2016-08-23,15832250.0
2016-08-24,15834150.0
2016-08-25,15835775.0
2016-08-26,15837425.0
2016-08-27,15839225.0
2016-08-28,15841125.0
2016-08-29,15842987.5
2016-08-30,15845037.5
2016-08-31,15846712.5
2016-09-01,15848462.5
2016-09-02,15850375.0
2016-09-03,15851950.0
2016-09-04,15854187.5
2016-09-05,15855937.5
2016-09-06,15857637.5
2016-09-07,15859537.5
2016-09-08,15861337.5
2016-09-09,15863112.5
2016-09-10,15865050.0
2016-09-11,15867100.0
2016-09-12,15869137.5
2016-09-13,15871200.0
2016-09-14,15873150.0
2016-09-15,15875075.0
2016-09-16,15876812.5
2016-09-17,15878850.0
2016-09-18,15880662.5
2016-09-19,15882325.0
2016-09-20,15884212.5
2016-09-21,15886287.5
2016-09-22,15888050.0
2016-09-23,15889750.0
2016-09-24,15891825.0
2016-09-25,15894137.5
2016-09-26,15896050.0
2016-09-27,15898137.5
2016-09-28,15899987.5
2016-09-29,15901775.0
2016-09-30,15903550.0
2016-10-01,15905512.5
2016-10-02,15907275.0
2016-10-03,15909162.5
2016-10-04,15911137.5
2016-10-05,15913225.0
2016-10-06,15915237.5
2016-10-07,15917025.0
2016-10-08,15919137.5
2016-10-09,15921137.5
2016-10-10,15922687.5
2016-10-11,15924425.0
2016-10-12,15926225.0
2016-10-13,15927825.0
2016-10-14,15929525.0
2016-10-15,15931300.0
2016-10-16,15932925.0
2016-10-17,15934487.5
2016-10-18,15936425.0
2016-10-19,15937987.5
2016-10-20,15939662.5
2016-10-21,15941712.5
2016-10-22,15943575.0
2016-10-23,15945375.0
2016-10-24,15947162.5
2016-10-25,15948900.0
2016-10-26,15950625.0
2016-10-27,15952650.0
2016-10-28,15954550.0
2016-10-29,15956412.5
2016-10-30,15958512.5
2016-10-31,15960350.0
2016-11-01,15962150.0
2016-11-02,15963812.5
2016-11-03,15965750.0
2016-11-04,15967200.0
2016-11-05,15969037.5
2016-11-06,15970950.0
2016-11-07,15972775.0
2016-11-08,15974887.5
2016-11-09,15976725.0
2016-11-10,15978825.0
2016-11-11,15980862.5
2016-11-12,15982962.5
2016-11-13,15984737.5
2016-11-14,15986887.5
2016-11-15,15988837.5
2016-11-16,15990975.0
2016-11-17,15992962.5
2016-11-18,15994812.5
2016-11-19,15996587.5
2016-11-20,15998187.5
2016-11-21,15999925.0
2016-11-22,16001600.0
2016-11-23,16003437.5
2016-11-24,16005462.5
2016-11-25,16007362.5
2016-11-26,16009275.0
2016-11-27,16011075.0
2016-11-28,16013125.0
2016-11-29,16014987.5
2016-11-30,16016762.5
2016-12-01,16018587.5
2016-12-02,16020375.0
2016-12-03,16022525.0
2016-12-04,16024375.0
2016-12-05,16026275.0
2016-12-06,16028150.0
2016-12-07,16030325.0
2016-12-08,16032287.5
2016-12-09,16033975.0
2016-12-10,16035625.0
2016-12-11,16037962.5
2016-12-12,16039912.5
2016-12-13,16042137.5
2016-12-14,16043875.0
2016-12-15,16045462.5
2016-12-16,16047125.0
2016-12-17,16048925.0
2016-12-18,16050687.5
2016-12-19,16052575.0
2016-12-20,16054300.0
2016-12-21,16056287.5
2016-12-22,16058275.0
2016-12-23,16060175.0
2016-12-24,16061887.5
2016-12-25,16063950.0
2016-12-26,16065725.0
2016-12-27,16067675.0
2016-12-28,16069725.0
2016-12-29,16071600.0
2016-12-30,16073562.5
2016-12-31,16075412.5
2017-01-01,16077362.5
2017-01-02,16079350.0
2017-01-03,16081400.0
2017-01-04,16083312.5
2017-01-05,16085062.5
2017-01-06,16087075.0
2017-01-07,16088800.0
2017-01-08,16090887.5
2017-01-09,16092587.5
2017-01-10,16094587.5
2017-01-11,16096500.0
2017-01-12,16098650.0
2017-01-13,16100525.0
2017-01-14,16102675.0
2017-01-15,16104762.5
2017-01-16,16106875.0
2017-01-17,16108850.0
2017-01-18,16110725.0
2017-01-19,16112900.0
2017-01-20,16115262.5
2017-01-21,16117525.0
2017-01-22,16119700.0
2017-01-23,16121425.0
2017-01-24,16123287.5
2017-01-25,16125150.0
2017-01-26,16127087.5
2017-01-27,16129212.5
2017-01-28,16131112.5
2017-01-29,16133200.0
2017-01-30,16135000.0
2017-01-31,16136812.5
2017-02-01,16139212.5
2017-02-02,16141175.0
2017-02-03,16143037.5
2017-02-04,16144837.5
2017-02-05,16146825.0
2017-02-06,16148387.5
2017-02-07,16150275.0
2017-02-08,16152100.0
2017-02-09,16154212.5
2017-02-10,16156050.0
2017-02-11,16157787.5
2017-02-12,16159537.5
2017-02-13,16161575.0
2017-02-14,16163687.5
2017-02-15,16165425.0
2017-02-16,16167312.5
2017-02-17,16169200.0
2017-02-18,16171087.5
2017-02-19,16172762.5
2017-02-20,16174612.5
2017-02-21,16176337.5
2017-02-22,16178050.0
2017-02-23,16179937.5
2017-02-24,16181975.0
2017-02-25,16184062.5
2017-02-26,16186287.5
2017-02-27,16188087.5
2017-02-28,16190000.0
2017-03-01,16191800.0
2017-03-02,16193762.5
2017-03-03,16195650.0
2017-03-04,16197300.0
2017-03-05,16199137.5
2017-03-06,16200912.5
2017-03-07,16202825.0
2017-03-08,16204600.0
2017-03-09,16206450.0
2017-03-10,16208400.0
2017-03-11,16210262.5
2017-03-12,16212200.0
2017-03-13,16214012.5
2017-03-14,16215962.5
2017-03-15,16217737.5
2017-03-16,16219650.0
2017-03-17,16221575.0
2017-03-18,16223537.5
2017-03-19,16225600.0
2017-03-20,16227300.0
2017-03-21,16229075.0
2017-03-22,16231062.5
2017-03-23,16232912.5
2017-03-24,16235112.5
2017-03-25,16236775.0
2017-03-26,16238850.0
2017-03-27,16240500.0
2017-03-28,16242437.5
2017-03-29,16244162.5
2017-03-30,16246212.5
2017-03-31,16247900.0
2017-04-01,16249550.0
2017-04-02,16251525.0
2017-04-03,16253725.0
2017-04-04,16255287.5
2017-04-05,16257312.5
2017-04-06,16259150.0
2017-04-07,16261175.0
2017-04-08,16262887.5
2017-04-09,16264875.0
2017-04-10,16266712.5
2017-04-11,16268800.0
2017-04-12,16270575.0
2017-04-13,16272162.5
2017-04-14,16273900.0
2017-04-15,16275775.0
2017-04-16,16277600.0
2017-04-17,16279325.0
2017-04-18,16281150.0
2017-04-19,16282937.5
2017-04-20,16284662.5
2017-04-21,16286750.0
2017-04-22,16288562.5
2017-04-23,16290475.0
2017-04-24,16292025.0
2017-04-25,16293875.0
2017-04-26,16295787.5
2017-04-27,16297625.0
2017-04-28,16299325.0
2017-04-29,16301487.5
2017-04-30,16303375.0
2017-05-01,16305250.0
2017-05-02,16307225.0
2017-05-03,16308875.0
2017-05-04,16310975.0
2017-05-05,16312587.5
2017-05-06,16314687.5
2017-05-07,16316775.0
2017-05-08,16319025.0
2017-05-09,16320962.5
2017-05-10,16322812.5
2017-05-11,16324500.0
2017-05-12,16326425.0
2017-05-13,16328400.0
2017-05-14,16330450.0
2017-05-15,16332575.0
2017-05-16,16334225.0
2017-05-17,16336162.5
2017-05-18,16337937.5
2017-05-19,16339987.5
2017-05-20,16342050.0
2017-05-21,16343887.5
2017-05-22,16345712.5
2017-05-23,16347812.5
2017-05-24,16349737.5
2017-05-25,16351775.0
2017-05-26,16353687.5
2017-05-27,16355787.5
2017-05-28,16357850.0
2017-05-29,16359737.5
2017-05-30,16361975.0
2017-05-31,16364025.0
2017-06-01,16366150.0
2017-06-02,16367975.0
2017-06-03,16370375.0
2017-06-04,16372387.5
2017-06-05,16374437.5
2017-06-06,16376325.0
2017-06-07,16378387.5
2017-06-08,16380450.0
2017-06-09,16382337.5
2017-06-10,16384100.0
2017-06-11,16385925.0
2017-06-12,16387762.5
2017-06-13,16389525.0
2017-06-14,16391275.0
2017-06-15,16393187.5
2017-06-16,16395037.5
2017-06-17,16396850.0
2017-06-18,16398662.5
2017-06-19,16400550.0
2017-06-20,16402275.0
2017-06-21,16404025.0
2017-06-22,16405762.5
2017-06-23,16407762.5
2017-06-24,16409587.5
2017-06-25,16411112.5
2017-06-26,16412887.5
2017-06-27,16414525.0
2017-06-28,16416487.5
2017-06-29,16417987.5
2017-06-30,16419912.5
2017-07-01,16421962.5
2017-07-02,16424312.5
2017-07-03,16426437.5
2017-07-04,16428350.0
2017-07-05,16430212.5
2017-07-06,16431987.5
2017-07-07,16433837.5
2017-07-08,16435900.0
2017-07-09,16437625.0
2017-07-10,16440087.5
2017-07-11,16442250.0
2017-07-12,16444462.5
2017-07-13,16446425.0
2017-07-14,16448162.5
2017-07-15,16449750.0
2017-07-16,16451787.5
2017-07-17,16453637.5
2017-07-18,16455700.0
2017-07-19,16457562.5
2017-07-20,16459587.5
2017-07-21,16461512.5
2017-07-22,16463512.5
2017-07-23,16465662.5
2017-07-24,16467887.5
2017-07-25,16469737.5
2017-07-26,16471575.0
2017-07-27,16473500.0
2017-07-28,16475375.0
2017-07-29,16477337.5
2017-07-30,16479175.0
2017-07-31,16480987.5
2017-08-01,16482850.0
2017-08-02,16484750.0
2017-08-03,16486475.0
2017-08-04,16488712.5
2017-08-05,16490925.0
2017-08-06,16492675.0
2017-08-07,16494587.5
2017-08-08,16496637.5
2017-08-09,16498362.5
2017-08-10,16500037.5
2017-08-11,16501837.5
2017-08-12,16503525.0
2017-08-13,16505375.0
2017-08-14,16507000.0
2017-08-15,16508900.0
2017-08-16,16510525.0
2017-08-17,16512762.5
2017-08-18,16514625.0
2017-08-19,16516512.5
2017-08-20,16518137.5
2017-08-21,16519575.0
2017-08-22,16520687.5
2017-08-23,16522675.0
2017-08-24,16523937.5
2017-08-25,16525200.0
2017-08-26,16526512.5
2017-08-27,16528450.0
2017-08-28,16530062.5
2017-08-29,16531925.0
2017-08-30,16534025.0
2017-08-31,16536062.5
2017-09-01,16538237.5
2017-09-02,16540287.5
2017-09-03,16542212.5
2017-09-04,16544400.0
2017-09-05,16546862.5
2017-09-06,16548887.5
2017-09-07,16551087.5
2017-09-08,16553275.0
2017-09-09,16555387.5
2017-09-10,16557112.5
2017-09-11,16559287.5
2017-09-12,16561637.5
2017-09-13,16564012.5
2017-09-14,16566187.5
2017-09-15,16568437.5
2017-09-16,16570550.0
2017-09-17,16572750.0
2017-09-18,16574337.5
2017-09-19,16576287.5
2017-09-20,16577750.0
2017-09-21,16579950.0
2017-09-22,16581687.5
2017-09-23,16583762.5
2017-09-24,16585575.0
2017-09-25,16587137.5
2017-09-26,16588862.5
2017-09-27,16590700.0
2017-09-28,16592912.5
2017-09-29,16595025.0
2017-09-30,16596750.0
2017-10-01,16598375.0
2017-10-02,16600250.0
2017-10-03,16602537.5
2017-10-04,16604212.5
2017-10-05,16605775.0
2017-10-06,16607762.5
2017-10-07,16609737.5
2017-10-08,16612012.5
2017-10-09,16614025.0
2017-10-10,16616025.0
2017-10-11,16617762.5
2017-10-12,16619675.0
2017-10-13,16621375.0
2017-10-14,16623137.5
2017-10-15,16625575.0
2017-10-16,16627737.5
2017-10-17,16629800.0
2017-10-18,16631687.5
2017-10-19,16633912.5
2017-10-20,16636150.0
2017-10-21,16638062.5
2017-10-22,16640337.5
2017-10-23,16642475.0
2017-10-24,16644562.5
2017-10-25,16646875.0
2017-10-26,16649125.0
2017-10-27,16650425.0
2017-10-28,16651487.5
2017-10-29,16653412.5
2017-10-30,16655250.0
2017-10-31,16656975.0
2017-11-01,16658925.0
2017-11-02,16660800.0
2017-11-03,16662287.5
2017-11-04,16663912.5
2017-11-05,16665675.0
2017-11-06,16667337.5
2017-11-07,16669287.5
2017-11-08,16671087.5
2017-11-09,16673000.0
2017-11-10,16674500.0
2017-11-11,16675500.0
2017-11-12,16676500.0
2017-11-13,16678250.0
2017-11-14,16679850.0
2017-11-15,16681750.0
2017-11-16,16683650.0
2017-11-17,16685737.5
2017-11-18,16687437.5
2017-11-19,16689437.5
2017-11-20,16691625.0
2017-11-21,16693787.5
2017-11-22,16695637.5
2017-11-23,16697600.0
2017-11-24,16699462.5
2017-11-25,16701412.5
2017-11-26,16703325.0
2017-11-27,16705450.0
2017-11-28,16707400.0
2017-11-29,16709562.5
2017-11-30,16711650.0
2017-12-01,16713937.5
2017-12-02,16715950.0
2017-12-03,16718150.0
2017-12-04,16720412.5
2017-12-05,16722637.5
2017-12-06,16724987.5
2017-12-07,16726887.5
2017-12-08,16728837.5
2017-12-09,16731012.5
2017-12-10,16733062.5
2017-12-11,16735200.0
2017-12-12,16737150.0
2017-12-13,16739475.0
2017-12-14,16741787.5
2017-12-15,16743900.0
2017-12-16,16746037.5
2017-12-17,16748350.0
2017-12-18,16750625.0
2017-12-19,16752375.0
2017-12-20,16754075.0
2017-12-21,16755725.0
2017-12-22,16757662.5
2017-12-23,16759400.0
2017-12-24,16761300.0
2017-12-25,16762987.5
2017-12-26,16764762.5
2017-12-27,16766712.5
2017-12-28,16768575.0
2017-12-29,16770637.5
2017-12-30,16772475.0
2017-12-31,16774512.5
2018-01-01,16776462.5
2018-01-02,16778600.0
2018-01-03,16780562.5
2018-01-04,16782662.5
2018-01-05,16784450.0
2018-01-06,16786550.0
2018-01-07,16788575.0
2018-01-08,16790650.0
2018-01-09,16792700.0
2018-01-10,16794775.0
2018-01-11,16797187.5
2018-01-12,16799412.5
2018-01-13,16801275.0
2018-01-14,16803212.5
2018-01-15,16805087.5
2018-01-16,16807075.0
2018-01-17,16809162.5
2018-01-18,16811325.0
2018-01-19,16813387.5
2018-01-20,16815612.5
2018-01-21,16817950.0
2018-01-22,16820037.5
2018-01-23,16822250.0
2018-01-24,16824450.0
2018-01-25,16826425.0
2018-01-26,16828362.5
2018-01-27,16830325.0
2018-01-28,16832300.0
2018-01-29,16834150.0
2018-01-30,16836237.5
2018-01-31,16837700.0
2018-02-01,16839700.0
2018-02-02,16841800.0
2018-02-03,16843775.0
2018-02-04,16846000.0
2018-02-05,16848312.5
2018-02-06,16850437.5
2018-02-07,16852200.0
2018-02-08,16853837.5
2018-02-09,16855525.0
2018-02-10,16857312.5
2018-02-11,16859200.0
2018-02-12,16861275.0
2018-02-13,16863325.0
2018-02-14,16865562.5
2018-02-15,16867200.0
2018-02-16,16869162.5
2018-02-17,16871025.0
2018-02-18,16873050.0
2018-02-19,16875075.0
2018-02-20,16876837.5
2018-02-21,16878950.0
2018-02-22,16880812.5
2018-02-23,16882662.5
2018-02-24,16884475.0
2018-02-25,16886612.5
2018-02-26,16888375.0
2018-02-27,16890375.0
2018-02-28,16892312.5
2018-03-01,16894375.0
2018-03-02,16896325.0
2018-03-03,16898575.0
2018-03-04,16900425.0
2018-03-05,16902287.5
2018-03-06,16904237.5
2018-03-07,16906200.0
2018-03-08,16908225.0
2018-03-09,16910050.0
2018-03-10,16911800.0
2018-03-11,16913712.5
2018-03-12,16915725.0
2018-03-13,16917700.0
2018-03-14,16919500.0
2018-03-15,16921300.0
2018-03-16,16923250.0
2018-03-17,16925112.5
2018-03-18,16927000.0
2018-03-19,16928937.5
2018-03-20,16930525.0
2018-03-21,16932425.0
2018-03-22,16934212.5
2018-03-23,16935875.0
2018-03-24,16937825.0
2018-03-25,16939512.5
2018-03-26,16941387.5
2018-03-27,16943287.5
2018-03-28,16944975.0
2018-03-29,16946875.0
2018-03-30,16948900.0
2018-03-31,16950500.0
2018-04-01,16952525.0
2018-04-02,16954475.0
2018-04-03,16956512.5
2018-04-04,16958350.0
2018-04-05,16960300.0
2018-04-06,16962025.0
2018-04-07,16964275.0
2018-04-08,16966287.5
2018-04-09,16968125.0
2018-04-10,16970175.0
2018-04-11,16972187.5
2018-04-12,16974112.5
2018-04-13,16976175.0
2018-04-14,16977887.5
2018-04-15,16979925.0
2018-04-16,16981687.5
2018-04-17,16983712.5
2018-04-18,16985712.5
2018-04-19,16987937.5
2018-04-20,16989650.0
2018-04-21,16991637.5
2018-04-22,16993637.5
2018-04-23,16995550.0
2018-04-24,16997537.5
2018-04-25,16999075.0
2018-04-26,17000837.5
2018-04-27,17002612.5
2018-04-28,17004212.5
2018-04-29,17006187.5
2018-04-30,17008125.0
2018-05-01,17010100.0
2018-05-02,17011850.0
2018-05-03,17013737.5
2018-05-04,17015462.5
2018-05-05,17017475.0
2018-05-06,17019187.5
2018-05-07,17021062.5
2018-05-08,17022800.0
2018-05-09,17024800.0
2018-05-10,17026725.0
2018-05-11,17028312.5
2018-05-12,17030375.0
2018-05-13,17032225.0
2018-05-14,17033875.0
2018-05-15,17035700.0
2018-05-16,17037937.5
2018-05-17,17039587.5
2018-05-18,17041437.5
2018-05-19,17043362.5
2018-05-20,17045162.5
2018-05-21,17047125.0
2018-05-22,17049012.5
2018-05-23,17051037.5
2018-05-24,17052825.0
2018-05-25,17055025.0
2018-05-26,17057050.0
2018-05-27,17059100.0
2018-05-28,17061050.0
2018-05-29,17062787.5
2018-05-30,17064962.5
2018-05-31,17067087.5
2018-06-01,17069162.5
2018-06-02,17071062.5
2018-06-03,17073100.0
2018-06-04,17075387.5
2018-06-05,17077575.0
2018-06-06,17079412.5
2018-06-07,17081200.0
2018-06-08,17083012.5
2018-06-09,17084800.0
2018-06-10,17086387.5
2018-06-11,17088137.5
2018-06-12,17089950.0
2018-06-13,17091737.5
2018-06-14,17093650.0
2018-06-15,17095562.5
2018-06-16,17097637.5
2018-06-17,17099600.0
2018-06-18,17101650.0
2018-06-19,17103587.5
2018-06-20,17105525.0
2018-06-21,17107650.0
2018-06-22,17109537.5
2018-06-23,17111537.5
2018-06-24,17113675.0
2018-06-25,17115637.5
2018-06-26,17117462.5
2018-06-27,17118975.0
2018-06-28,17120937.5
2018-06-29,17122825.0
2018-06-30,17124587.5
2018-07-01,17126425.0
2018-07-02,17128187.5
2018-07-03,17129637.5
2018-07-04,17131312.5
2018-07-05,17133025.0
2018-07-06,17135025.0
2018-07-07,17136975.0
2018-07-08,17138950.0
2018-07-09,17140650.0
2018-07-10,17142512.5
2018-07-11,17144200.0
2018-07-12,17145962.5
2018-07-13,17147750.0
2018-07-14,17149412.5
2018-07-15,17151075.0
2018-07-16,17152575.0
2018-07-17,17154562.5
2018-07-18,17156737.5
2018-07-19,17158875.0
2018-07-20,17160800.0
2018-07-21,17162512.5
2018-07-22,17164787.5
2018-07-23,17166862.5
2018-07-24,17168850.0
2018-07-25,17171062.5
2018-07-26,17173125.0
2018-07-27,17175212.5
2018-07-28,17177025.0
2018-07-29,17179150.0
2018-07-30,17180825.0
2018-07-31,17182662.5
2018-08-01,17184537.5
2018-08-02,17186450.0
2018-08-03,17188525.0
2018-08-04,17190725.0
2018-08-05,17192725.0
2018-08-06,17194362.5
2018-08-07,17196250.0
2018-08-08,17198212.5
2018-08-09,17200075.0
2018-08-10,17202275.0
2018-08-11,17204400.0
2018-08-12,17206337.5
2018-08-13,17208212.5
2018-08-14,17209912.5
2018-08-15,17211925.0
2018-08-16,17213900.0
2018-08-17,17215800.0
2018-08-18,17217800.0
2018-08-19,17219612.5
2018-08-20,17221487.5
2018-08-21,17223337.5
2018-08-22,17225337.5
2018-08-23,17227200.0
2018-08-24,17229025.0
2018-08-25,17230712.5
2018-08-26,17232875.0
2018-08-27,17235187.5
2018-08-28,17237100.0
2018-08-29,17238837.5
2018-08-30,17240762.5
2018-08-31,17242700.0
2018-09-01,17244587.5
2018-09-02,17246387.5
2018-09-03,17248187.5
2018-09-04,17249762.5
2018-09-05,17251412.5
2018-09-06,17253287.5
2018-09-07,17255187.5
2018-09-08,17257062.5
2018-09-09,17259100.0
2018-09-10,17260787.5
2018-09-11,17262550.0
2018-09-12,17264650.0
2018-09-13,17266500.0
2018-09-14,17268150.0
2018-09-15,17269900.0
2018-09-16,17271637.5
2018-09-17,17273325.0
2018-09-18,17275100.0
2018-09-19,17277050.0
2018-09-20,17278975.0
2018-09-21,17280775.0
2018-09-22,17282712.5
2018-09-23,17284587.5
2018-09-24,17286437.5
2018-09-25,17288550.0
2018-09-26,17290287.5
2018-09-27,17292075.0
2018-09-28,17294000.0
2018-09-29,17295900.0
2018-09-30,17297937.5
2018-10-01,17299912.5
2018-10-02,17301625.0
2018-10-03,17303437.5
2018-10-04,17305312.5
2018-10-05,17306937.5
2018-10-06,17308500.0
2018-10-07,17310275.0
2018-10-08,17311962.5
2018-10-09,17313587.5
2018-10-10,17315387.5
2018-10-11,17317375.0
2018-10-12,17319025.0
2018-10-13,17320787.5
2018-10-14,17322212.5
2018-10-15,17324237.5
2018-10-16,17325925.0
2018-10-17,17327650.0
2018-10-18,17329375.0
2018-10-19,17331150.0
2018-10-20,17332937.5
2018-10-21,17334662.5
2018-10-22,17336600.0
2018-10-23,17338525.0
2018-10-24,17339937.5
2018-10-25,17341650.0
2018-10-26,17343437.5
2018-10-27,17345137.5
2018-10-28,17346887.5
2018-10-29,17348712.5
2018-10-30,17350637.5
2018-10-31,17352675.0
2018-11-01,17354600.0
2018-11-02,17356387.5
2018-11-03,17358400.0
2018-11-04,17359937.5
2018-11-05,17361737.5
2018-11-06,17363337.5
2018-11-07,17364962.5
2018-11-08,17366475.0
2018-11-09,17368062.5
2018-11-10,17369700.0
2018-11-11,17371525.0
2018-11-12,17373275.0
2018-11-13,17374775.0
2018-11-14,17376462.5
2018-11-15,17378050.0
2018-11-16,17379625.0
2018-11-17,17381437.5
2018-11-18,17382975.0
2018-11-19,17384550.0
2018-11-20,17386200.0
2018-11-21,17387512.5
2018-11-22,17389037.5
2018-11-23,17390600.0
2018-11-24,17392387.5
2018-11-25,17393975.0
2018-11-26,17395362.5
2018-11-27,17397000.0
2018-11-28,17398475.0
2018-11-29,17399787.5
2018-11-30,17401050.0
2018-12-01,17402600.0
2018-12-02,17404025.0
2018-12-03,17405450.0
2018-12-04,17407175.0
2018-12-05,17408800.0
2018-12-06,17410487.5
2018-12-07,17411912.5
2018-12-08,17413500.0
2018-12-09,17415100.0
2018-12-10,17416650.0
2018-12-11,17418212.5
2018-12-12,17419712.5
2018-12-13,17421350.0
2018-12-14,17423175.0
2018-12-15,17425037.5
2018-12-16,17426475.0
2018-12-17,17428475.0
2018-12-18,17430075.0
2018-12-19,17431937.5
2018-12-20,17433625.0
2018-12-21,17435375.0
2018-12-22,17437562.5
2018-12-23,17439762.5
2018-12-24,17441662.5
2018-12-25,17443650.0
2018-12-26,17445612.5
2018-12-27,17447787.5
2018-12-28,17449875.0
2018-12-29,17451600.0
2018-12-30,17453800.0
2018-12-31,17455737.5
2019-01-01,17457600.0
2019-01-02,17459487.5
2019-01-03,17461425.0
2019-01-04,17463287.5
2019-01-05,17465325.0
2019-01-06,17467087.5
2019-01-07,17468850.0
2019-01-08,17470962.5
2019-01-09,17473012.5
2019-01-10,17474962.5
2019-01-11,17476812.5
2019-01-12,17478537.5
2019-01-13,17480250.0
2019-01-14,17482112.5
2019-01-15,17483762.5
2019-01-16,17485425.0
2019-01-17,17487012.5
2019-01-18,17488737.5
2019-01-19,17490400.0
2019-01-20,17492362.5
2019-01-21,17494237.5
2019-01-22,17495862.5
2019-01-23,17497687.5
2019-01-24,17499712.5
2019-01-25,17501437.5
2019-01-26,17503312.5
2019-01-27,17505025.0
2019-01-28,17506837.5
2019-01-29,17508662.5
2019-01-30,17510362.5
2019-01-31,17512300.0
2019-02-01,17514275.0
2019-02-02,17516075.0
2019-02-03,17517800.0
2019-02-04,17519637.5
2019-02-05,17521475.0
2019-02-06,17523525.0
2019-02-07,17525700.0
2019-02-08,17527737.5
2019-02-09,17529612.5
2019-02-10,17531362.5
2019-02-11,17533175.0
2019-02-12,17534775.0
2019-02-13,17536687.5
2019-02-14,17538450.0
2019-02-15,17540037.5
2019-02-16,17541912.5
2019-02-17,17543900.0
2019-02-18,17545837.5
2019-02-19,17547787.5
2019-02-20,17549400.0
2019-02-21,17550900.0
2019-02-22,17552925.0
2019-02-23,17554712.5
2019-02-24,17556425.0
2019-02-25,17558212.5
2019-02-26,17560225.0
2019-02-27,17561987.5
2019-02-28,17563862.5
2019-03-01,17565887.5
2019-03-02,17567537.5
2019-03-03,17569362.5
2019-03-04,17571075.0
2019-03-05,17572937.5
2019-03-06,17574537.5
2019-03-07,17576312.5
2019-03-08,17578137.5
2019-03-09,17579862.5
2019-03-10,17581562.5
2019-03-11,17583337.5
2019-03-12,17585125.0
2019-03-13,17586812.5
2019-03-14,17588750.0
2019-03-15,17590662.5
2019-03-16,17592700.0
2019-03-17,17594525.0
2019-03-18,17596537.5
2019-03-19,17598712.5
2019-03-20,17600725.0
2019-03-21,17602512.5
2019-03-22,17604525.0
2019-03-23,17606337.5
2019-03-24,17608212.5
2019-03-25,17610062.5
2019-03-26,17611737.5
2019-03-27,17613600.0
2019-03-28,17615425.0
2019-03-29,17617262.5
2019-03-30,17619000.0
2019-03-31,17620737.5
2019-04-01,17622437.5
2019-04-02,17624400.0
2019-04-03,17626175.0
2019-04-04,17627925.0
2019-04-05,17629900.0
2019-04-06,17631637.5
2019-04-07,17633400.0
2019-04-08,17635250.0
2019-04-09,17636900.0
2019-04-10,17638750.0
2019-04-11,17640712.5
2019-04-12,17642600.0
2019-04-13,17644287.5
2019-04-14,17645812.5
2019-04-15,17647625.0
2019-04-16,17649437.5
2019-04-17,17651162.5
2019-04-18,17653025.0
2019-04-19,17654925.0
2019-04-20,17656562.5
2019-04-21,17658587.5
2019-04-22,17660262.5
2019-04-23,17661712.5
2019-04-24,17663750.0
2019-04-25,17665537.5
2019-04-26,17667425.0
2019-04-27,17669137.5
2019-04-28,17671175.0
2019-04-29,17673212.5
2019-04-30,17674962.5
2019-05-01,17677100.0
2019-05-02,17679400.0
2019-05-03,17681300.0
2019-05-04,17682950.0
2019-05-05,17684562.5
2019-05-06,17686450.0
2019-05-07,17688037.5
2019-05-08,17689937.5
2019-05-09,17691812.5
2019-05-10,17693375.0
2019-05-11,17695000.0
2019-05-12,17696975.0
2019-05-13,17699062.5
2019-05-14,17700962.5
2019-05-15,17702825.0
2019-05-16,17704650.0
2019-05-17,17706537.5
2019-05-18,17708450.0
2019-05-19,17710487.5
2019-05-20,17712500.0
2019-05-21,17714412.5
2019-05-22,17716500.0
2019-05-23,17718475.0
2019-05-24,17720387.5
2019-05-25,17722137.5
2019-05-26,17724200.0
2019-05-27,17726287.5
2019-05-28,17728337.5
2019-05-29,17730512.5
2019-05-30,17732512.5
2019-05-31,17733975.0
2019-06-01,17735862.5
2019-06-02,17737500.0
2019-06-03,17738987.5
2019-06-04,17740912.5
2019-06-05,17742912.5
2019-06-06,17744875.0
2019-06-07,17746850.0
2019-06-08,17748400.0
2019-06-09,17750237.5
2019-06-10,17752200.0
2019-06-11,17753987.5
2019-06-12,17755625.0
2019-06-13,17757512.5
2019-06-14,17759625.0
2019-06-15,17761450.0
2019-06-16,17763075.0
2019-06-17,17764737.5
2019-06-18,17766775.0
2019-06-19,17768987.5
2019-06-20,17770787.5
2019-06-21,17772450.0
2019-06-22,17774212.5
2019-06-23,17776475.0
2019-06-24,17778687.5
2019-06-25,17780512.5
2019-06-26,17782575.0
2019-06-27,17784350.0
2019-06-28,17786387.5
2019-06-29,17788562.5
2019-06-30,17790462.5
2019-07-01,17792250.0
2019-07-02,17794225.0
2019-07-03,17796375.0
2019-07-04,17798462.5
2019-07-05,17800825.0
2019-07-06,17803050.0
2019-07-07,17804962.5
2019-07-08,17807187.5
2019-07-09,17809112.5
2019-07-10,17810725.0
2019-07-11,17812337.5
2019-07-12,17814387.5
2019-07-13,17816150.0
2019-07-14,17817962.5
2019-07-15,17819787.5
2019-07-16,17821800.0
2019-07-17,17823475.0
2019-07-18,17824987.5
2019-07-19,17826462.5
2019-07-20,17828675.0
2019-07-21,17830537.5
2019-07-22,17832512.5
2019-07-23,17834300.0
2019-07-24,17836037.5
2019-07-25,17837912.5
2019-07-26,17839987.5
2019-07-27,17841887.5
2019-07-28,17844075.0
2019-07-29,17846175.0
2019-07-30,17847950.0
2019-07-31,17850087.5
2019-08-01,17851862.5
2019-08-02,17853975.0
2019-08-03,17856137.5
2019-08-04,17858225.0
2019-08-05,17860012.5
2019-08-06,17862025.0
2019-08-07,17863937.5
2019-08-08,17865700.0
2019-08-09,17867550.0
2019-08-10,17869437.5
2019-08-11,17871350.0
2019-08-12,17873012.5
2019-08-13,17874975.0
2019-08-14,17876875.0
2019-08-15,17878837.5
2019-08-16,17880675.0
2019-08-17,17882275.0
2019-08-18,17883850.0
2019-08-19,17885887.5
2019-08-20,17887800.0
2019-08-21,17889500.0
2019-08-22,17891262.5
2019-08-23,17893175.0
2019-08-24,17895175.0
2019-08-25,17897112.5
2019-08-26,17898825.0
2019-08-27,17900512.5
2019-08-28,17902400.0
2019-08-29,17904462.5
2019-08-30,17906462.5
2019-08-31,17908537.5
2019-09-01,17910325.0
2019-09-02,17912187.5
2019-09-03,17914237.5
2019-09-04,17915937.5
2019-09-05,17918000.0
2019-09-06,17919975.0
2019-09-07,17921850.0
2019-09-08,17924062.5
2019-09-09,17925887.5
2019-09-10,17928162.5
2019-09-11,17930462.5
2019-09-12,17932437.5
2019-09-13,17934312.5
2019-09-14,17936250.0
2019-09-15,17938087.5
2019-09-16,17940125.0
2019-09-17,17941975.0
2019-09-18,17944150.0
2019-09-19,17946000.0
2019-09-20,17947887.5
2019-09-21,17949962.5
2019-09-22,17952037.5
2019-09-23,17953462.5
2019-09-24,17955425.0
2019-09-25,17957375.0
2019-09-26,17959512.5
2019-09-27,17961162.5
2019-09-28,17963150.0
2019-09-29,17964850.0
2019-09-30,17966475.0
2019-10-01,17968262.5
2019-10-02,17970112.5
2019-10-03,17971950.0
2019-10-04,17973787.5
2019-10-05,17975762.5
2019-10-06,17977625.0
2019-10-07,17979562.5
2019-10-08,17981587.5
2019-10-09,17983312.5
2019-10-10,17985337.5
2019-10-11,17987287.5
2019-10-12,17988950.0
2019-10-13,17990725.0
2019-10-14,17992412.5
2019-10-15,17994325.0
2019-10-16,17996112.5
2019-10-17,17997987.5
2019-10-18,17999987.5
2019-10-19,18001762.5
2019-10-20,18003587.5
2019-10-21,18005575.0
2019-10-22,18007687.5
2019-10-23,18009787.5
2019-10-24,18011450.0
2019-10-25,18013175.0
2019-10-26,18014925.0
2019-10-27,18016362.5
2019-10-28,18018037.5
2019-10-29,18019700.0
2019-10-30,18021375.0
2019-10-31,18023025.0
2019-11-01,18024650.0
2019-11-02,18026325.0
2019-11-03,18028050.0
2019-11-04,18029700.0
2019-11-05,18031500.0
2019-11-06,18033150.0
2019-11-07,18034837.5
2019-11-08,18036437.5
2019-11-09,18038237.5
2019-11-10,18040312.5
2019-11-11,18042200.0
2019-11-12,18043887.5
2019-11-13,18045575.0
2019-11-14,18047687.5
2019-11-15,18049662.5
2019-11-16,18051512.5
2019-11-17,18053437.5
2019-11-18,18055187.5
2019-11-19,18057025.0
2019-11-20,18058800.0
2019-11-21,18060512.5
2019-11-22,18062162.5
2019-11-23,18064325.0
2019-11-24,18065962.5
2019-11-25,18067525.0
2019-11-26,18069050.0
2019-11-27,18070787.5
2019-11-28,18072825.0
2019-11-29,18074525.0
2019-11-30,18076100.0
2019-12-01,18077837.5
2019-12-02,18079650.0
2019-12-03,18081625.0
2019-12-04,18083712.5
2019-12-05,18085525.0
2019-12-06,18087337.5
2019-12-07,18089275.0
2019-12-08,18091125.0
2019-12-09,18092975.0
2019-12-10,18094825.0
2019-12-11,18096475.0
2019-12-12,18098137.5
2019-12-13,18100037.5
2019-12-14,18101925.0
2019-12-15,18103475.0
2019-12-16,18105437.5
2019-12-17,18107200.0
2019-12-18,18108875.0
2019-12-19,18110837.5
2019-12-20,18112787.5
2019-12-21,18114987.5
2019-12-22,18117100.0
2019-12-23,18118887.5
2019-12-24,18120450.0
2019-12-25,18122050.0
2019-12-26,18124137.5
2019-12-27,18125950.0
2019-12-28,18127812.5
2019-12-29,18129750.0
2019-12-30,18131825.0
2019-12-31,18133637.5
2020-01-01,18135812.5
2020-01-02,18137575.0
2020-01-03,18139687.5
2020-01-04,18141787.5
2020-01-05,18143825.0
2020-01-06,18145512.5
2020-01-07,18147712.5
2020-01-08,18149487.5
2020-01-09,18151450.0
2020-01-10,18153312.5
2020-01-11,18155350.0
2020-01-12,18157237.5
2020-01-13,18159025.0
2020-01-14,18160837.5
2020-01-15,18162725.0
2020-01-16,18164712.5
2020-01-17,18166700.0
2020-01-18,18168350.0
2020-01-19,18170225.0
2020-01-20,18172125.0
2020-01-21,18174037.5
2020-01-22,18175987.5
2020-01-23,18177975.0
2020-01-24,18179875.0
2020-01-25,18181925.0
2020-01-26,18183712.5
2020-01-27,18185325.0
2020-01-28,18187100.0
2020-01-29,18189100.0
2020-01-30,18191050.0
2020-01-31,18192850.0
2020-02-01,18194737.5
2020-02-02,18196525.0
2020-02-03,18198375.0
2020-02-04,18200025.0
2020-02-05,18202012.5
2020-02-06,18203700.0
2020-02-07,18205437.5
2020-02-08,18207175.0
2020-02-09,18209087.5
2020-02-10,18210612.5
2020-02-11,18212462.5
2020-02-12,18214237.5
2020-02-13,18216000.0
2020-02-14,18217687.5
2020-02-15,18219462.5
2020-02-16,18221237.5
2020-02-17,18223200.0
2020-02-18,18225075.0
2020-02-19,18226837.5
2020-02-20,18228412.5
2020-02-21,18230337.5
2020-02-22,18232187.5
2020-02-23,18233962.5
2020-02-24,18235725.0
2020-02-25,18237525.0
2020-02-26,18239225.0
2020-02-27,18241062.5
2020-02-28,18243037.5
2020-02-29,18244775.0
2020-03-01,18246987.5
2020-03-02,18248850.0
2020-03-03,18250762.5
2020-03-04,18252850.0
2020-03-05,18254887.5
2020-03-06,18256825.0
2020-03-07,18258787.5
2020-03-08,18260762.5
2020-03-09,18262637.5
2020-03-10,18264287.5
2020-03-11,18265775.0
2020-03-12,18267662.5
2020-03-13,18269225.0
2020-03-14,18270825.0
2020-03-15,18272312.5
2020-03-16,18273800.0
2020-03-17,18275337.5
2020-03-18,18276587.5
2020-03-19,18277925.0
2020-03-20,18279287.5
2020-03-21,18280837.5
2020-03-22,18282425.0
2020-03-23,18283825.0
2020-03-24,18285475.0
2020-03-25,18286625.0
2020-03-26,18288625.0
2020-03-27,18290562.5
2020-03-28,18292250.0
2020-03-29,18294137.5
2020-03-30,18295975.0
2020-03-31,18297962.5
2020-04-01,18299875.0
2020-04-02,18301787.5
2020-04-03,18303437.5
2020-04-04,18305400.0
2020-04-05,18307587.5
2020-04-06,18309187.5
2020-04-07,18311287.5
2020-04-08,18313087.5
2020-04-09,18315012.5
2020-04-10,18317050.0
2020-04-11,18319037.5
2020-04-12,18320950.0
2020-04-13,18323087.5
2020-04-14,18325187.5
2020-04-15,18327300.0
2020-04-16,18329225.0
2020-04-17,18330812.5
2020-04-18,18332787.5
2020-04-19,18334687.5
2020-04-20,18336700.0
2020-04-21,18338562.5
2020-04-22,18340200.0
2020-04-23,18341975.0
2020-04-24,18343775.0
2020-04-25,18345475.0
2020-04-26,18347187.5
2020-04-27,18348950.0
2020-04-28,18350875.0
2020-04-29,18352687.5
2020-04-30,18354375.0
2020-05-01,18356137.5
2020-05-02,18357987.5
2020-05-03,18360087.5
2020-05-04,18362062.5
2020-05-05,18364037.5
2020-05-06,18365962.5
2020-05-07,18367800.0
2020-05-08,18369512.5
2020-05-09,18371212.5
2020-05-10,18373337.5
2020-05-11,18375150.0
2020-05-12,18376062.5
2020-05-13,18376806.25
2020-05-14,18377518.75
2020-05-15,18378300.0
2020-05-16,18379087.5
2020-05-17,18379725.0
2020-05-18,18380525.0
2020-05-19,18381243.75
2020-05-20,18381962.5
2020-05-21,18382781.25
2020-05-22,18383475.0
2020-05-23,18384218.75
2020-05-24,18384943.75
2020-05-25,18385725.0
2020-05-26,18386500.0
2020-05-27,18387362.5
2020-05-28,18388181.25
2020-05-29,18388975.0
2020-05-30,18389950.0
2020-05-31,18390887.5
2020-06-01,18391725.0
2020-06-02,18392531.25
2020-06-03,18393400.0
2020-06-04,18394343.75
2020-06-05,18395462.5
2020-06-06,18396687.5
2020-06-07,18397681.25
2020-06-08,18398693.75
2020-06-09,18399693.75
2020-06-10,18400718.75
2020-06-11,18401875.0
2020-06-12,18402893.75
2020-06-13,18403881.25
2020-06-14,18404943.75
2020-06-15,18405806.25
2020-06-16,18406743.75
2020-06-17,18407606.25
2020-06-18,18408375.0
2020-06-19,18409268.75
2020-06-20,18410125.0
2020-06-21,18411037.5
2020-06-22,18411931.25
2020-06-23,18412918.75
2020-06-24,18413787.5
2020-06-25,18414668.75
2020-06-26,18415693.75
2020-06-27,18416556.25
2020-06-28,18417493.75
2020-06-29,18418400.0
2020-06-30,18419318.75
2020-07-01,18420331.25
2020-07-02,18421356.25
2020-07-03,18422375.0
2020-07-04,18423356.25
2020-07-05,18424375.0
2020-07-06,18425337.5
2020-07-07,18426343.75
2020-07-08,18427287.5
2020-07-09,18428312.5
2020-07-10,18429318.75
2020-07-11,18430293.75
2020-07-12,18431243.75
2020-07-13,18432162.5
2020-07-14,18433062.5
2020-07-15,18433925.0
2020-07-16,18434775.0
2020-07-17,18435512.5
2020-07-18,18436325.0
2020-07-19,18437143.75
2020-07-20,18438025.0
2020-07-21,18438806.25
2020-07-22,18439706.25
2020-07-23,18440556.25
2020-07-24,18441562.5
2020-07-25,18442450.0
2020-07-26,18443437.5
2020-07-27,18444368.75
2020-07-28,18445275.0
2020-07-29,18446200.0
2020-07-30,18447043.75
2020-07-31,18448000.0
2020-08-01,18448856.25
2020-08-02,18449737.5
2020-08-03,18450750.0
2020-08-04,18451656.25
2020-08-05,18452462.5
2020-08-06,18453437.5
2020-08-07,18454387.5
2020-08-08,18455275.0
2020-08-09,18456250.0
2020-08-10,18457106.25
2020-08-11,18458068.75
2020-08-12,18459050.0
2020-08-13,18459968.75
2020-08-14,18461012.5
2020-08-15,18461987.5
2020-08-16,18462937.5
2020-08-17,18463718.75
2020-08-18,18464593.75
2020-08-19,18465456.25
2020-08-20,18466368.75
2020-08-21,18467337.5
2020-08-22,18468187.5
2020-08-23,18469168.75
2020-08-24,18470100.0
2020-08-25,18470900.0
2020-08-26,18471787.5
2020-08-27,18472593.75
2020-08-28,18473612.5
2020-08-29,18474525.0
2020-08-30,18475318.75
2020-08-31,18476256.25
2020-09-01,18477218.75
2020-09-02,18478118.75
2020-09-03,18478925.0
2020-09-04,18479768.75
2020-09-05,18480650.0
2020-09-06,18481587.5
2020-09-07,18482681.25
2020-09-08,18483650.0
2020-09-09,18484581.25
2020-09-10,18485568.75
2020-09-11,18486431.25
2020-09-12,18487493.75
2020-09-13,18488506.25
2020-09-14,18489606.25
2020-09-15,18490581.25
2020-09-16,18491550.0
2020-09-17,18492662.5
2020-09-18,18493693.75
2020-09-19,18494625.0
2020-09-20,18495512.5
2020-09-21,18496418.75
2020-09-22,18497225.0
2020-09-23,18498112.5
2020-09-24,18498968.75
2020-09-25,18500025.0
2020-09-26,18500962.5
2020-09-27,18501912.5
2020-09-28,18502712.5
2020-09-29,18503600.0
2020-09-30,18504575.0
2020-10-01,18505350.0
2020-10-02,18506200.0
2020-10-03,18507143.75
2020-10-04,18508131.25
2020-10-05,18509006.25
2020-10-06,18509818.75
2020-10-07,18510762.5
2020-10-08,18511775.0
2020-10-09,18512662.5
2020-10-10,18513556.25
2020-10-11,18514431.25
2020-10-12,18515362.5
2020-10-13,18516400.0
2020-10-14,18517331.25
2020-10-15,18518275.0
2020-10-16,18519243.75
2020-10-17,18520225.0
2020-10-18,18520975.0
2020-10-19,18521756.25
2020-10-20,18522650.0
2020-10-21,18523468.75
2020-10-22,18524325.0
2020-10-23,18525143.75
2020-10-24,18526093.75
2020-10-25,18526825.0
2020-10-26,18527512.5
2020-10-27,18528131.25
2020-10-28,18528756.25
2020-10-29,18529431.25
2020-10-30,18530125.0
2020-10-31,18530831.25
2020-11-01,18531612.5
2020-11-02,18532206.25
2020-11-03,18533081.25
2020-11-04,18534075.0
2020-11-05,18534993.75
2020-11-06,18535950.0
2020-11-07,18536862.5
2020-11-08,18537725.0
2020-11-09,18538881.25
2020-11-10,18539800.0
2020-11-11,18540718.75
2020-11-12,18541718.75
2020-11-13,18542587.5
2020-11-14,18543475.0
2020-11-15,18544412.5
2020-11-16,18545412.5
2020-11-17,18546393.75
2020-11-18,18547450.0
2020-11-19,18548306.25
2020-11-20,18549356.25
2020-11-21,18550412.5
2020-11-22,18551500.0
2020-11-23,18552418.75
2020-11-24,18553268.75
2020-11-25,18554237.5
2020-11-26,18555175.0
2020-11-27,18556137.5
2020-11-28,18557100.0
2020-11-29,18558037.5
2020-11-30,18558743.75
2020-12-01,18559693.75
2020-12-02,18560512.5
2020-12-03,18561493.75
2020-12-04,18562393.75
2020-12-05,18563293.75
2020-12-06,18564143.75
2020-12-07,18565081.25
2020-12-08,18565981.25
2020-12-09,18566850.0
2020-12-10,18567662.5
2020-12-11,18568525.0
2020-12-12,18569350.0
2020-12-13,18570325.0
2020-12-14,18571231.25
2020-12-15,18572106.25
2020-12-16,18573000.0
2020-12-17,18573806.25
2020-12-18,18574787.5
2020-12-19,18575775.0
2020-12-20,18576718.75
2020-12-21,18577568.75
2020-12-22,18578462.5
2020-12-23,18579425.0
2020-12-24,18580212.5
2020-12-25,18581112.5
2020-12-26,18581968.75
2020-12-27,18582893.75
2020-12-28,18583893.75
2020-12-29,18584843.75
2020-12-30,18585918.75
2020-12-31,18586956.25
2021-01-01,18587887.5
2021-01-02,18588831.25
2021-01-03,18589818.75
2021-01-04,18590900.0
2021-01-05,18591881.25
2021-01-06,18592987.5
2021-01-07,18594037.5
2021-01-08,18594962.5
2021-01-09,18595831.25
2021-01-10,18596825.0
2021-01-11,18597787.5
2021-01-12,18598712.5
2021-01-13,18599662.5
2021-01-14,18600581.25
2021-01-15,18601550.0
2021-01-16,18602468.75
2021-01-17,18603300.0
2021-01-18,18604206.25
2021-01-19,18605137.5
2021-01-20,18606018.75
2021-01-21,18606825.0
2021-01-22,18607706.25
2021-01-23,18608681.25
2021-01-24,18609550.0
2021-01-25,18610425.0
2021-01-26,18611431.25
2021-01-27,18612318.75
2021-01-28,18613225.0
2021-01-29,18614175.0
2021-01-30,18615025.0
2021-01-31,18615925.0
2021-02-01,18616668.75
2021-02-02,18617625.0
2021-02-03,18618562.5
2021-02-04,18619562.5
2021-02-05,18620618.75
2021-02-06,18621612.5
2021-02-07,18622587.5
2021-02-08,18623600.0
2021-02-09,18624493.75
2021-02-10,18625387.5
2021-02-11,18626193.75
2021-02-12,18627081.25
2021-02-13,18628062.5
2021-02-14,18628987.5
2021-02-15,18629937.5
2021-02-16,18630693.75
2021-02-17,18631556.25
2021-02-18,18632412.5
2021-02-19,18633368.75
2021-02-20,18634281.25
2021-02-21,18635162.5
2021-02-22,18635993.75
2021-02-23,18636787.5
2021-02-24,18637781.25
2021-02-25,18638756.25
2021-02-26,18639625.0
2021-02-27,18640606.25
2021-02-28,18641425.0
2021-03-01,18642237.5
2021-03-02,18643131.25
2021-03-03,18644081.25
2021-03-04,18644881.25
2021-03-05,18645812.5
2021-03-06,18646762.5
2021-03-07,18647675.0
2021-03-08,18648643.75
2021-03-09,18649518.75
2021-03-10,18650450.0
2021-03-11,18651275.0
2021-03-12,18652212.5
2021-03-13,18653106.25
2021-03-14,18654087.5
2021-03-15,18655012.5
2021-03-16,18655943.75
2021-03-17,18656793.75
2021-03-18,18657743.75
2021-03-19,18658668.75
2021-03-20,18659631.25
2021-03-21,18660606.25
2021-03-22,18661550.0
2021-03-23,18662556.25
2021-03-24,18663506.25
2021-03-25,18664468.75
2021-03-26,18665318.75
2021-03-27,18666312.5
2021-03-28,18667306.25
2021-03-29,18668250.0
2021-03-30,18669162.5
2021-03-31,18670143.75
2021-04-01,18671050.0
2021-04-02,18671925.0
2021-04-03,18672743.75
2021-04-04,18673656.25
2021-04-05,18674631.25
2021-04-06,18675531.25
2021-04-07,18676512.5
2021-04-08,18677350.0
2021-04-09,18678300.0
2021-04-10,18679281.25
2021-04-11,18680187.5
2021-04-12,18681087.5
2021-04-13,18681975.0
2021-04-14,18682818.75
2021-04-15,18683893.75
2021-04-16,18684537.5
2021-04-17,18685106.25
2021-04-18,18685881.25
2021-04-19,18686487.5
2021-04-20,18687287.5
2021-04-21,18687918.75
2021-04-22,18688812.5
2021-04-23,18689656.25
2021-04-24,18690562.5
2021-04-25,18691443.75
2021-04-26,18692156.25
2021-04-27,18693043.75
2021-04-28,18693931.25
2021-04-29,18694693.75
2021-04-30,18695600.0
2021-05-01,18696468.75
2021-05-02,18697625.0
2021-05-03,18698731.25
2021-05-04,18699862.5
2021-05-05,18700843.75
2021-05-06,18701906.25
2021-05-07,18702981.25
2021-05-08,18704050.0
2021-05-09,18705212.5
2021-05-10,18706337.5
2021-05-11,18707412.5
2021-05-12,18708487.5
2021-05-13,18709493.75
2021-05-14,18710331.25
2021-05-15,18711100.0
2021-05-16,18711925.0
2021-05-17,18712681.25
2021-05-18,18713306.25
2021-05-19,18714087.5
2021-05-20,18714787.5
2021-05-21,18715475.0
2021-05-22,18716200.0
2021-05-23,18716943.75
2021-05-24,18717731.25
2021-05-25,18718500.0
2021-05-26,18719262.5
2021-05-27,18719993.75
2021-05-28,18720737.5
2021-05-29,18721462.5
2021-05-30,18722362.5
2021-05-31,18723243.75
2021-06-01,18724131.25
2021-06-02,18725168.75
2021-06-03,18726087.5
2021-06-04,18726906.25
2021-06-05,18727725.0
2021-06-06,18728662.5
2021-06-07,18729493.75
2021-06-08,18730425.0
2021-06-09,18731212.5
2021-06-10,18731950.0
2021-06-11,18732606.25
2021-06-12,18733431.25
2021-06-13,18734256.25
2021-06-14,18735100.0
2021-06-15,18735918.75
2021-06-16,18736687.5
2021-06-17,18737500.0
2021-06-18,18738275.0
2021-06-19,18738918.75
2021-06-20,18739575.0
2021-06-21,18740231.25
2021-06-22,18740800.0
2021-06-23,18741431.25
2021-06-24,18742087.5
2021-06-25,18742775.0
2021-06-26,18743331.25
2021-06-27,18743693.75
2021-06-28,18744243.75
2021-06-29,18744806.25
2021-06-30,18745356.25
2021-07-01,18745956.25
2021-07-02,18746518.75
2021-07-03,18747312.5
2021-07-04,18748031.25
2021-07-05,18748856.25
2021-07-06,18749743.75
2021-07-07,18750512.5
2021-07-08,18751381.25
2021-07-09,18752200.0
2021-07-10,18753206.25
2021-07-11,18753987.5
2021-07-12,18754775.0
2021-07-13,18755625.0
2021-07-14,18756687.5
2021-07-15,18757487.5
2021-07-16,18758425.0
2021-07-17,18759318.75
2021-07-18,18760218.75
2021-07-19,18761281.25
2021-07-20,18762043.75
2021-07-21,18762950.0
2021-07-22,18763893.75
2021-07-23,18764750.0
2021-07-24,18765712.5
2021-07-25,18766668.75
2021-07-26,18767606.25
2021-07-27,18768668.75
2021-07-28,18769650.0
2021-07-29,18770650.0
2021-07-30,18771687.5
2021-07-31,18772675.0
2021-08-01,18773637.5
2021-08-02,18774531.25
2021-08-03,18775587.5
2021-08-04,18776437.5
2021-08-05,18777437.5
2021-08-06,18778431.25
2021-08-07,18779475.0
2021-08-08,18780462.5
2021-08-09,18781412.5
2021-08-10,18782443.75
2021-08-11,18783362.5
2021-08-12,18784306.25
2021-08-13,18785193.75
2021-08-14,18786218.75
2021-08-15,18787356.25
2021-08-16,18788362.5
2021-08-17,18789437.5
2021-08-18,18790281.25
2021-08-19,18791243.75
2021-08-20,18792243.75
2021-08-21,18793306.25
2021-08-22,18794331.25
2021-08-23,18795562.5
2021-08-24,18796525.0
2021-08-25,18797525.0
2021-08-26,18798437.5
2021-08-27,18799350.0
2021-08-28,18800231.25
2021-08-29,18801206.25
2021-08-30,18802050.0
2021-08-31,18802950.0
2021-09-01,18803806.25
2021-09-02,18804737.5
2021-09-03,18805662.5
2021-09-04,18806631.25
2021-09-05,18807656.25
2021-09-06,18808731.25
2021-09-07,18809687.5
2021-09-08,18810575.0
2021-09-09,18811431.25
2021-09-10,18812281.25
2021-09-11,18813206.25
2021-09-12,18814125.0
2021-09-13,18815118.75
2021-09-14,18816168.75
2021-09-15,18817056.25
2021-09-16,18817906.25
2021-09-17,18818825.0
2021-09-18,18819793.75
2021-09-19,18820793.75
2021-09-20,18821818.75
2021-09-21,18822587.5
2021-09-22,18823425.0
2021-09-23,18824456.25
2021-09-24,18825381.25
2021-09-25,18826281.25
2021-09-26,18827150.0
2021-09-27,18828118.75
2021-09-28,18829068.75
2021-09-29,18829881.25
2021-09-30,18830950.0
2021-10-01,18831825.0
2021-10-02,18833000.0
2021-10-03,18833937.5
2021-10-04,18834912.5
2021-10-05,18835937.5
2021-10-06,18836756.25
2021-10-07,18837637.5
2021-10-08,18838387.5
2021-10-09,18839325.0
2021-10-10,18840318.75
2021-10-11,18841231.25
2021-10-12,18842068.75
2021-10-13,18843125.0
2021-10-14,18843981.25
2021-10-15,18844862.5
2021-10-16,18845693.75
2021-10-17,18846693.75
2021-10-18,18847618.75
2021-10-19,18848587.5
2021-10-20,18849518.75
2021-10-21,18850443.75
2021-10-22,18851431.25
2021-10-23,18852337.5
2021-10-24,18853293.75
2021-10-25,18854431.25
2021-10-26,18855368.75
2021-10-27,18856350.0
2021-10-28,18857306.25
2021-10-29,18858375.0
2021-10-30,18859343.75
2021-10-31,18860212.5
2021-11-01,18861137.5
2021-11-02,18862125.0
2021-11-03,18863131.25
2021-11-04,18864025.0
2021-11-05,18864993.75
2021-11-06,18865956.25
2021-11-07,18866912.5
2021-11-08,18867756.25
2021-11-09,18868706.25
2021-11-10,18869637.5
2021-11-11,18870625.0
2021-11-12,18871512.5
2021-11-13,18872468.75
2021-11-14,18873450.0
2021-11-15,18874393.75
2021-11-16,18875331.25
2021-11-17,18876262.5
2021-11-18,18877162.5
2021-11-19,18878018.75
2021-11-20,18878925.0
2021-11-21,18879750.0
2021-11-22,18880631.25
2021-11-23,18881456.25
2021-11-24,18882437.5
2021-11-25,18883250.0
2021-11-26,18884075.0
2021-11-27,18884968.75
2021-11-28,18885837.5
2021-11-29,18886731.25
2021-11-30,18887568.75
2021-12-01,18888425.0
2021-12-02,18889393.75
2021-12-03,18890443.75
2021-12-04,18891412.5
2021-12-05,18892450.0
2021-12-06,18893525.0
2021-12-07,18894487.5
2021-12-08,18895537.5
2021-12-09,18896556.25
2021-12-10,18897531.25
2021-12-11,18898475.0
2021-12-12,18899350.0
2021-12-13,18900231.25
2021-12-14,18901156.25
2021-12-15,18902037.5
2021-12-16,18902756.25
2021-12-17,18903687.5
2021-12-18,18904487.5
2021-12-19,18905418.75
2021-12-20,18906318.75
2021-12-21,18907325.0
2021-12-22,18908250.0
2021-12-23,18909200.0
2021-12-24,18910137.5
2021-12-25,18911062.5
2021-12-26,18911900.0
2021-12-27,18912825.0
2021-12-28,18913662.5
2021-12-29,18914568.75
2021-12-30,18915312.5
2021-12-31,18916243.75
2022-01-01,18917318.75
2022-01-02,18918306.25
2022-01-03,18919181.25
2022-01-04,18920100.0
2022-01-05,18921037.5
2022-01-06,18921950.0
2022-01-07,18922825.0
2022-01-08,18923725.0
2022-01-09,18924606.25
2022-01-10,18925493.75
2022-01-11,18926481.25
2022-01-12,18927350.0
2022-01-13,18928468.75
2022-01-14,18929462.5
2022-01-15,18930500.0
2022-01-16,18931593.75
2022-01-17,18932600.0
2022-01-18,18933450.0
2022-01-19,18934531.25
2022-01-20,18935587.5
2022-01-21,18936425.0
2022-01-22,18937262.5
2022-01-23,18938143.75
2022-01-24,18939081.25
2022-01-25,18940031.25
2022-01-26,18940843.75
2022-01-27,18941662.5
2022-01-28,18942625.0
2022-01-29,18943556.25
2022-01-30,18944468.75
2022-01-31,18945362.5
2022-02-01,18946325.0
2022-02-02,18947281.25
2022-02-03,18948200.0
2022-02-04,18949012.5
2022-02-05,18949756.25
2022-02-06,18950731.25
2022-02-07,18951581.25
2022-02-08,18952543.75
2022-02-09,18953418.75
2022-02-10,18954337.5
2022-02-11,18955225.0
2022-02-12,18956393.75
2022-02-13,18957381.25
2022-02-14,18958337.5
2022-02-15,18959431.25
2022-02-16,18960406.25
2022-02-17,18961387.5
2022-02-18,18962225.0
2022-02-19,18963156.25
2022-02-20,18964056.25
2022-02-21,18964825.0
2022-02-22,18965775.0
2022-02-23,18966712.5
2022-02-24,18967537.5
2022-02-25,18968375.0
2022-02-26,18969156.25
2022-02-27,18970006.25
2022-02-28,18970968.75
2022-03-01,18971981.25
2022-03-02,18972831.25
2022-03-03,18973756.25
2022-03-04,18974625.0
2022-03-05,18975393.75
2022-03-06,18976212.5
2022-03-07,18977137.5
2022-03-08,18978062.5
2022-03-09,18978925.0
2022-03-10,18979831.25
2022-03-11,18980693.75
2022-03-12,18981668.75
2022-03-13,18982612.5
2022-03-14,18983568.75
2022-03-15,18984437.5
2022-03-16,18985406.25
2022-03-17,18986400.0
2022-03-18,18987293.75
2022-03-19,18988262.5
2022-03-20,18989225.0
2022-03-21,18990181.25
2022-03-22,18991112.5
2022-03-23,18992018.75
2022-03-24,18992912.5
2022-03-25,18993887.5
2022-03-26,18994893.75
2022-03-27,18995712.5
2022-03-28,18996706.25
2022-03-29,18997650.0
2022-03-30,18998493.75
2022-03-31,18999356.25
2022-04-01,19000237.5
2022-04-02,19001081.25
2022-04-03,19001950.0
2022-04-04,19002937.5
2022-04-05,19003843.75
2022-04-06,19004781.25
2022-04-07,19005643.75
2022-04-08,19006481.25
2022-04-09,19007437.5
2022-04-10,19008312.5
2022-04-11,19009168.75
2022-04-12,19010125.0
2022-04-13,19011000.0
2022-04-14,19011862.5
2022-04-15,19012725.0
2022-04-16,19013687.5
2022-04-17,19014718.75
2022-04-18,19015556.25
2022-04-19,19016331.25
2022-04-20,19017331.25
2022-04-21,19018387.5
2022-04-22,19019231.25
2022-04-23,19020250.0
2022-04-24,19021318.75
2022-04-25,19022331.25
2022-04-26,19023206.25
2022-04-27,19024268.75
2022-04-28,19025093.75
2022-04-29,19026031.25
2022-04-30,19026968.75
2022-05-01,19028012.5
2022-05-02,19029012.5
2022-05-03,19029950.0
2022-05-04,19030862.5
2022-05-05,19031843.75
2022-05-06,19032731.25
2022-05-07,19033625.0
2022-05-08,19034593.75
2022-05-09,19035562.5
2022-05-10,19036518.75
2022-05-11,19037425.0
2022-05-12,19038268.75
2022-05-13,19039218.75
2022-05-14,19040100.0
2022-05-15,19040862.5
2022-05-16,19041887.5
2022-05-17,19042806.25
2022-05-18,19043643.75
2022-05-19,19044406.25
2022-05-20,19045206.25
2022-05-21,19046050.0
2022-05-22,19046812.5
2022-05-23,19047812.5
2022-05-24,19048562.5
2022-05-25,19049462.5
2022-05-26,19050343.75
2022-05-27,19051206.25
2022-05-28,19052131.25
2022-05-29,19053062.5
2022-05-30,19054025.0
2022-05-31,19054937.5
2022-06-01,19055787.5
2022-06-02,19056568.75
2022-06-03,19057462.5
2022-06-04,19058331.25
2022-06-05,19059243.75
2022-06-06,19060181.25
2022-06-07,19061193.75
2022-06-08,19062306.25
2022-06-09,19063218.75
2022-06-10,19064137.5
2022-06-11,19065100.0
2022-06-12,19065893.75
2022-06-13,19066725.0
2022-06-14,19067637.5
2022-06-15,19068668.75
2022-06-16,19069412.5
2022-06-17,19070087.5
2022-06-18,19071062.5
2022-06-19,19071893.75
2022-06-20,19072718.75
2022-06-21,19073656.25
2022-06-22,19074462.5
2022-06-23,19075412.5
2022-06-24,19076218.75
2022-06-25,19077162.5
2022-06-26,19078025.0
2022-06-27,19078875.0
2022-06-28,19079787.5
2022-06-29,19080731.25
2022-06-30,19081800.0
2022-07-01,19082637.5
2022-07-02,19083500.0
2022-07-03,19084468.75
2022-07-04,19085362.5
2022-07-05,19086100.0
2022-07-06,19086893.75
2022-07-07,19087875.0
2022-07-08,19088800.0
2022-07-09,19089637.5
2022-07-10,19090593.75
2022-07-11,19091362.5
2022-07-12,19092306.25
2022-07-13,19092993.75
2022-07-14,19093768.75
2022-07-15,19094656.25
2022-07-16,19095581.25
2022-07-17,19096356.25
2022-07-18,19097175.0
2022-07-19,19098037.5
2022-07-20,19098825.0
2022-07-21,19099693.75
2022-07-22,19100518.75
2022-07-23,19101481.25
2022-07-24,19102462.5
2022-07-25,19103350.0
2022-07-26,19104350.0
2022-07-27,19105381.25
2022-07-28,19106262.5
2022-07-29,19107175.0
2022-07-30,19107981.25
2022-07-31,19108931.25
2022-08-01,19109781.25
2022-08-02,19110750.0
2022-08-03,19111656.25
2022-08-04,19112481.25
2022-08-05,19113418.75
2022-08-06,19114425.0
2022-08-07,19115418.75
2022-08-08,19116318.75
2022-08-09,19117212.5
2022-08-10,19118137.5
2022-08-11,19119012.5
2022-08-12,19119975.0
2022-08-13,19120843.75
2022-08-14,19121675.0
2022-08-15,19122581.25
2022-08-16,19123506.25
2022-08-17,19124312.5
2022-08-18,19125212.5
2022-08-19,19126325.0
2022-08-20,19127256.25
2022-08-21,19128168.75
2022-08-22,19129075.0
2022-08-23,19130150.0
2022-08-24,19131062.5
2022-08-25,19132056.25
2022-08-26,19133156.25
2022-08-27,19134062.5
2022-08-28,19135068.75
2022-08-29,19136050.0
2022-08-30,19137062.5
2022-08-31,19137975.0
2022-09-01,19138837.5
