t,total_addresses
2016-01-01,115629296
2016-01-02,115810686
2016-01-03,115983606
2016-01-04,116198416
2016-01-05,116419547
2016-01-06,116624714
2016-01-07,116851406
2016-01-08,117067608
2016-01-09,117288723
2016-01-10,117492140
2016-01-11,117723289
2016-01-12,117960074
2016-01-13,118183244
2016-01-14,118407117
2016-01-15,118628014
2016-01-16,118882076
2016-01-17,119128878
2016-01-18,119381860
2016-01-19,119592591
2016-01-20,119861785
2016-01-21,120133961
2016-01-22,120393674
2016-01-23,120630106
2016-01-24,120866209
2016-01-25,121140581
2016-01-26,121428098
2016-01-27,121707305
2016-01-28,122000559
2016-01-29,122293833
2016-01-30,122543689
2016-01-31,122767413
2016-02-01,123048042
2016-02-02,123370902
2016-02-03,123618464
2016-02-04,123866775
2016-02-05,124139344
2016-02-06,124404862
2016-02-07,124677450
2016-02-08,124938994
2016-02-09,125215631
2016-02-10,125489974
2016-02-11,125769228
2016-02-12,126035926
2016-02-13,126274297
2016-02-14,126500603
2016-02-15,126761352
2016-02-16,127019837
2016-02-17,127310650
2016-02-18,127579514
2016-02-19,127845786
2016-02-20,128102564
2016-02-21,128340101
2016-02-22,128621901
2016-02-23,128903598
2016-02-24,129149453
2016-02-25,129413971
2016-02-26,129657146
2016-02-27,129890471
2016-02-28,130159815
2016-02-29,130439086
2016-03-01,130726654
2016-03-02,131026206
2016-03-03,131263617
2016-03-04,131494911
2016-03-05,131743168
2016-03-06,131922275
2016-03-07,132127366
2016-03-08,132362177
2016-03-09,132582894
2016-03-10,132806111
2016-03-11,133026533
2016-03-12,133223049
2016-03-13,133404434
2016-03-14,133623218
2016-03-15,133851246
2016-03-16,134095991
2016-03-17,134336978
2016-03-18,134571116
2016-03-19,134777277
2016-03-20,134985097
2016-03-21,135208268
2016-03-22,135444019
2016-03-23,135665331
2016-03-24,135880901
2016-03-25,136081595
2016-03-26,136260917
2016-03-27,136435986
2016-03-28,136648010
2016-03-29,136867350
2016-03-30,137092713
2016-03-31,137312861
2016-04-01,137540894
2016-04-02,137745797
2016-04-03,137945323
2016-04-04,138183044
2016-04-05,138418892
2016-04-06,138660555
2016-04-07,138893082
2016-04-08,139118673
2016-04-09,139329906
2016-04-10,139530327
2016-04-11,139760755
2016-04-12,140016283
2016-04-13,140257424
2016-04-14,140498013
2016-04-15,140719008
2016-04-16,140918910
2016-04-17,141130802
2016-04-18,141360550
2016-04-19,141601959
2016-04-20,141838466
2016-04-21,142077974
2016-04-22,142306653
2016-04-23,142508342
2016-04-24,142708228
2016-04-25,142945900
2016-04-26,143211162
2016-04-27,143457528
2016-04-28,143690695
2016-04-29,143939514
2016-04-30,144160272
2016-05-01,144350986
2016-05-02,144566748
2016-05-03,144789339
2016-05-04,145006297
2016-05-05,145220729
2016-05-06,145435718
2016-05-07,145628762
2016-05-08,145812126
2016-05-09,146036561
2016-05-10,146268699
2016-05-11,146493669
2016-05-12,146713941
2016-05-13,146933874
2016-05-14,147135085
2016-05-15,147321257
2016-05-16,147554875
2016-05-17,147783414
2016-05-18,148018136
2016-05-19,148237155
2016-05-20,148442259
2016-05-21,148633390
2016-05-22,148810258
2016-05-23,149030588
2016-05-24,149265657
2016-05-25,149501042
2016-05-26,149724230
2016-05-27,149955885
2016-05-28,150168743
2016-05-29,150356544
2016-05-30,150577893
2016-05-31,150804595
2016-06-01,151046579
2016-06-02,151279874
2016-06-03,151521580
2016-06-04,151722434
2016-06-05,151918565
2016-06-06,152154506
2016-06-07,152400527
2016-06-08,152638484
2016-06-09,152891657
2016-06-10,153135120
2016-06-11,153353055
2016-06-12,153568571
2016-06-13,153829173
2016-06-14,154085950
2016-06-15,154358686
2016-06-16,154636219
2016-06-17,154906795
2016-06-18,155151215
2016-06-19,155374071
2016-06-20,155639160
2016-06-21,155907963
2016-06-22,156157198
2016-06-23,156418492
2016-06-24,156675026
2016-06-25,156896651
2016-06-26,157091495
2016-06-27,157326007
2016-06-28,157574567
2016-06-29,157814274
2016-06-30,158066720
2016-07-01,158298391
2016-07-02,158514398
2016-07-03,158708630
2016-07-04,158942113
2016-07-05,159178324
2016-07-06,159417664
2016-07-07,159659727
2016-07-08,159884986
2016-07-09,160093114
2016-07-10,160276172
2016-07-11,160508622
2016-07-12,160751346
2016-07-13,160984269
2016-07-14,161218154
2016-07-15,161447945
2016-07-16,161654183
2016-07-17,161840412
2016-07-18,162074491
2016-07-19,162302919
2016-07-20,162542048
2016-07-21,162767000
2016-07-22,162996590
2016-07-23,163199876
2016-07-24,163390592
2016-07-25,163632071
2016-07-26,163879449
2016-07-27,164120944
2016-07-28,164361453
2016-07-29,164591461
2016-07-30,164796533
2016-07-31,164994772
2016-08-01,165235486
2016-08-02,165504701
2016-08-03,165763605
2016-08-04,166009149
2016-08-05,166254479
2016-08-06,166468233
2016-08-07,166660689
2016-08-08,166902701
2016-08-09,167153279
2016-08-10,167414195
2016-08-11,167682048
2016-08-12,167929923
2016-08-13,168153513
2016-08-14,168359319
2016-08-15,168576646
2016-08-16,168846666
2016-08-17,169108677
2016-08-18,169371065
2016-08-19,169632910
2016-08-20,169878018
2016-08-21,170088805
2016-08-22,170342736
2016-08-23,170608468
2016-08-24,170871051
2016-08-25,171122010
2016-08-26,171371731
2016-08-27,171600279
2016-08-28,171802437
2016-08-29,172040126
2016-08-30,172318383
2016-08-31,172578214
2016-09-01,172835132
2016-09-02,173083577
2016-09-03,173315007
2016-09-04,173531709
2016-09-05,173794014
2016-09-06,174061248
2016-09-07,174341471
2016-09-08,174612479
2016-09-09,174875900
2016-09-10,175115228
2016-09-11,175348428
2016-09-12,175604158
2016-09-13,175880737
2016-09-14,176151768
2016-09-15,176421023
2016-09-16,176668582
2016-09-17,176927903
2016-09-18,177152754
2016-09-19,177417602
2016-09-20,177703871
2016-09-21,177982305
2016-09-22,178249262
2016-09-23,178516712
2016-09-24,178761675
2016-09-25,178995916
2016-09-26,179278392
2016-09-27,179573826
2016-09-28,179866342
2016-09-29,180166846
2016-09-30,180469303
2016-10-01,180733690
2016-10-02,180968619
2016-10-03,181286991
2016-10-04,181617215
2016-10-05,181938855
2016-10-06,182275251
2016-10-07,182595195
2016-10-08,182895302
2016-10-09,183149267
2016-10-10,183417830
2016-10-11,183730930
2016-10-12,184011860
2016-10-13,184294665
2016-10-14,184590829
2016-10-15,184855698
2016-10-16,185103046
2016-10-17,185397148
2016-10-18,185704267
2016-10-19,185947310
2016-10-20,186285197
2016-10-21,186601226
2016-10-22,186866488
2016-10-23,187102703
2016-10-24,187379280
2016-10-25,187674659
2016-10-26,187958724
2016-10-27,188336184
2016-10-28,188640753
2016-10-29,188919144
2016-10-30,189167298
2016-10-31,189457020
2016-11-01,189755134
2016-11-02,190086893
2016-11-03,190419497
2016-11-04,190731373
2016-11-05,191031111
2016-11-06,191304326
2016-11-07,191640730
2016-11-08,192001974
2016-11-09,192331736
2016-11-10,192667719
2016-11-11,192980439
2016-11-12,193272193
2016-11-13,193547883
2016-11-14,193882985
2016-11-15,194235206
2016-11-16,194572994
2016-11-17,194912049
2016-11-18,195250927
2016-11-19,195562596
2016-11-20,195857471
2016-11-21,196205475
2016-11-22,196555852
2016-11-23,196892877
2016-11-24,197285687
2016-11-25,197652151
2016-11-26,197984696
2016-11-27,198271268
2016-11-28,198640167
2016-11-29,198995147
2016-11-30,199356470
2016-12-01,199651675
2016-12-02,200065574
2016-12-03,200420538
2016-12-04,200725518
2016-12-05,201085013
2016-12-06,201504109
2016-12-07,201899746
2016-12-08,202254031
2016-12-09,202589822
2016-12-10,202905377
2016-12-11,203195113
2016-12-12,203534731
2016-12-13,203894472
2016-12-14,204247628
2016-12-15,204595064
2016-12-16,204940433
2016-12-17,205240140
2016-12-18,205523485
2016-12-19,205871402
2016-12-20,206231747
2016-12-21,206624065
2016-12-22,207010432
2016-12-23,207381089
2016-12-24,207673813
2016-12-25,207904942
2016-12-26,208200668
2016-12-27,208560312
2016-12-28,208932862
2016-12-29,209305862
2016-12-30,209659034
2016-12-31,209964739
2017-01-01,210176230
2017-01-02,210525354
2017-01-03,210886882
2017-01-04,211279286
2017-01-05,211629495
2017-01-06,212028289
2017-01-07,212358731
2017-01-08,212662586
2017-01-09,212990463
2017-01-10,213362597
2017-01-11,213706196
2017-01-12,214047146
2017-01-13,214374504
2017-01-14,214669193
2017-01-15,214947644
2017-01-16,215272414
2017-01-17,215626417
2017-01-18,215979462
2017-01-19,216342854
2017-01-20,216704027
2017-01-21,217027288
2017-01-22,217313168
2017-01-23,217599507
2017-01-24,217964599
2017-01-25,218328940
2017-01-26,218698077
2017-01-27,219025046
2017-01-28,219338626
2017-01-29,219637605
2017-01-30,219944444
2017-01-31,220323536
2017-02-01,220753356
2017-02-02,221067475
2017-02-03,221476453
2017-02-04,221824301
2017-02-05,222179037
2017-02-06,222462445
2017-02-07,222872799
2017-02-08,223234302
2017-02-09,223644272
2017-02-10,223997281
2017-02-11,224309585
2017-02-12,224587623
2017-02-13,224928017
2017-02-14,225295153
2017-02-15,225638714
2017-02-16,225971207
2017-02-17,226349593
2017-02-18,226689403
2017-02-19,226994888
2017-02-20,227327956
2017-02-21,227660632
2017-02-22,227995802
2017-02-23,228384305
2017-02-24,228796317
2017-02-25,229167576
2017-02-26,229473108
2017-02-27,229805582
2017-02-28,230182924
2017-03-01,230551806
2017-03-02,230946454
2017-03-03,231354617
2017-03-04,231681486
2017-03-05,232028530
2017-03-06,232390048
2017-03-07,232795594
2017-03-08,233159518
2017-03-09,233538499
2017-03-10,233919451
2017-03-11,234270711
2017-03-12,234549766
2017-03-13,234890179
2017-03-14,235279759
2017-03-15,235643216
2017-03-16,236059709
2017-03-17,236420789
2017-03-18,236754359
2017-03-19,237092615
2017-03-20,237441938
2017-03-21,237814969
2017-03-22,238217345
2017-03-23,238583376
2017-03-24,238947487
2017-03-25,239275580
2017-03-26,239579536
2017-03-27,239886477
2017-03-28,240273077
2017-03-29,240644934
2017-03-30,241004439
2017-03-31,241348994
2017-04-01,241683318
2017-04-02,241999968
2017-04-03,242371331
2017-04-04,242715406
2017-04-05,243117213
2017-04-06,243499038
2017-04-07,243877026
2017-04-08,244184976
2017-04-09,244502080
2017-04-10,244876535
2017-04-11,245286937
2017-04-12,245669868
2017-04-13,245983950
2017-04-14,246372245
2017-04-15,246716970
2017-04-16,246995358
2017-04-17,247320039
2017-04-18,247711359
2017-04-19,248109646
2017-04-20,248461360
2017-04-21,248885466
2017-04-22,249234951
2017-04-23,249557484
2017-04-24,249862074
2017-04-25,250285963
2017-04-26,250725652
2017-04-27,251114285
2017-04-28,251521307
2017-04-29,251951854
2017-04-30,252303079
2017-05-01,252677055
2017-05-02,253105741
2017-05-03,253498005
2017-05-04,253967667
2017-05-05,254323778
2017-05-06,254797566
2017-05-07,255185925
2017-05-08,255657328
2017-05-09,256099565
2017-05-10,256504831
2017-05-11,256898712
2017-05-12,257313831
2017-05-13,257742681
2017-05-14,258226157
2017-05-15,258648903
2017-05-16,258961028
2017-05-17,259378065
2017-05-18,259767015
2017-05-19,260197276
2017-05-20,260675271
2017-05-21,261108312
2017-05-22,261548614
2017-05-23,262032692
2017-05-24,262479285
2017-05-25,262951512
2017-05-26,263420283
2017-05-27,263866464
2017-05-28,264261158
2017-05-29,264676445
2017-05-30,265133756
2017-05-31,265568531
2017-06-01,266004111
2017-06-02,266374457
2017-06-03,266780686
2017-06-04,267139496
2017-06-05,267545458
2017-06-06,267973894
2017-06-07,268452518
2017-06-08,268879612
2017-06-09,269282113
2017-06-10,269636683
2017-06-11,269952576
2017-06-12,270336450
2017-06-13,270759441
2017-06-14,271164233
2017-06-15,271571677
2017-06-16,271945959
2017-06-17,272275555
2017-06-18,272565264
2017-06-19,272944268
2017-06-20,273346162
2017-06-21,273759955
2017-06-22,274134683
2017-06-23,274486854
2017-06-24,274800759
2017-06-25,275050584
2017-06-26,275405850
2017-06-27,275768970
2017-06-28,276157289
2017-06-29,276489815
2017-06-30,276857791
2017-07-01,277158823
2017-07-02,277426488
2017-07-03,277773568
2017-07-04,278131152
2017-07-05,278456865
2017-07-06,278783143
2017-07-07,279169174
2017-07-08,279475787
2017-07-09,279740381
2017-07-10,280095801
2017-07-11,280464384
2017-07-12,280824762
2017-07-13,281174618
2017-07-14,281497175
2017-07-15,281801079
2017-07-16,282079703
2017-07-17,282413314
2017-07-18,282788641
2017-07-19,283153340
2017-07-20,283490057
2017-07-21,283869749
2017-07-22,284169406
2017-07-23,284419719
2017-07-24,284754203
2017-07-25,285101357
2017-07-26,285437470
2017-07-27,285755760
2017-07-28,286107977
2017-07-29,286400612
2017-07-30,286683461
2017-07-31,287038216
2017-08-01,287252371
2017-08-02,287557683
2017-08-03,287872771
2017-08-04,288206788
2017-08-05,288548670
2017-08-06,288838782
2017-08-07,289209205
2017-08-08,289612317
2017-08-09,290001228
2017-08-10,290388296
2017-08-11,290814580
2017-08-12,291185982
2017-08-13,291561793
2017-08-14,291949279
2017-08-15,292399526
2017-08-16,292801000
2017-08-17,293260661
2017-08-18,293661291
2017-08-19,294029048
2017-08-20,294334385
2017-08-21,294687908
2017-08-22,294988537
2017-08-23,295439638
2017-08-24,295748590
2017-08-25,296066823
2017-08-26,296403963
2017-08-27,296754162
2017-08-28,297092789
2017-08-29,297509168
2017-08-30,297909029
2017-08-31,298322497
2017-09-01,298735888
2017-09-02,299084283
2017-09-03,299371912
2017-09-04,299756656
2017-09-05,300162594
2017-09-06,300573197
2017-09-07,300949353
2017-09-08,301345073
2017-09-09,301657625
2017-09-10,301936627
2017-09-11,302303194
2017-09-12,302680781
2017-09-13,303058323
2017-09-14,303442859
2017-09-15,303864496
2017-09-16,304197340
2017-09-17,304488317
2017-09-18,304821891
2017-09-19,305231358
2017-09-20,305581564
2017-09-21,305952317
2017-09-22,306290105
2017-09-23,306581134
2017-09-24,306848008
2017-09-25,307186335
2017-09-26,307568556
2017-09-27,307945483
2017-09-28,308344617
2017-09-29,308716997
2017-09-30,309033162
2017-10-01,309329355
2017-10-02,309740944
2017-10-03,310150200
2017-10-04,310495678
2017-10-05,310885454
2017-10-06,311287184
2017-10-07,311637821
2017-10-08,311968159
2017-10-09,312377821
2017-10-10,312799803
2017-10-11,313219879
2017-10-12,313644460
2017-10-13,314093411
2017-10-14,314499305
2017-10-15,314895057
2017-10-16,315343672
2017-10-17,315819106
2017-10-18,316280531
2017-10-19,316767692
2017-10-20,317192692
2017-10-21,317616330
2017-10-22,317999794
2017-10-23,318456651
2017-10-24,318958934
2017-10-25,319405002
2017-10-26,319788383
2017-10-27,320158832
2017-10-28,320462212
2017-10-29,320922747
2017-10-30,321398226
2017-10-31,321827145
2017-11-01,322346000
2017-11-02,322860829
2017-11-03,323299891
2017-11-04,323731488
2017-11-05,324108578
2017-11-06,324526341
2017-11-07,325021833
2017-11-08,325474101
2017-11-09,325985322
2017-11-10,326405029
2017-11-11,326704754
2017-11-12,327010793
2017-11-13,327484638
2017-11-14,327900312
2017-11-15,328386293
2017-11-16,328846572
2017-11-17,329284222
2017-11-18,329695262
2017-11-19,330090908
2017-11-20,330589141
2017-11-21,331108710
2017-11-22,331571382
2017-11-23,332086452
2017-11-24,332537047
2017-11-25,333018717
2017-11-26,333519779
2017-11-27,334106433
2017-11-28,334684971
2017-11-29,335324058
2017-11-30,335913576
2017-12-01,336490441
2017-12-02,336957267
2017-12-03,337482179
2017-12-04,338095601
2017-12-05,338717331
2017-12-06,339415206
2017-12-07,340056233
2017-12-08,340713752
2017-12-09,341345509
2017-12-10,341869897
2017-12-11,342467698
2017-12-12,343077905
2017-12-13,343760084
2017-12-14,344560264
2017-12-15,345219615
2017-12-16,345798332
2017-12-17,346423413
2017-12-18,347070500
2017-12-19,347707329
2017-12-20,348315584
2017-12-21,348892174
2017-12-22,349505532
2017-12-23,349988481
2017-12-24,350406534
2017-12-25,350753932
2017-12-26,351145924
2017-12-27,351654124
2017-12-28,352150397
2017-12-29,352713531
2017-12-30,353262140
2017-12-31,353703286
2018-01-01,354079681
2018-01-02,354644463
2018-01-03,355294816
2018-01-04,356000318
2018-01-05,356593075
2018-01-06,357182785
2018-01-07,357803885
2018-01-08,358382276
2018-01-09,358999482
2018-01-10,359583062
2018-01-11,360134883
2018-01-12,360625369
2018-01-13,361058371
2018-01-14,361438881
2018-01-15,361887752
2018-01-16,362364774
2018-01-17,362866320
2018-01-18,363352712
2018-01-19,363731907
2018-01-20,364105467
2018-01-21,364428633
2018-01-22,364798048
2018-01-23,365149760
2018-01-24,365530249
2018-01-25,365882457
2018-01-26,366219352
2018-01-27,366605451
2018-01-28,366916089
2018-01-29,367258231
2018-01-30,367611051
2018-01-31,367924550
2018-02-01,368309563
2018-02-02,368660032
2018-02-03,368936648
2018-02-04,369184938
2018-02-05,369493226
2018-02-06,369851566
2018-02-07,370167090
2018-02-08,370424765
2018-02-09,370702172
2018-02-10,370976062
2018-02-11,371202925
2018-02-12,371489295
2018-02-13,371768538
2018-02-14,372063189
2018-02-15,372365490
2018-02-16,372644241
2018-02-17,372907287
2018-02-18,373149861
2018-02-19,373435293
2018-02-20,373741716
2018-02-21,374047846
2018-02-22,374325899
2018-02-23,374596429
2018-02-24,374819339
2018-02-25,375037743
2018-02-26,375315893
2018-02-27,375644263
2018-02-28,375917303
2018-03-01,376261398
2018-03-02,376561741
2018-03-03,376827137
2018-03-04,377071672
2018-03-05,377377934
2018-03-06,377673835
2018-03-07,377975926
2018-03-08,378258010
2018-03-09,378539983
2018-03-10,378767332
2018-03-11,378986704
2018-03-12,379255016
2018-03-13,379526892
2018-03-14,379804028
2018-03-15,380099682
2018-03-16,380370755
2018-03-17,380594412
2018-03-18,380832332
2018-03-19,381108271
2018-03-20,381392905
2018-03-21,381674205
2018-03-22,381944891
2018-03-23,382206194
2018-03-24,382437087
2018-03-25,382637595
2018-03-26,382909930
2018-03-27,383180570
2018-03-28,383438736
2018-03-29,383711835
2018-03-30,383973884
2018-03-31,384185116
2018-04-01,384380248
2018-04-02,384620631
2018-04-03,384906974
2018-04-04,385175366
2018-04-05,385438508
2018-04-06,385697756
2018-04-07,385913476
2018-04-08,386110269
2018-04-09,386361409
2018-04-10,386630566
2018-04-11,386894321
2018-04-12,387190227
2018-04-13,387504213
2018-04-14,387743376
2018-04-15,388008601
2018-04-16,388297531
2018-04-17,388596483
2018-04-18,388893085
2018-04-19,389207837
2018-04-20,389512342
2018-04-21,389795669
2018-04-22,390046546
2018-04-23,390359889
2018-04-24,390723140
2018-04-25,391034665
2018-04-26,391348462
2018-04-27,391653624
2018-04-28,391918835
2018-04-29,392175959
2018-04-30,392488775
2018-05-01,392808416
2018-05-02,393118386
2018-05-03,393453789
2018-05-04,393772454
2018-05-05,394064560
2018-05-06,394306313
2018-05-07,394602630
2018-05-08,394914118
2018-05-09,395217765
2018-05-10,395523770
2018-05-11,395826215
2018-05-12,396083381
2018-05-13,396314349
2018-05-14,396621879
2018-05-15,396937156
2018-05-16,397232481
2018-05-17,397507113
2018-05-18,397806240
2018-05-19,398050323
2018-05-20,398283382
2018-05-21,398575511
2018-05-22,398868211
2018-05-23,399178640
2018-05-24,399467992
2018-05-25,399746396
2018-05-26,399971787
2018-05-27,400179126
2018-05-28,400438700
2018-05-29,400726046
2018-05-30,401020748
2018-05-31,401323854
2018-06-01,401622469
2018-06-02,401870324
2018-06-03,402102321
2018-06-04,402398877
2018-06-05,402703128
2018-06-06,403000411
2018-06-07,403287960
2018-06-08,403572671
2018-06-09,403811378
2018-06-10,404052596
2018-06-11,404340363
2018-06-12,404636460
2018-06-13,404924731
2018-06-14,405213878
2018-06-15,405498020
2018-06-16,405719230
2018-06-17,405922325
2018-06-18,406202784
2018-06-19,406473511
2018-06-20,406756848
2018-06-21,407031429
2018-06-22,407309734
2018-06-23,407540027
2018-06-24,407753853
2018-06-25,408026415
2018-06-26,408296241
2018-06-27,408558229
2018-06-28,408817711
2018-06-29,409090977
2018-06-30,409332478
2018-07-01,409543730
2018-07-02,409817560
2018-07-03,410119698
2018-07-04,410405882
2018-07-05,410677940
2018-07-06,410959665
2018-07-07,411187581
2018-07-08,411408252
2018-07-09,411691266
2018-07-10,411985143
2018-07-11,412260742
2018-07-12,412530956
2018-07-13,412819105
2018-07-14,413056169
2018-07-15,413275627
2018-07-16,413562381
2018-07-17,413890369
2018-07-18,414220524
2018-07-19,414530794
2018-07-20,414837954
2018-07-21,415089142
2018-07-22,415324654
2018-07-23,415641916
2018-07-24,416002246
2018-07-25,416352873
2018-07-26,416673563
2018-07-27,416992964
2018-07-28,417253694
2018-07-29,417498989
2018-07-30,417817065
2018-07-31,418153307
2018-08-01,418484015
2018-08-02,418795953
2018-08-03,419105616
2018-08-04,419372442
2018-08-05,419605780
2018-08-06,419905929
2018-08-07,420226375
2018-08-08,420549729
2018-08-09,420853877
2018-08-10,421163252
2018-08-11,421418393
2018-08-12,421641639
2018-08-13,421945402
2018-08-14,422285139
2018-08-15,422626970
2018-08-16,422944666
2018-08-17,423265518
2018-08-18,423527508
2018-08-19,423772573
2018-08-20,424086340
2018-08-21,424389020
2018-08-22,424712106
2018-08-23,425009589
2018-08-24,425312934
2018-08-25,425584111
2018-08-26,425817252
2018-08-27,426126391
2018-08-28,426453127
2018-08-29,426790264
2018-08-30,427103305
2018-08-31,427428748
2018-09-01,427713442
2018-09-02,427965464
2018-09-03,428269926
2018-09-04,428590276
2018-09-05,428925784
2018-09-06,429260511
2018-09-07,429574892
2018-09-08,429850622
2018-09-09,430101256
2018-09-10,430402654
2018-09-11,430723637
2018-09-12,431035835
2018-09-13,431351783
2018-09-14,431649755
2018-09-15,431933890
2018-09-16,432176344
2018-09-17,432509529
2018-09-18,432847884
2018-09-19,433187332
2018-09-20,433534402
2018-09-21,433904837
2018-09-22,434212861
2018-09-23,434481748
2018-09-24,434802914
2018-09-25,435139761
2018-09-26,435464369
2018-09-27,435794883
2018-09-28,436138163
2018-09-29,436429273
2018-09-30,436703153
2018-10-01,437030955
2018-10-02,437365682
2018-10-03,437772914
2018-10-04,438128459
2018-10-05,438470914
2018-10-06,438776867
2018-10-07,439093177
2018-10-08,439420154
2018-10-09,439733041
2018-10-10,440060621
2018-10-11,440397557
2018-10-12,440718819
2018-10-13,440986713
2018-10-14,441237175
2018-10-15,441574897
2018-10-16,441911899
2018-10-17,442251190
2018-10-18,442579700
2018-10-19,442907221
2018-10-20,443199459
2018-10-21,443466573
2018-10-22,443798733
2018-10-23,444127078
2018-10-24,444453567
2018-10-25,444775126
2018-10-26,445098045
2018-10-27,445386927
2018-10-28,445655896
2018-10-29,445992247
2018-10-30,446339104
2018-10-31,446691515
2018-11-01,447036207
2018-11-02,447390872
2018-11-03,447698264
2018-11-04,447972721
2018-11-05,448342212
2018-11-06,448704036
2018-11-07,449065604
2018-11-08,449407667
2018-11-09,449759650
2018-11-10,450065882
2018-11-11,450350185
2018-11-12,450698774
2018-11-13,451035186
2018-11-14,451383664
2018-11-15,451724855
2018-11-16,452063879
2018-11-17,452347677
2018-11-18,452599977
2018-11-19,452905201
2018-11-20,453263260
2018-11-21,453572842
2018-11-22,453879428
2018-11-23,454172916
2018-11-24,454433242
2018-11-25,454690791
2018-11-26,454996224
2018-11-27,455302278
2018-11-28,455602002
2018-11-29,455908845
2018-11-30,456211804
2018-12-01,456482758
2018-12-02,456727973
2018-12-03,457014033
2018-12-04,457359836
2018-12-05,457658169
2018-12-06,457985920
2018-12-07,458295066
2018-12-08,458549733
2018-12-09,458794428
2018-12-10,459090717
2018-12-11,459386224
2018-12-12,459686299
2018-12-13,459987119
2018-12-14,460287512
2018-12-15,460559230
2018-12-16,460803511
2018-12-17,461124101
2018-12-18,461440875
2018-12-19,461778246
2018-12-20,462101009
2018-12-21,462420869
2018-12-22,462681776
2018-12-23,462926226
2018-12-24,463202091
2018-12-25,463430651
2018-12-26,463694793
2018-12-27,463988750
2018-12-28,464305223
2018-12-29,464597001
2018-12-30,464856068
2018-12-31,465120975
2019-01-01,465325537
2019-01-02,465612491
2019-01-03,465925016
2019-01-04,466225825
2019-01-05,466492385
2019-01-06,466756900
2019-01-07,467065582
2019-01-08,467390332
2019-01-09,467709028
2019-01-10,468037855
2019-01-11,468349097
2019-01-12,468623925
2019-01-13,468876688
2019-01-14,469193865
2019-01-15,469521493
2019-01-16,469873957
2019-01-17,470195902
2019-01-18,470523083
2019-01-19,470800625
2019-01-20,471064445
2019-01-21,471372150
2019-01-22,471684472
2019-01-23,472015211
2019-01-24,472344523
2019-01-25,472676284
2019-01-26,472993299
2019-01-27,473256690
2019-01-28,473586372
2019-01-29,473924928
2019-01-30,474249302
2019-01-31,474592392
2019-02-01,474929680
2019-02-02,475222989
2019-02-03,475495754
2019-02-04,475813887
2019-02-05,476174324
2019-02-06,476516875
2019-02-07,476852892
2019-02-08,477193745
2019-02-09,477486832
2019-02-10,477748883
2019-02-11,478068598
2019-02-12,478415273
2019-02-13,478805537
2019-02-14,479136643
2019-02-15,479454649
2019-02-16,479761813
2019-02-17,480030838
2019-02-18,480378222
2019-02-19,480757982
2019-02-20,481125284
2019-02-21,481465880
2019-02-22,481835334
2019-02-23,482141692
2019-02-24,482433811
2019-02-25,482776899
2019-02-26,483148703
2019-02-27,483510549
2019-02-28,483874774
2019-03-01,484232771
2019-03-02,484577430
2019-03-03,484869826
2019-03-04,485218872
2019-03-05,485591442
2019-03-06,485954697
2019-03-07,486312885
2019-03-08,486675110
2019-03-09,486998061
2019-03-10,487266298
2019-03-11,487652401
2019-03-12,488017516
2019-03-13,488376936
2019-03-14,488757000
2019-03-15,489128410
2019-03-16,489450514
2019-03-17,489731212
2019-03-18,490089249
2019-03-19,490469992
2019-03-20,490843715
2019-03-21,491214565
2019-03-22,491578423
2019-03-23,491888095
2019-03-24,492173945
2019-03-25,492534077
2019-03-26,492887277
2019-03-27,493283268
2019-03-28,493679721
2019-03-29,494063472
2019-03-30,494406776
2019-03-31,494721323
2019-04-01,495074166
2019-04-02,495530545
2019-04-03,495959100
2019-04-04,496372326
2019-04-05,496784306
2019-04-06,497113983
2019-04-07,497419200
2019-04-08,497816687
2019-04-09,498211456
2019-04-10,498617092
2019-04-11,499049981
2019-04-12,499428773
2019-04-13,499747434
2019-04-14,500042003
2019-04-15,500440321
2019-04-16,500824027
2019-04-17,501207100
2019-04-18,501587059
2019-04-19,501989757
2019-04-20,502305448
2019-04-21,502591990
2019-04-22,502927772
2019-04-23,503302469
2019-04-24,503740093
2019-04-25,504130461
2019-04-26,504514038
2019-04-27,504826307
2019-04-28,505128443
2019-04-29,505508350
2019-04-30,505912354
2019-05-01,506305715
2019-05-02,506708122
2019-05-03,507115655
2019-05-04,507465088
2019-05-05,507782004
2019-05-06,508172615
2019-05-07,508562649
2019-05-08,508997742
2019-05-09,509420758
2019-05-10,509822723
2019-05-11,510224800
2019-05-12,510604588
2019-05-13,511048601
2019-05-14,511504453
2019-05-15,511953764
2019-05-16,512405676
2019-05-17,512834172
2019-05-18,513234961
2019-05-19,513585516
2019-05-20,513994006
2019-05-21,514429583
2019-05-22,514853948
2019-05-23,515268917
2019-05-24,515670471
2019-05-25,516006487
2019-05-26,516323655
2019-05-27,516743091
2019-05-28,517184305
2019-05-29,517628488
2019-05-30,518040165
2019-05-31,518401455
2019-06-01,518782529
2019-06-02,519101955
2019-06-03,519451886
2019-06-04,519896197
2019-06-05,520306108
2019-06-06,520700051
2019-06-07,521084785
2019-06-08,521393503
2019-06-09,521673688
2019-06-10,522059858
2019-06-11,522457566
2019-06-12,522845272
2019-06-13,523282898
2019-06-14,523756937
2019-06-15,524163126
2019-06-16,524505375
2019-06-17,524900565
2019-06-18,525372134
2019-06-19,525814355
2019-06-20,526215052
2019-06-21,526633440
2019-06-22,527062018
2019-06-23,527458794
2019-06-24,527886286
2019-06-25,528331989
2019-06-26,528844433
2019-06-27,529300158
2019-06-28,529780579
2019-06-29,530152968
2019-06-30,530470106
2019-07-01,530863082
2019-07-02,531301238
2019-07-03,531727245
2019-07-04,532119059
2019-07-05,532495441
2019-07-06,532846979
2019-07-07,533131507
2019-07-08,533534187
2019-07-09,533941161
2019-07-10,534328166
2019-07-11,534701214
2019-07-12,535102206
2019-07-13,535404299
2019-07-14,535677046
2019-07-15,536049709
2019-07-16,536439246
2019-07-17,536806987
2019-07-18,537159255
2019-07-19,537516537
2019-07-20,537837288
2019-07-21,538098507
2019-07-22,538435808
2019-07-23,538790519
2019-07-24,539114122
2019-07-25,539500070
2019-07-26,539874380
2019-07-27,540168061
2019-07-28,540423017
2019-07-29,540768549
2019-07-30,541134799
2019-07-31,541519519
2019-08-01,541893329
2019-08-02,542265977
2019-08-03,542581310
2019-08-04,542860446
2019-08-05,543251607
2019-08-06,543671408
2019-08-07,544046737
2019-08-08,544434431
2019-08-09,544801909
2019-08-10,545101969
2019-08-11,545374959
2019-08-12,545674730
2019-08-13,546059049
2019-08-14,546427762
2019-08-15,546785339
2019-08-16,547127744
2019-08-17,547418176
2019-08-18,547687638
2019-08-19,548035308
2019-08-20,548392688
2019-08-21,548755157
2019-08-22,549120876
2019-08-23,549498655
2019-08-24,549797967
2019-08-25,550058823
2019-08-26,550421629
2019-08-27,550787998
2019-08-28,551141747
2019-08-29,551505954
2019-08-30,551862375
2019-08-31,552167827
2019-09-01,552445252
2019-09-02,552798828
2019-09-03,553206375
2019-09-04,553578359
2019-09-05,553954285
2019-09-06,554350580
2019-09-07,554670312
2019-09-08,554965452
2019-09-09,555326218
2019-09-10,555708200
2019-09-11,556089828
2019-09-12,556479748
2019-09-13,556846381
2019-09-14,557185393
2019-09-15,557469440
2019-09-16,557850850
2019-09-17,558241440
2019-09-18,558640871
2019-09-19,559015477
2019-09-20,559388805
2019-09-21,559729296
2019-09-22,560028270
2019-09-23,560381792
2019-09-24,560782124
2019-09-25,561158653
2019-09-26,561533907
2019-09-27,561880754
2019-09-28,562201476
2019-09-29,562495202
2019-09-30,562857084
2019-10-01,563246370
2019-10-02,563613333
2019-10-03,563972870
2019-10-04,564339204
2019-10-05,564666538
2019-10-06,564961993
2019-10-07,565329455
2019-10-08,565695269
2019-10-09,566052653
2019-10-10,566431187
2019-10-11,566802104
2019-10-12,567113581
2019-10-13,567400959
2019-10-14,567754183
2019-10-15,568119899
2019-10-16,568490786
2019-10-17,568854248
2019-10-18,569210824
2019-10-19,569552352
2019-10-20,569853347
2019-10-21,570231069
2019-10-22,570606600
2019-10-23,570977270
2019-10-24,571327527
2019-10-25,571717667
2019-10-26,572084718
2019-10-27,572381386
2019-10-28,572752822
2019-10-29,573117270
2019-10-30,573488356
2019-10-31,573832930
2019-11-01,574223388
2019-11-02,574548104
2019-11-03,574873135
2019-11-04,575255857
2019-11-05,575666693
2019-11-06,576046930
2019-11-07,576434607
2019-11-08,576807387
2019-11-09,577175339
2019-11-10,577471269
2019-11-11,577819097
2019-11-12,578159162
2019-11-13,578540879
2019-11-14,578911628
2019-11-15,579312764
2019-11-16,579655736
2019-11-17,579949890
2019-11-18,580302961
2019-11-19,580696369
2019-11-20,581057556
2019-11-21,581439287
2019-11-22,581823485
2019-11-23,582191266
2019-11-24,582494747
2019-11-25,582828108
2019-11-26,583235450
2019-11-27,583632587
2019-11-28,584004503
2019-11-29,584378296
2019-11-30,584715220
2019-12-01,585050640
2019-12-02,585439688
2019-12-03,585844934
2019-12-04,586240871
2019-12-05,586621691
2019-12-06,587003630
2019-12-07,587336742
2019-12-08,587644645
2019-12-09,588020526
2019-12-10,588411848
2019-12-11,588780115
2019-12-12,589162409
2019-12-13,589559068
2019-12-14,589895857
2019-12-15,590207218
2019-12-16,590594129
2019-12-17,590993303
2019-12-18,591385559
2019-12-19,591767441
2019-12-20,592156936
2019-12-21,592495337
2019-12-22,592800080
2019-12-23,593164731
2019-12-24,593511140
2019-12-25,593787206
2019-12-26,594122541
2019-12-27,594504948
2019-12-28,594845930
2019-12-29,595160915
2019-12-30,595545490
2019-12-31,595890165
2020-01-01,596160877
2020-01-02,596493484
2020-01-03,596868255
2020-01-04,597201939
2020-01-05,597523545
2020-01-06,597887329
2020-01-07,598293937
2020-01-08,598684116
2020-01-09,599073451
2020-01-10,599501671
2020-01-11,599865233
2020-01-12,600184171
2020-01-13,600538030
2020-01-14,600978936
2020-01-15,601387988
2020-01-16,601782936
2020-01-17,602186651
2020-01-18,602532556
2020-01-19,602874415
2020-01-20,603251139
2020-01-21,603640398
2020-01-22,604029549
2020-01-23,604412119
2020-01-24,604798498
2020-01-25,605130209
2020-01-26,605437497
2020-01-27,605792731
2020-01-28,606216206
2020-01-29,606628683
2020-01-30,607037103
2020-01-31,607447533
2020-02-01,607820766
2020-02-02,608183790
2020-02-03,608594863
2020-02-04,608993436
2020-02-05,609437775
2020-02-06,609828904
2020-02-07,610260228
2020-02-08,610634855
2020-02-09,610998272
2020-02-10,611366272
2020-02-11,611827763
2020-02-12,612262024
2020-02-13,612696514
2020-02-14,613097807
2020-02-15,613497870
2020-02-16,613833744
2020-02-17,614245308
2020-02-18,614653855
2020-02-19,615065160
2020-02-20,615463205
2020-02-21,615873032
2020-02-22,616251721
2020-02-23,616582886
2020-02-24,616982221
2020-02-25,617385497
2020-02-26,617795947
2020-02-27,618206943
2020-02-28,618646967
2020-02-29,619016107
2020-03-01,619382171
2020-03-02,619814107
2020-03-03,620239710
2020-03-04,620688559
2020-03-05,621120187
2020-03-06,621552455
2020-03-07,621927887
2020-03-08,622278381
2020-03-09,622699656
2020-03-10,623120092
2020-03-11,623489459
2020-03-12,623937439
2020-03-13,624311950
2020-03-14,624664556
2020-03-15,624951675
2020-03-16,625319338
2020-03-17,625696969
2020-03-18,626024192
2020-03-19,626387207
2020-03-20,626780246
2020-03-21,627110012
2020-03-22,627390483
2020-03-23,627742588
2020-03-24,628113908
2020-03-25,628426687
2020-03-26,628809997
2020-03-27,629182441
2020-03-28,629503657
2020-03-29,629804113
2020-03-30,630179254
2020-03-31,630564999
2020-04-01,630948376
2020-04-02,631350916
2020-04-03,631736122
2020-04-04,632068702
2020-04-05,632388921
2020-04-06,632777911
2020-04-07,633204078
2020-04-08,633594395
2020-04-09,633980490
2020-04-10,634371957
2020-04-11,634703857
2020-04-12,635016001
2020-04-13,635405923
2020-04-14,635828415
2020-04-15,636272572
2020-04-16,636735841
2020-04-17,637155807
2020-04-18,637557831
2020-04-19,637906556
2020-04-20,638349607
2020-04-21,638791572
2020-04-22,639205092
2020-04-23,639692075
2020-04-24,640158188
2020-04-25,640552672
2020-04-26,640912350
2020-04-27,641367076
2020-04-28,641835680
2020-04-29,642320084
2020-04-30,642811857
2020-05-01,643305745
2020-05-02,643715393
2020-05-03,644113100
2020-05-04,644580853
2020-05-05,645055324
2020-05-06,645539151
2020-05-07,646038322
2020-05-08,646519955
2020-05-09,646973185
2020-05-10,647376386
2020-05-11,647832720
2020-05-12,648336907
2020-05-13,648789110
2020-05-14,649218687
2020-05-15,649691031
2020-05-16,650118475
2020-05-17,650475068
2020-05-18,650900561
2020-05-19,651328767
2020-05-20,651765922
2020-05-21,652214027
2020-05-22,652633976
2020-05-23,653034659
2020-05-24,653367156
2020-05-25,653764504
2020-05-26,654210974
2020-05-27,654652211
2020-05-28,655103274
2020-05-29,655533392
2020-05-30,655933505
2020-05-31,656293838
2020-06-01,656743365
2020-06-02,657203084
2020-06-03,657673310
2020-06-04,658135157
2020-06-05,658607929
2020-06-06,659001921
2020-06-07,659358524
2020-06-08,659818147
2020-06-09,660290885
2020-06-10,660759675
2020-06-11,661252770
2020-06-12,661719690
2020-06-13,662107774
2020-06-14,662478097
2020-06-15,662917166
2020-06-16,663417147
2020-06-17,663910371
2020-06-18,664329282
2020-06-19,664832734
2020-06-20,665229905
2020-06-21,665577292
2020-06-22,666015455
2020-06-23,666535895
2020-06-24,666992627
2020-06-25,667454062
2020-06-26,667929903
2020-06-27,668320823
2020-06-28,668687609
2020-06-29,669145912
2020-06-30,669601451
2020-07-01,670162640
2020-07-02,670658185
2020-07-03,671144495
2020-07-04,671544175
2020-07-05,671915814
2020-07-06,672412136
2020-07-07,672926357
2020-07-08,673435912
2020-07-09,673956364
2020-07-10,674455097
2020-07-11,674883726
2020-07-12,675269397
2020-07-13,675733346
2020-07-14,676277042
2020-07-15,676765359
2020-07-16,677286249
2020-07-17,677745949
2020-07-18,678204793
2020-07-19,678604803
2020-07-20,679071393
2020-07-21,679551874
2020-07-22,680101512
2020-07-23,680615417
2020-07-24,681157860
2020-07-25,681596570
2020-07-26,682039326
2020-07-27,682534597
2020-07-28,683076342
2020-07-29,683595626
2020-07-30,684094316
2020-07-31,684629757
2020-08-01,685088485
2020-08-02,685532519
2020-08-03,686048047
2020-08-04,686562981
2020-08-05,687038385
2020-08-06,687593095
2020-08-07,688106046
2020-08-08,688550601
2020-08-09,688963072
2020-08-10,689452667
2020-08-11,689992808
2020-08-12,690523339
2020-08-13,691022748
2020-08-14,691577276
2020-08-15,692055714
2020-08-16,692471441
2020-08-17,692936901
2020-08-18,693477570
2020-08-19,693985076
2020-08-20,694497771
2020-08-21,694984414
2020-08-22,695449253
2020-08-23,695864910
2020-08-24,696351585
2020-08-25,696838216
2020-08-26,697336995
2020-08-27,697839502
2020-08-28,698357878
2020-08-29,698796057
2020-08-30,699194517
2020-08-31,699665241
2020-09-01,700233230
2020-09-02,700740682
2020-09-03,701230563
2020-09-04,701706969
2020-09-05,702180665
2020-09-06,702579175
2020-09-07,703057645
2020-09-08,703556527
2020-09-09,704041000
2020-09-10,704581259
2020-09-11,705070168
2020-09-12,705510600
2020-09-13,705899271
2020-09-14,706422051
2020-09-15,706939486
2020-09-16,707473716
2020-09-17,708009895
2020-09-18,708506156
2020-09-19,708957720
2020-09-20,709346398
2020-09-21,709804557
2020-09-22,710296832
2020-09-23,710818959
2020-09-24,711311505
2020-09-25,711847825
2020-09-26,712281158
2020-09-27,712674051
2020-09-28,713125209
2020-09-29,713661677
2020-09-30,714195763
2020-10-01,714689106
2020-10-02,715181437
2020-10-03,715648288
2020-10-04,716061504
2020-10-05,716519058
2020-10-06,717016295
2020-10-07,717562057
2020-10-08,718072551
2020-10-09,718587417
2020-10-10,719050707
2020-10-11,719449940
2020-10-12,719923050
2020-10-13,720453808
2020-10-14,720939001
2020-10-15,721472320
2020-10-16,721983086
2020-10-17,722411399
2020-10-18,722784943
2020-10-19,723274751
2020-10-20,723794739
2020-10-21,724285391
2020-10-22,724824721
2020-10-23,725335890
2020-10-24,725814297
2020-10-25,726216550
2020-10-26,726634596
2020-10-27,727068474
2020-10-28,727509737
2020-10-29,727973662
2020-10-30,728413781
2020-10-31,728855463
2020-11-01,729280796
2020-11-02,729662935
2020-11-03,730192007
2020-11-04,730701279
2020-11-05,731216310
2020-11-06,731758176
2020-11-07,732199174
2020-11-08,732607187
2020-11-09,733127511
2020-11-10,733620496
2020-11-11,734130462
2020-11-12,734649966
2020-11-13,735146814
2020-11-14,735596517
2020-11-15,736004431
2020-11-16,736497760
2020-11-17,737056640
2020-11-18,737637722
2020-11-19,738155054
2020-11-20,738714877
2020-11-21,739201333
2020-11-22,739632069
2020-11-23,740116878
2020-11-24,740659981
2020-11-25,741239323
2020-11-26,741765110
2020-11-27,742278909
2020-11-28,742751791
2020-11-29,743186623
2020-11-30,743627766
2020-12-01,744242215
2020-12-02,744781566
2020-12-03,745336354
2020-12-04,745857416
2020-12-05,746325787
2020-12-06,746755515
2020-12-07,747242504
2020-12-08,747779329
2020-12-09,748309692
2020-12-10,748822558
2020-12-11,749330847
2020-12-12,749813135
2020-12-13,750262804
2020-12-14,750767487
2020-12-15,751289400
2020-12-16,751809697
2020-12-17,752342714
2020-12-18,752939028
2020-12-19,753481884
2020-12-20,753947096
2020-12-21,754408307
2020-12-22,754936517
2020-12-23,755476747
2020-12-24,755924176
2020-12-25,756398843
2020-12-26,756847122
2020-12-27,757350568
2020-12-28,757861007
2020-12-29,758421259
2020-12-30,758988078
2020-12-31,759557616
2021-01-01,759997173
2021-01-02,760512376
2021-01-03,761109263
2021-01-04,761722064
2021-01-05,762321038
2021-01-06,762976904
2021-01-07,763659671
2021-01-08,764294876
2021-01-09,764853234
2021-01-10,765417905
2021-01-11,765990558
2021-01-12,766560027
2021-01-13,767095561
2021-01-14,767667951
2021-01-15,768238344
2021-01-16,768775022
2021-01-17,769242308
2021-01-18,769758097
2021-01-19,770297712
2021-01-20,770829387
2021-01-21,771341315
2021-01-22,771883502
2021-01-23,772403845
2021-01-24,772845869
2021-01-25,773361451
2021-01-26,773909082
2021-01-27,774448498
2021-01-28,774986021
2021-01-29,775613477
2021-01-30,776141990
2021-01-31,776642711
2021-02-01,777132077
2021-02-02,777731096
2021-02-03,778303296
2021-02-04,778900406
2021-02-05,779491395
2021-02-06,780049900
2021-02-07,780561755
2021-02-08,781129879
2021-02-09,781761574
2021-02-10,782336780
2021-02-11,782888839
2021-02-12,783474296
2021-02-13,784025055
2021-02-14,784509673
2021-02-15,785044737
2021-02-16,785555169
2021-02-17,786110972
2021-02-18,786671963
2021-02-19,787275482
2021-02-20,787846908
2021-02-21,788319855
2021-02-22,788833704
2021-02-23,789370616
2021-02-24,789974033
2021-02-25,790536504
2021-02-26,791082415
2021-02-27,791628460
2021-02-28,792065099
2021-03-01,792573183
2021-03-02,793137495
2021-03-03,793708774
2021-03-04,794218877
2021-03-05,794759833
2021-03-06,795228724
2021-03-07,795685268
2021-03-08,796176553
2021-03-09,796707410
2021-03-10,797283218
2021-03-11,797789433
2021-03-12,798341309
2021-03-13,798835850
2021-03-14,799348997
2021-03-15,799869971
2021-03-16,800431264
2021-03-17,800975109
2021-03-18,801576654
2021-03-19,802141191
2021-03-20,802644373
2021-03-21,803069656
2021-03-22,803602064
2021-03-23,804161658
2021-03-24,804691617
2021-03-25,805254476
2021-03-26,805789649
2021-03-27,806279913
2021-03-28,806710640
2021-03-29,807235110
2021-03-30,807792413
2021-03-31,808391855
2021-04-01,808939024
2021-04-02,809465386
2021-04-03,809940804
2021-04-04,810356790
2021-04-05,810868670
2021-04-06,811439806
2021-04-07,812006584
2021-04-08,812513552
2021-04-09,813075032
2021-04-10,813584106
2021-04-11,814028362
2021-04-12,814539616
2021-04-13,815102899
2021-04-14,815655646
2021-04-15,816283380
2021-04-16,816760228
2021-04-17,817155992
2021-04-18,817653030
2021-04-19,818096313
2021-04-20,818657297
2021-04-21,819127576
2021-04-22,819618842
2021-04-23,820124511
2021-04-24,820573599
2021-04-25,820956863
2021-04-26,821389791
2021-04-27,821884877
2021-04-28,822349478
2021-04-29,822801669
2021-04-30,823281175
2021-05-01,823712651
2021-05-02,824094143
2021-05-03,824580519
2021-05-04,825087623
2021-05-05,825617698
2021-05-06,826149734
2021-05-07,826667131
2021-05-08,827142160
2021-05-09,827580196
2021-05-10,828109638
2021-05-11,828660172
2021-05-12,829217441
2021-05-13,829713818
2021-05-14,830184717
2021-05-15,830593395
2021-05-16,830974924
2021-05-17,831397984
2021-05-18,831787689
2021-05-19,832248396
2021-05-20,832664234
2021-05-21,833086582
2021-05-22,833464872
2021-05-23,833801158
2021-05-24,834207388
2021-05-25,834620773
2021-05-26,835021488
2021-05-27,835401852
2021-05-28,835787930
2021-05-29,836132791
2021-05-30,836436794
2021-05-31,836814753
2021-06-01,837215625
2021-06-02,837640675
2021-06-03,838078577
2021-06-04,838490033
2021-06-05,838825932
2021-06-06,839134321
2021-06-07,839539074
2021-06-08,839961397
2021-06-09,840332902
2021-06-10,840762910
2021-06-11,841157967
2021-06-12,841532218
2021-06-13,841848675
2021-06-14,842258790
2021-06-15,842701203
2021-06-16,843128117
2021-06-17,843520897
2021-06-18,843888583
2021-06-19,844199915
2021-06-20,844477263
2021-06-21,844821192
2021-06-22,845162671
2021-06-23,845552596
2021-06-24,845936389
2021-06-25,846297053
2021-06-26,846611938
2021-06-27,846833962
2021-06-28,847215264
2021-06-29,847567591
2021-06-30,847922823
2021-07-01,848319522
2021-07-02,848654875
2021-07-03,849030940
2021-07-04,849319197
2021-07-05,849669548
2021-07-06,850043511
2021-07-07,850406914
2021-07-08,850782382
2021-07-09,851150394
2021-07-10,851460745
2021-07-11,851744088
2021-07-12,852102284
2021-07-13,852453320
2021-07-14,852817312
2021-07-15,853183127
2021-07-16,853534538
2021-07-17,853826932
2021-07-18,854092508
2021-07-19,854447290
2021-07-20,854811619
2021-07-21,855178543
2021-07-22,855543351
2021-07-23,855907517
2021-07-24,856218284
2021-07-25,856498779
2021-07-26,856903414
2021-07-27,857297207
2021-07-28,857690485
2021-07-29,858094370
2021-07-30,858496307
2021-07-31,858829571
2021-08-01,859130155
2021-08-02,859506628
2021-08-03,859892406
2021-08-04,860267833
2021-08-05,860657016
2021-08-06,861062637
2021-08-07,861398665
2021-08-08,861705660
2021-08-09,862097594
2021-08-10,862500631
2021-08-11,862906229
2021-08-12,863300367
2021-08-13,863708449
2021-08-14,864033433
2021-08-15,864334497
2021-08-16,864743740
2021-08-17,865146720
2021-08-18,865542432
2021-08-19,865940691
2021-08-20,866368361
2021-08-21,866716873
2021-08-22,867022500
2021-08-23,867438845
2021-08-24,867849010
2021-08-25,868260947
2021-08-26,868664323
2021-08-27,869060750
2021-08-28,869404620
2021-08-29,869708736
2021-08-30,870088474
2021-08-31,870507108
2021-09-01,870944527
2021-09-02,871399341
2021-09-03,871842847
2021-09-04,872210027
2021-09-05,872533294
2021-09-06,872935558
2021-09-07,873355035
2021-09-08,873771346
2021-09-09,874211941
2021-09-10,874619251
2021-09-11,874972945
2021-09-12,875293797
2021-09-13,875684279
2021-09-14,876099112
2021-09-15,876517919
2021-09-16,876945774
2021-09-17,877362788
2021-09-18,877726770
2021-09-19,878052405
2021-09-20,878460936
2021-09-21,878839639
2021-09-22,879254173
2021-09-23,879661013
2021-09-24,880093037
2021-09-25,880435162
2021-09-26,880757003
2021-09-27,881149348
2021-09-28,881554745
2021-09-29,881932171
2021-09-30,882383301
2021-10-01,882822182
2021-10-02,883233310
2021-10-03,883593935
2021-10-04,884011846
2021-10-05,884476523
2021-10-06,884892777
2021-10-07,885396716
2021-10-08,885840460
2021-10-09,886238552
2021-10-10,886585201
2021-10-11,887018722
2021-10-12,887454923
2021-10-13,887895726
2021-10-14,888339269
2021-10-15,888813029
2021-10-16,889251605
2021-10-17,889617300
2021-10-18,890068541
2021-10-19,890556967
2021-10-20,891017464
2021-10-21,891520431
2021-10-22,891969926
2021-10-23,892350675
2021-10-24,892712076
2021-10-25,893167145
2021-10-26,893638532
2021-10-27,894099922
2021-10-28,894588701
2021-10-29,895085392
2021-10-30,895511512
2021-10-31,895879084
2021-11-01,896350268
2021-11-02,896827351
2021-11-03,897291954
2021-11-04,897762124
2021-11-05,898225995
2021-11-06,898626548
2021-11-07,899010806
2021-11-08,899458533
2021-11-09,899975447
2021-11-10,900452624
2021-11-11,900919270
2021-11-12,901371432
2021-11-13,901773340
2021-11-14,902155274
2021-11-15,902613105
2021-11-16,903090061
2021-11-17,903549695
2021-11-18,904017888
2021-11-19,904478360
2021-11-20,904889893
2021-11-21,905267890
2021-11-22,905701634
2021-11-23,906158240
2021-11-24,906636940
2021-11-25,907114489
2021-11-26,907588822
2021-11-27,907985278
2021-11-28,908343797
2021-11-29,908813279
2021-11-30,909285733
2021-12-01,909748458
2021-12-02,910247553
2021-12-03,910714812
2021-12-04,911149755
2021-12-05,911515574
2021-12-06,911962731
2021-12-07,912418548
2021-12-08,912839554
2021-12-09,913289590
2021-12-10,913738795
2021-12-11,914113215
2021-12-12,914473393
2021-12-13,914918148
2021-12-14,915355148
2021-12-15,915806019
2021-12-16,916218515
2021-12-17,916630785
2021-12-18,917011475
2021-12-19,917365114
2021-12-20,917791659
2021-12-21,918264399
2021-12-22,918719622
2021-12-23,919185859
2021-12-24,919605208
2021-12-25,919967755
2021-12-26,920323395
2021-12-27,920742955
2021-12-28,921204650
2021-12-29,921673158
2021-12-30,922094193
2021-12-31,922542028
2022-01-01,922854986
2022-01-02,923195117
2022-01-03,923584954
2022-01-04,924019610
2022-01-05,924460270
2022-01-06,924894698
2022-01-07,925313702
2022-01-08,925685790
2022-01-09,926043045
2022-01-10,926468962
2022-01-11,926912204
2022-01-12,927343620
2022-01-13,927781855
2022-01-14,928213384
2022-01-15,928602757
2022-01-16,928959963
2022-01-17,929356299
2022-01-18,929765677
2022-01-19,930179629
2022-01-20,930609196
2022-01-21,931051365
2022-01-22,931463499
2022-01-23,931805372
2022-01-24,932223583
2022-01-25,932634394
2022-01-26,933049029
2022-01-27,933454271
2022-01-28,933874697
2022-01-29,934247028
2022-01-30,934592625
2022-01-31,935006809
2022-02-01,935429962
2022-02-02,935858013
2022-02-03,936274040
2022-02-04,936672355
2022-02-05,937087893
2022-02-06,937438953
2022-02-07,937849667
2022-02-08,938276747
2022-02-09,938696187
2022-02-10,939111437
2022-02-11,939526813
2022-02-12,939900647
2022-02-13,940280710
2022-02-14,940676464
2022-02-15,941105746
2022-02-16,941541103
2022-02-17,941965469
2022-02-18,942384258
2022-02-19,942742324
2022-02-20,943081496
2022-02-21,943467829
2022-02-22,943879815
2022-02-23,944275881
2022-02-24,944699182
2022-02-25,945131033
2022-02-26,945498198
2022-02-27,945865651
2022-02-28,946300592
2022-03-01,946748800
2022-03-02,947209925
2022-03-03,947653031
2022-03-04,948078681
2022-03-05,948452797
2022-03-06,948798247
2022-03-07,949200950
2022-03-08,949614687
2022-03-09,950058581
2022-03-10,950491413
2022-03-11,950906104
2022-03-12,951273913
2022-03-13,951617874
2022-03-14,952026480
2022-03-15,952459611
2022-03-16,952922018
2022-03-17,953402205
2022-03-18,953843729
2022-03-19,954251718
2022-03-20,954611361
2022-03-21,955029307
2022-03-22,955451869
2022-03-23,955875031
2022-03-24,956300934
2022-03-25,956773209
2022-03-26,957157886
2022-03-27,957522905
2022-03-28,957965464
2022-03-29,958400222
2022-03-30,958812023
2022-03-31,959249561
2022-04-01,959694916
2022-04-02,960102286
2022-04-03,960467129
2022-04-04,960891384
2022-04-05,961323055
2022-04-06,961738301
2022-04-07,962164075
2022-04-08,962584896
2022-04-09,962954555
2022-04-10,963296631
2022-04-11,963719000
2022-04-12,964153591
2022-04-13,964581893
2022-04-14,965001325
2022-04-15,965421271
2022-04-16,965798316
2022-04-17,966139094
2022-04-18,966528357
2022-04-19,966962833
2022-04-20,967398845
2022-04-21,967842526
2022-04-22,968259674
2022-04-23,968633442
2022-04-24,968988991
2022-04-25,969407866
2022-04-26,969830847
2022-04-27,970263797
2022-04-28,970695230
2022-04-29,971141222
2022-04-30,971560239
2022-05-01,971935788
2022-05-02,972354669
2022-05-03,972783699
2022-05-04,973154795
2022-05-05,973644093
2022-05-06,974090024
2022-05-07,974460349
2022-05-08,974821468
2022-05-09,975256825
2022-05-10,975691953
2022-05-11,976112911
2022-05-12,976564304
2022-05-13,976999372
2022-05-14,977445512
2022-05-15,977810019
2022-05-16,978216718
2022-05-17,978638434
2022-05-18,979036950
2022-05-19,979441650
2022-05-20,979851110
2022-05-21,980197996
2022-05-22,980520164
2022-05-23,980912513
2022-05-24,981273853
2022-05-25,981706333
2022-05-26,982114650
2022-05-27,982538518
2022-05-28,982886800
2022-05-29,983209361
2022-05-30,983598121
2022-05-31,984006014
2022-06-01,984416685
2022-06-02,984824555
2022-06-03,985241153
2022-06-04,985583794
2022-06-05,985908971
2022-06-06,986306154
2022-06-07,986704094
2022-06-08,987108756
2022-06-09,987518985
2022-06-10,987929874
2022-06-11,988290337
2022-06-12,988622033
2022-06-13,989059838
2022-06-14,989503598
2022-06-15,989961996
2022-06-16,990372490
2022-06-17,990786506
2022-06-18,991192769
2022-06-19,991528611
2022-06-20,991897860
2022-06-21,992304598
2022-06-22,992707135
2022-06-23,993107088
2022-06-24,993511986
2022-06-25,993856990
2022-06-26,994185321
2022-06-27,994572359
2022-06-28,994958879
2022-06-29,995371420
2022-06-30,995802256
2022-07-01,996239002
2022-07-02,996619128
2022-07-03,996956331
2022-07-04,997327191
2022-07-05,997695795
2022-07-06,998111452
2022-07-07,998543020
2022-07-08,998959117
2022-07-09,999308737
2022-07-10,999623874
2022-07-11,999976660
2022-07-12,1000386453
2022-07-13,1000735033
2022-07-14,1001160962
2022-07-15,1001560770
2022-07-16,1001913020
2022-07-17,1002223803
2022-07-18,1002586530
2022-07-19,1003004304
2022-07-20,1003392170
2022-07-21,1003802407
2022-07-22,1004192402
2022-07-23,1004536757
2022-07-24,1004864886
2022-07-25,1005246205
2022-07-26,1005644462
2022-07-27,1006028803
2022-07-28,1006456377
2022-07-29,1006887819
2022-07-30,1007256009
2022-07-31,1007592117
2022-08-01,1007971410
2022-08-02,1008367539
2022-08-03,1008782376
2022-08-04,1009200340
2022-08-05,1009617121
2022-08-06,1009993004
2022-08-07,1010308004
2022-08-08,1010697167
2022-08-09,1011090753
2022-08-10,1011495924
2022-08-11,1011934922
2022-08-12,1012364763
2022-08-13,1012743577
2022-08-14,1013078204
2022-08-15,1013455719
2022-08-16,1013876311
2022-08-17,1014272947
2022-08-18,1014699224
2022-08-19,1015148080
2022-08-20,1015516598
2022-08-21,1015854647
2022-08-22,1016238434
2022-08-23,1016633163
2022-08-24,1017030845
2022-08-25,1017432982
2022-08-26,1017851988
2022-08-27,1018224209
2022-08-28,1018556949
2022-08-29,1018947621
2022-08-30,1019352910
2022-08-31,1019752293
2022-09-01,1020171588
