"t","V1"
"2016-01-01",0.0174
"2016-01-02",0.0192
"2016-01-03",0.0213
"2016-01-04",0.021
"2016-01-05",0.0228
"2016-01-06",0.021
"2016-01-07",0.0258
"2016-01-08",0.0246
"2016-01-09",0.021
"2016-01-10",0.0192
"2016-01-11",0.0231
"2016-01-12",0.0189
"2016-01-13",0.0222
"2016-01-14",0.0219
"2016-01-15",0.0288
"2016-01-16",0.03
"2016-01-17",0.0258
"2016-01-18",0.0255
"2016-01-19",0.0249
"2016-01-20",0.0267
"2016-01-21",0.0249
"2016-01-22",0.0237
"2016-01-23",0.0234
"2016-01-24",0.0195
"2016-01-25",0.0222
"2016-01-26",0.0222
"2016-01-27",0.0213
"2016-01-28",0.0219
"2016-01-29",0.0219
"2016-01-30",0.0192
"2016-01-31",0.0183
"2016-02-01",0.024
"2016-02-02",0.021
"2016-02-03",0.024
"2016-02-04",0.0228
"2016-02-05",0.0231
"2016-02-06",0.0222
"2016-02-07",0.0225
"2016-02-08",0.0222
"2016-02-09",0.024
"2016-02-10",0.0255
"2016-02-11",0.0273
"2016-02-12",0.0246
"2016-02-13",0.0228
"2016-02-14",0.0225
"2016-02-15",0.0279
"2016-02-16",0.0273
"2016-02-17",0.0267
"2016-02-18",0.03
"2016-02-19",0.0294
"2016-02-20",0.0246
"2016-02-21",0.027
"2016-02-22",0.0258
"2016-02-23",0.0252
"2016-02-24",0.0273
"2016-02-25",0.0252
"2016-02-26",0.0261
"2016-02-27",0.0246
"2016-02-28",0.0228
"2016-02-29",0.0249
"2016-03-01",0.0258
"2016-03-02",0.0264
"2016-03-03",0.0276
"2016-03-04",0.0249
"2016-03-05",0.03
"2016-03-06",0.0228
"2016-03-07",0.0264
"2016-03-08",0.0258
"2016-03-09",0.027
"2016-03-10",0.0246
"2016-03-11",0.0231
"2016-03-12",0.0234
"2016-03-13",0.0225
"2016-03-14",0.0267
"2016-03-15",0.0252
"2016-03-16",0.0249
"2016-03-17",0.024
"2016-03-18",0.0219
"2016-03-19",0.0231
"2016-03-20",0.0237
"2016-03-21",0.0243
"2016-03-22",0.0249
"2016-03-23",0.0243
"2016-03-24",0.0228
"2016-03-25",0.0222
"2016-03-26",0.0213
"2016-03-27",0.0231
"2016-03-28",0.0234
"2016-03-29",0.0246
"2016-03-30",0.0261
"2016-03-31",0.0246
"2016-04-01",0.0219
"2016-04-02",0.0216
"2016-04-03",0.0213
"2016-04-04",0.0228
"2016-04-05",0.0243
"2016-04-06",0.0237
"2016-04-07",0.0234
"2016-04-08",0.0228
"2016-04-09",0.0207
"2016-04-10",0.0228
"2016-04-11",0.0231
"2016-04-12",0.0246
"2016-04-13",0.0252
"2016-04-14",0.021
"2016-04-15",0.0201
"2016-04-16",0.0204
"2016-04-17",0.0213
"2016-04-18",0.0213
"2016-04-19",0.0237
"2016-04-20",0.0231
"2016-04-21",0.0258
"2016-04-22",0.027
"2016-04-23",0.0228
"2016-04-24",0.0249
"2016-04-25",0.0258
"2016-04-26",0.0258
"2016-04-27",0.0276
"2016-04-28",0.03
"2016-04-29",0.0264
"2016-04-30",0.0243
"2016-05-01",0.0108
"2016-05-02",0.04
"2016-05-03",0.0252
"2016-05-04",0.0172
"2016-05-05",0.0172
"2016-05-06",0.0156
"2016-05-07",0.0148
"2016-05-08",0.0144
"2016-05-09",0.0148
"2016-05-10",0.0144
"2016-05-11",0.0144
"2016-05-12",0.0132
"2016-05-13",0.0132
"2016-05-14",0.0112
"2016-05-15",0.0108
"2016-05-16",0.0108
"2016-05-17",0.0136
"2016-05-18",0.0128
"2016-05-19",0.0132
"2016-05-20",0.0132
"2016-05-21",0.0116
"2016-05-22",0.0112
"2016-05-23",0.012
"2016-05-24",0.0116
"2016-05-25",0.0128
"2016-05-26",0.0112
"2016-05-27",0.0144
"2016-05-28",0.0168
"2016-05-29",0.0176
"2016-05-30",0.0184
"2016-05-31",0.0168
"2016-06-01",0.0285
"2016-06-02",0.0265
"2016-06-03",0.028
"2016-06-04",0.029
"2016-06-05",0.0285
"2016-06-06",0.0285
"2016-06-07",0.0285
"2016-06-08",0.0265
"2016-06-09",0.0265
"2016-06-10",0.025
"2016-06-11",0.026
"2016-06-12",0.038
"2016-06-13",0.045
"2016-06-14",0.039
"2016-06-15",0.0345
"2016-06-16",0.045
"2016-06-17",0.0455
"2016-06-18",0.0375
"2016-06-19",0.032
"2016-06-20",0.0355
"2016-06-21",0.0415
"2016-06-22",0.0355
"2016-06-23",0.038
"2016-06-24",0.05
"2016-06-25",0.038
"2016-06-26",0.031
"2016-06-27",0.0325
"2016-06-28",0.0325
"2016-06-29",0.029
"2016-06-30",0.0295
"2016-07-01",0.0237
"2016-07-02",0.0204
"2016-07-03",0.0222
"2016-07-04",0.0216
"2016-07-05",0.0207
"2016-07-06",0.021
"2016-07-07",0.0225
"2016-07-08",0.0213
"2016-07-09",0.03
"2016-07-10",0.0228
"2016-07-11",0.021
"2016-07-12",0.0204
"2016-07-13",0.0186
"2016-07-14",0.0183
"2016-07-15",0.0189
"2016-07-16",0.0174
"2016-07-17",0.0171
"2016-07-18",0.018
"2016-07-19",0.0177
"2016-07-20",0.0174
"2016-07-21",0.0186
"2016-07-22",0.0156
"2016-07-23",0.0156
"2016-07-24",0.0168
"2016-07-25",0.0156
"2016-07-26",0.0177
"2016-07-27",0.0192
"2016-07-28",0.0171
"2016-07-29",0.015
"2016-07-30",0.0165
"2016-07-31",0.0177
"2016-08-01",0.0138
"2016-08-02",0.0174
"2016-08-03",0.03
"2016-08-04",0.0195
"2016-08-05",0.0147
"2016-08-06",0.0138
"2016-08-07",0.015
"2016-08-08",0.015
"2016-08-09",0.0144
"2016-08-10",0.0126
"2016-08-11",0.0114
"2016-08-12",0.0117
"2016-08-13",0.012
"2016-08-14",0.0117
"2016-08-15",0.012
"2016-08-16",0.012
"2016-08-17",0.0123
"2016-08-18",0.012
"2016-08-19",0.012
"2016-08-20",0.0111
"2016-08-21",0.0117
"2016-08-22",0.0117
"2016-08-23",0.0129
"2016-08-24",0.0129
"2016-08-25",0.0132
"2016-08-26",0.0129
"2016-08-27",0.0111
"2016-08-28",0.0111
"2016-08-29",0.0123
"2016-08-30",0.012
"2016-08-31",0.0126
"2016-09-01",0.027
"2016-09-02",0.0243
"2016-09-03",0.0249
"2016-09-04",0.0288
"2016-09-05",0.0285
"2016-09-06",0.0273
"2016-09-07",0.0276
"2016-09-08",0.0291
"2016-09-09",0.0282
"2016-09-10",0.0267
"2016-09-11",0.0255
"2016-09-12",0.03
"2016-09-13",0.0288
"2016-09-14",0.0273
"2016-09-15",0.0294
"2016-09-16",0.027
"2016-09-17",0.0249
"2016-09-18",0.0228
"2016-09-19",0.0261
"2016-09-20",0.0264
"2016-09-21",0.0285
"2016-09-22",0.0288
"2016-09-23",0.0258
"2016-09-24",0.0288
"2016-09-25",0.0237
"2016-09-26",0.0261
"2016-09-27",0.0258
"2016-09-28",0.0252
"2016-09-29",0.0252
"2016-09-30",0.0258
"2016-10-01",0.0192
"2016-10-02",0.0183
"2016-10-03",0.0201
"2016-10-04",0.0201
"2016-10-05",0.0195
"2016-10-06",0.0204
"2016-10-07",0.0213
"2016-10-08",0.0186
"2016-10-09",0.0192
"2016-10-10",0.0204
"2016-10-11",0.0234
"2016-10-12",0.0228
"2016-10-13",0.0213
"2016-10-14",0.0222
"2016-10-15",0.0201
"2016-10-16",0.0219
"2016-10-17",0.0213
"2016-10-18",0.0207
"2016-10-19",0.0216
"2016-10-20",0.0195
"2016-10-21",0.0195
"2016-10-22",0.0207
"2016-10-23",0.0216
"2016-10-24",0.0222
"2016-10-25",0.0213
"2016-10-26",0.0225
"2016-10-27",0.024
"2016-10-28",0.0258
"2016-10-29",0.03
"2016-10-30",0.0258
"2016-10-31",0.0261
"2016-11-01",0.0316
"2016-11-02",0.03
"2016-11-03",0.0296
"2016-11-04",0.0292
"2016-11-05",0.0296
"2016-11-06",0.0276
"2016-11-07",0.0264
"2016-11-08",0.0276
"2016-11-09",0.04
"2016-11-10",0.028
"2016-11-11",0.0276
"2016-11-12",0.0272
"2016-11-13",0.0276
"2016-11-14",0.0276
"2016-11-15",0.0292
"2016-11-16",0.0304
"2016-11-17",0.0316
"2016-11-18",0.0324
"2016-11-19",0.0296
"2016-11-20",0.0288
"2016-11-21",0.0288
"2016-11-22",0.03
"2016-11-23",0.0324
"2016-11-24",0.0316
"2016-11-25",0.0284
"2016-11-26",0.0268
"2016-11-27",0.0284
"2016-11-28",0.0296
"2016-11-29",0.0312
"2016-11-30",0.028
"2016-12-01",0.03
"2016-12-02",0.032
"2016-12-03",0.028
"2016-12-04",0.0265
"2016-12-05",0.031
"2016-12-06",0.0285
"2016-12-07",0.0295
"2016-12-08",0.031
"2016-12-09",0.03
"2016-12-10",0.027
"2016-12-11",0.0265
"2016-12-12",0.029
"2016-12-13",0.03
"2016-12-14",0.0295
"2016-12-15",0.0275
"2016-12-16",0.028
"2016-12-17",0.0275
"2016-12-18",0.026
"2016-12-19",0.03
"2016-12-20",0.0305
"2016-12-21",0.0375
"2016-12-22",0.0445
"2016-12-23",0.0495
"2016-12-24",0.0395
"2016-12-25",0.04
"2016-12-26",0.0395
"2016-12-27",0.042
"2016-12-28",0.05
"2016-12-29",0.05
"2016-12-30",0.044
"2016-12-31",0.035
"2017-01-01",0.0318
"2017-01-02",0.0492
"2017-01-03",0.045
"2017-01-04",0.051
"2017-01-05",0.06
"2017-01-06",0.0564
"2017-01-07",0.0474
"2017-01-08",0.045
"2017-01-09",0.0426
"2017-01-10",0.0396
"2017-01-11",0.0462
"2017-01-12",0.0468
"2017-01-13",0.0372
"2017-01-14",0.0354
"2017-01-15",0.0336
"2017-01-16",0.0318
"2017-01-17",0.0342
"2017-01-18",0.0336
"2017-01-19",0.0324
"2017-01-20",0.03
"2017-01-21",0.0294
"2017-01-22",0.0282
"2017-01-23",0.0306
"2017-01-24",0.0312
"2017-01-25",0.0294
"2017-01-26",0.0282
"2017-01-27",0.0282
"2017-01-28",0.027
"2017-01-29",0.0276
"2017-01-30",0.0288
"2017-01-31",0.0306
"2017-02-01",0.035
"2017-02-02",0.036
"2017-02-03",0.037
"2017-02-04",0.0345
"2017-02-05",0.0335
"2017-02-06",0.035
"2017-02-07",0.034
"2017-02-08",0.0365
"2017-02-09",0.038
"2017-02-10",0.0365
"2017-02-11",0.0335
"2017-02-12",0.031
"2017-02-13",0.032
"2017-02-14",0.0325
"2017-02-15",0.0325
"2017-02-16",0.0345
"2017-02-17",0.0335
"2017-02-18",0.0325
"2017-02-19",0.0285
"2017-02-20",0.033
"2017-02-21",0.0385
"2017-02-22",0.037
"2017-02-23",0.043
"2017-02-24",0.05
"2017-02-25",0.041
"2017-02-26",0.037
"2017-02-27",0.036
"2017-02-28",0.039
"2017-03-01",0.0434
"2017-03-02",0.0546
"2017-03-03",0.07
"2017-03-04",0.0574
"2017-03-05",0.0483
"2017-03-06",0.0497
"2017-03-07",0.0553
"2017-03-08",0.0539
"2017-03-09",0.049
"2017-03-10",0.0693
"2017-03-11",0.0616
"2017-03-12",0.0483
"2017-03-13",0.049
"2017-03-14",0.0462
"2017-03-15",0.0462
"2017-03-16",0.0448
"2017-03-17",0.0483
"2017-03-18",0.0574
"2017-03-19",0.0518
"2017-03-20",0.0469
"2017-03-21",0.0469
"2017-03-22",0.0476
"2017-03-23",0.0441
"2017-03-24",0.0476
"2017-03-25",0.049
"2017-03-26",0.0455
"2017-03-27",0.0441
"2017-03-28",0.042
"2017-03-29",0.0434
"2017-03-30",0.0392
"2017-03-31",0.0406
"2017-04-01",0.0516
"2017-04-02",0.0504
"2017-04-03",0.0528
"2017-04-04",0.0534
"2017-04-05",0.0492
"2017-04-06",0.0522
"2017-04-07",0.0516
"2017-04-08",0.0516
"2017-04-09",0.048
"2017-04-10",0.0492
"2017-04-11",0.0546
"2017-04-12",0.0504
"2017-04-13",0.0522
"2017-04-14",0.048
"2017-04-15",0.0474
"2017-04-16",0.0462
"2017-04-17",0.0486
"2017-04-18",0.0564
"2017-04-19",0.0504
"2017-04-20",0.0504
"2017-04-21",0.0516
"2017-04-22",0.0492
"2017-04-23",0.0444
"2017-04-24",0.0492
"2017-04-25",0.0564
"2017-04-26",0.0582
"2017-04-27",0.06
"2017-04-28",0.06
"2017-04-29",0.0546
"2017-04-30",0.0552
"2017-05-01",0.033
"2017-05-02",0.039
"2017-05-03",0.036
"2017-05-04",0.045
"2017-05-05",0.042
"2017-05-06",0.0375
"2017-05-07",0.036
"2017-05-08",0.039
"2017-05-09",0.0495
"2017-05-10",0.045
"2017-05-11",0.0495
"2017-05-12",0.0585
"2017-05-13",0.066
"2017-05-14",0.0525
"2017-05-15",0.0735
"2017-05-16",0.0645
"2017-05-17",0.0495
"2017-05-18",0.048
"2017-05-19",0.057
"2017-05-20",0.057
"2017-05-21",0.057
"2017-05-22",0.0915
"2017-05-23",0.0975
"2017-05-24",0.1095
"2017-05-25",0.15
"2017-05-26",0.1125
"2017-05-27",0.099
"2017-05-28",0.0675
"2017-05-29",0.066
"2017-05-30",0.066
"2017-05-31",0.0675
"2017-06-01",0.117
"2017-06-02",0.096
"2017-06-03",0.09
"2017-06-04",0.0825
"2017-06-05",0.099
"2017-06-06",0.1485
"2017-06-07",0.1335
"2017-06-08",0.105
"2017-06-09",0.108
"2017-06-10",0.1005
"2017-06-11",0.1035
"2017-06-12",0.144
"2017-06-13",0.1215
"2017-06-14",0.114
"2017-06-15",0.15
"2017-06-16",0.111
"2017-06-17",0.093
"2017-06-18",0.09
"2017-06-19",0.0885
"2017-06-20",0.0975
"2017-06-21",0.1005
"2017-06-22",0.0915
"2017-06-23",0.093
"2017-06-24",0.0915
"2017-06-25",0.1035
"2017-06-26",0.1035
"2017-06-27",0.1215
"2017-06-28",0.1155
"2017-06-29",0.093
"2017-06-30",0.102
"2017-07-01",0.084
"2017-07-02",0.0888
"2017-07-03",0.0948
"2017-07-04",0.0972
"2017-07-05",0.0852
"2017-07-06",0.0876
"2017-07-07",0.0924
"2017-07-08",0.0876
"2017-07-09",0.0852
"2017-07-10",0.09
"2017-07-11",0.102
"2017-07-12",0.102
"2017-07-13",0.09
"2017-07-14",0.0996
"2017-07-15",0.1176
"2017-07-16",0.1176
"2017-07-17",0.114
"2017-07-18",0.1128
"2017-07-19",0.1056
"2017-07-20",0.1128
"2017-07-21",0.12
"2017-07-22",0.1008
"2017-07-23",0.102
"2017-07-24",0.0972
"2017-07-25",0.1092
"2017-07-26",0.0984
"2017-07-27",0.0972
"2017-07-28",0.1128
"2017-07-29",0.096
"2017-07-30",0.1032
"2017-07-31",0.1152
"2017-08-01",0.192
"2017-08-02",0.172
"2017-08-03",0.108
"2017-08-04",0.098
"2017-08-05",0.132
"2017-08-06",0.114
"2017-08-07",0.132
"2017-08-08",0.138
"2017-08-09",0.118
"2017-08-10",0.102
"2017-08-11",0.12
"2017-08-12",0.14
"2017-08-13",0.174
"2017-08-14",0.198
"2017-08-15",0.2
"2017-08-16",0.194
"2017-08-17",0.166
"2017-08-18",0.162
"2017-08-19",0.154
"2017-08-20",0.14
"2017-08-21",0.152
"2017-08-22",0.154
"2017-08-23",0.152
"2017-08-24",0.144
"2017-08-25",0.144
"2017-08-26",0.118
"2017-08-27",0.106
"2017-08-28",0.112
"2017-08-29",0.148
"2017-08-30",0.152
"2017-08-31",0.168
"2017-09-01",0.1407
"2017-09-02",0.1365
"2017-09-03",0.1218
"2017-09-04",0.1512
"2017-09-05",0.1449
"2017-09-06",0.126
"2017-09-07",0.1092
"2017-09-08",0.1239
"2017-09-09",0.1008
"2017-09-10",0.1008
"2017-09-11",0.1155
"2017-09-12",0.1197
"2017-09-13",0.1491
"2017-09-14",0.1995
"2017-09-15",0.21
"2017-09-16",0.1407
"2017-09-17",0.1134
"2017-09-18",0.1323
"2017-09-19",0.1302
"2017-09-20",0.1113
"2017-09-21",0.105
"2017-09-22",0.1008
"2017-09-23",0.0714
"2017-09-24",0.0714
"2017-09-25",0.0819
"2017-09-26",0.0861
"2017-09-27",0.0882
"2017-09-28",0.0903
"2017-09-29",0.084
"2017-09-30",0.0798
"2017-10-01",0.0792
"2017-10-02",0.0968
"2017-10-03",0.0946
"2017-10-04",0.0924
"2017-10-05",0.0792
"2017-10-06",0.0792
"2017-10-07",0.0748
"2017-10-08",0.0836
"2017-10-09",0.1056
"2017-10-10",0.1122
"2017-10-11",0.1034
"2017-10-12",0.1804
"2017-10-13",0.22
"2017-10-14",0.143
"2017-10-15",0.1342
"2017-10-16",0.143
"2017-10-17",0.1342
"2017-10-18",0.1408
"2017-10-19",0.1298
"2017-10-20",0.154
"2017-10-21",0.176
"2017-10-22",0.1364
"2017-10-23",0.165
"2017-10-24",0.1782
"2017-10-25",0.1584
"2017-10-26",0.154
"2017-10-27",0.1342
"2017-10-28",0.1166
"2017-10-29",0.1188
"2017-10-30",0.1452
"2017-10-31",0.1672
"2017-11-01",0.1232
"2017-11-02",0.1716
"2017-11-03",0.1672
"2017-11-04",0.1144
"2017-11-05",0.1144
"2017-11-06",0.1232
"2017-11-07",0.1188
"2017-11-08",0.1276
"2017-11-09",0.1144
"2017-11-10",0.1452
"2017-11-11",0.1364
"2017-11-12",0.176
"2017-11-13",0.1496
"2017-11-14",0.1188
"2017-11-15",0.1232
"2017-11-16",0.1232
"2017-11-17",0.1452
"2017-11-18",0.11
"2017-11-19",0.1056
"2017-11-20",0.1364
"2017-11-21",0.1452
"2017-11-22",0.1188
"2017-11-23",0.1144
"2017-11-24",0.11
"2017-11-25",0.1188
"2017-11-26",0.1716
"2017-11-27",0.2376
"2017-11-28",0.2772
"2017-11-29",0.44
"2017-11-30",0.3564
"2017-12-01",0.39
"2017-12-02",0.31
"2017-12-03",0.31
"2017-12-04",0.36
"2017-12-05",0.36
"2017-12-06",0.49
"2017-12-07",1
"2017-12-08",0.89
"2017-12-09",0.58
"2017-12-10",0.55
"2017-12-11",0.63
"2017-12-12",0.62
"2017-12-13",0.57
"2017-12-14",0.47
"2017-12-15",0.44
"2017-12-16",0.46
"2017-12-17",0.5
"2017-12-18",0.46
"2017-12-19",0.52
"2017-12-20",0.73
"2017-12-21",0.53
"2017-12-22",0.99
"2017-12-23",0.63
"2017-12-24",0.48
"2017-12-25",0.42
"2017-12-26",0.42
"2017-12-27",0.4
"2017-12-28",0.39
"2017-12-29",0.34
"2017-12-30",0.35
"2017-12-31",0.27
"2018-01-01",0.2508
"2018-01-02",0.3135
"2018-01-03",0.3078
"2018-01-04",0.2907
"2018-01-05",0.285
"2018-01-06",0.2622
"2018-01-07",0.2565
"2018-01-08",0.2793
"2018-01-09",0.2679
"2018-01-10",0.2679
"2018-01-11",0.3249
"2018-01-12",0.2508
"2018-01-13",0.2337
"2018-01-14",0.1995
"2018-01-15",0.2052
"2018-01-16",0.4161
"2018-01-17",0.57
"2018-01-18",0.3876
"2018-01-19",0.2793
"2018-01-20",0.2337
"2018-01-21",0.2109
"2018-01-22",0.2565
"2018-01-23",0.2451
"2018-01-24",0.228
"2018-01-25",0.2223
"2018-01-26",0.2223
"2018-01-27",0.1767
"2018-01-28",0.171
"2018-01-29",0.171
"2018-01-30",0.1995
"2018-01-31",0.2109
"2018-02-01",0.228
"2018-02-02",0.316
"2018-02-03",0.204
"2018-02-04",0.168
"2018-02-05",0.3
"2018-02-06",0.4
"2018-02-07",0.26
"2018-02-08",0.212
"2018-02-09",0.184
"2018-02-10",0.144
"2018-02-11",0.132
"2018-02-12",0.148
"2018-02-13",0.136
"2018-02-14",0.136
"2018-02-15",0.148
"2018-02-16",0.128
"2018-02-17",0.124
"2018-02-18",0.132
"2018-02-19",0.124
"2018-02-20",0.136
"2018-02-21",0.136
"2018-02-22",0.124
"2018-02-23",0.108
"2018-02-24",0.1
"2018-02-25",0.092
"2018-02-26",0.104
"2018-02-27",0.112
"2018-02-28",0.096
"2018-03-01",0.1794
"2018-03-02",0.1886
"2018-03-03",0.1679
"2018-03-04",0.1541
"2018-03-05",0.1725
"2018-03-06",0.1771
"2018-03-07",0.1955
"2018-03-08",0.2024
"2018-03-09",0.2277
"2018-03-10",0.1587
"2018-03-11",0.161
"2018-03-12",0.1771
"2018-03-13",0.1725
"2018-03-14",0.2001
"2018-03-15",0.23
"2018-03-16",0.1863
"2018-03-17",0.1587
"2018-03-18",0.2001
"2018-03-19",0.1978
"2018-03-20",0.1748
"2018-03-21",0.1702
"2018-03-22",0.1656
"2018-03-23",0.1633
"2018-03-24",0.1311
"2018-03-25",0.1357
"2018-03-26",0.1863
"2018-03-27",0.1702
"2018-03-28",0.1564
"2018-03-29",0.1886
"2018-03-30",0.2024
"2018-03-31",0.1541
"2018-04-01",0.1692
"2018-04-02",0.171
"2018-04-03",0.18
"2018-04-04",0.1566
"2018-04-05",0.1602
"2018-04-06",0.1764
"2018-04-07",0.1296
"2018-04-08",0.1188
"2018-04-09",0.1548
"2018-04-10",0.1476
"2018-04-11",0.1386
"2018-04-12",0.162
"2018-04-13",0.1782
"2018-04-14",0.1242
"2018-04-15",0.126
"2018-04-16",0.1368
"2018-04-17",0.1368
"2018-04-18",0.1332
"2018-04-19",0.1368
"2018-04-20",0.1404
"2018-04-21",0.126
"2018-04-22",0.1206
"2018-04-23",0.1422
"2018-04-24",0.1602
"2018-04-25",0.1566
"2018-04-26",0.135
"2018-04-27",0.1188
"2018-04-28",0.1008
"2018-04-29",0.1044
"2018-04-30",0.1152
"2018-05-01",0.112
"2018-05-02",0.1162
"2018-05-03",0.1302
"2018-05-04",0.133
"2018-05-05",0.1176
"2018-05-06",0.1078
"2018-05-07",0.126
"2018-05-08",0.1246
"2018-05-09",0.1176
"2018-05-10",0.1134
"2018-05-11",0.14
"2018-05-12",0.1008
"2018-05-13",0.1036
"2018-05-14",0.1162
"2018-05-15",0.1134
"2018-05-16",0.1148
"2018-05-17",0.105
"2018-05-18",0.1078
"2018-05-19",0.091
"2018-05-20",0.0896
"2018-05-21",0.0966
"2018-05-22",0.1064
"2018-05-23",0.133
"2018-05-24",0.1316
"2018-05-25",0.1022
"2018-05-26",0.0868
"2018-05-27",0.0938
"2018-05-28",0.1036
"2018-05-29",0.1064
"2018-05-30",0.0966
"2018-05-31",0.0952
"2018-06-01",0.0741
"2018-06-02",0.0689
"2018-06-03",0.0715
"2018-06-04",0.0728
"2018-06-05",0.078
"2018-06-06",0.0728
"2018-06-07",0.0715
"2018-06-08",0.0715
"2018-06-09",0.0689
"2018-06-10",0.0897
"2018-06-11",0.13
"2018-06-12",0.0988
"2018-06-13",0.1157
"2018-06-14",0.104
"2018-06-15",0.0832
"2018-06-16",0.0702
"2018-06-17",0.0663
"2018-06-18",0.0832
"2018-06-19",0.0793
"2018-06-20",0.0754
"2018-06-21",0.078
"2018-06-22",0.0884
"2018-06-23",0.0819
"2018-06-24",0.0962
"2018-06-25",0.0858
"2018-06-26",0.0715
"2018-06-27",0.0728
"2018-06-28",0.0715
"2018-06-29",0.0975
"2018-06-30",0.0871
"2018-07-01",0.0793
"2018-07-02",0.0832
"2018-07-03",0.078
"2018-07-04",0.0767
"2018-07-05",0.0793
"2018-07-06",0.0728
"2018-07-07",0.065
"2018-07-08",0.0767
"2018-07-09",0.0728
"2018-07-10",0.0754
"2018-07-11",0.0689
"2018-07-12",0.0741
"2018-07-13",0.0767
"2018-07-14",0.065
"2018-07-15",0.065
"2018-07-16",0.078
"2018-07-17",0.104
"2018-07-18",0.1196
"2018-07-19",0.091
"2018-07-20",0.0871
"2018-07-21",0.078
"2018-07-22",0.0754
"2018-07-23",0.0884
"2018-07-24",0.13
"2018-07-25",0.117
"2018-07-26",0.0975
"2018-07-27",0.091
"2018-07-28",0.0806
"2018-07-29",0.0767
"2018-07-30",0.0871
"2018-07-31",0.0884
"2018-08-01",0.0888
"2018-08-02",0.0804
"2018-08-03",0.0852
"2018-08-04",0.0876
"2018-08-05",0.078
"2018-08-06",0.0876
"2018-08-07",0.09
"2018-08-08",0.1176
"2018-08-09",0.0984
"2018-08-10",0.0888
"2018-08-11",0.0948
"2018-08-12",0.0804
"2018-08-13",0.0912
"2018-08-14",0.12
"2018-08-15",0.0984
"2018-08-16",0.0888
"2018-08-17",0.0852
"2018-08-18",0.0768
"2018-08-19",0.0696
"2018-08-20",0.0768
"2018-08-21",0.084
"2018-08-22",0.0912
"2018-08-23",0.0828
"2018-08-24",0.084
"2018-08-25",0.0768
"2018-08-26",0.0708
"2018-08-27",0.0792
"2018-08-28",0.0948
"2018-08-29",0.0852
"2018-08-30",0.09
"2018-08-31",0.09
"2018-09-01",0.078
"2018-09-02",0.0756
"2018-09-03",0.0756
"2018-09-04",0.0828
"2018-09-05",0.1068
"2018-09-06",0.12
"2018-09-07",0.084
"2018-09-08",0.0744
"2018-09-09",0.0744
"2018-09-10",0.0756
"2018-09-11",0.084
"2018-09-12",0.0912
"2018-09-13",0.0816
"2018-09-14",0.0768
"2018-09-15",0.072
"2018-09-16",0.0672
"2018-09-17",0.0732
"2018-09-18",0.072
"2018-09-19",0.072
"2018-09-20",0.078
"2018-09-21",0.0792
"2018-09-22",0.0708
"2018-09-23",0.072
"2018-09-24",0.072
"2018-09-25",0.0708
"2018-09-26",0.0768
"2018-09-27",0.0708
"2018-09-28",0.0696
"2018-09-29",0.0672
"2018-09-30",0.0648
"2018-10-01",0.072
"2018-10-02",0.079
"2018-10-03",0.07
"2018-10-04",0.076
"2018-10-05",0.074
"2018-10-06",0.062
"2018-10-07",0.073
"2018-10-08",0.073
"2018-10-09",0.078
"2018-10-10",0.077
"2018-10-11",0.1
"2018-10-12",0.078
"2018-10-13",0.075
"2018-10-14",0.073
"2018-10-15",0.092
"2018-10-16",0.078
"2018-10-17",0.077
"2018-10-18",0.077
"2018-10-19",0.071
"2018-10-20",0.07
"2018-10-21",0.065
"2018-10-22",0.067
"2018-10-23",0.071
"2018-10-24",0.073
"2018-10-25",0.075
"2018-10-26",0.071
"2018-10-27",0.063
"2018-10-28",0.063
"2018-10-29",0.075
"2018-10-30",0.075
"2018-10-31",0.077
"2018-11-01",0.0532
"2018-11-02",0.0462
"2018-11-03",0.0462
"2018-11-04",0.049
"2018-11-05",0.0518
"2018-11-06",0.056
"2018-11-07",0.0546
"2018-11-08",0.0462
"2018-11-09",0.049
"2018-11-10",0.0476
"2018-11-11",0.0434
"2018-11-12",0.049
"2018-11-13",0.0504
"2018-11-14",0.0812
"2018-11-15",0.0966
"2018-11-16",0.0672
"2018-11-17",0.056
"2018-11-18",0.056
"2018-11-19",0.0966
"2018-11-20",0.14
"2018-11-21",0.1078
"2018-11-22",0.0728
"2018-11-23",0.0812
"2018-11-24",0.0686
"2018-11-25",0.1134
"2018-11-26",0.1134
"2018-11-27",0.1064
"2018-11-28",0.0966
"2018-11-29",0.0798
"2018-11-30",0.0728
"2018-12-01",0.0741
"2018-12-02",0.0741
"2018-12-03",0.0897
"2018-12-04",0.0871
"2018-12-05",0.0858
"2018-12-06",0.0884
"2018-12-07",0.13
"2018-12-08",0.0897
"2018-12-09",0.0793
"2018-12-10",0.0858
"2018-12-11",0.0858
"2018-12-12",0.0767
"2018-12-13",0.0806
"2018-12-14",0.0871
"2018-12-15",0.0832
"2018-12-16",0.0702
"2018-12-17",0.0936
"2018-12-18",0.0962
"2018-12-19",0.1027
"2018-12-20",0.104
"2018-12-21",0.0871
"2018-12-22",0.0741
"2018-12-23",0.078
"2018-12-24",0.0858
"2018-12-25",0.0832
"2018-12-26",0.0767
"2018-12-27",0.0767
"2018-12-28",0.0767
"2018-12-29",0.0728
"2018-12-30",0.0689
"2018-12-31",0.0689
"2019-01-01",0.096
"2019-01-02",0.093
"2019-01-03",0.098
"2019-01-04",0.09
"2019-01-05",0.085
"2019-01-06",0.087
"2019-01-07",0.094
"2019-01-08",0.088
"2019-01-09",0.091
"2019-01-10",0.1
"2019-01-11",0.095
"2019-01-12",0.078
"2019-01-13",0.083
"2019-01-14",0.097
"2019-01-15",0.09
"2019-01-16",0.078
"2019-01-17",0.081
"2019-01-18",0.076
"2019-01-19",0.088
"2019-01-20",0.069
"2019-01-21",0.074
"2019-01-22",0.078
"2019-01-23",0.08
"2019-01-24",0.08
"2019-01-25",0.075
"2019-01-26",0.07
"2019-01-27",0.074
"2019-01-28",0.078
"2019-01-29",0.083
"2019-01-30",0.08
"2019-01-31",0.074
"2019-02-01",0.0666
"2019-02-02",0.0675
"2019-02-03",0.0621
"2019-02-04",0.0675
"2019-02-05",0.0846
"2019-02-06",0.0801
"2019-02-07",0.0864
"2019-02-08",0.0792
"2019-02-09",0.0783
"2019-02-10",0.0675
"2019-02-11",0.0675
"2019-02-12",0.0729
"2019-02-13",0.0675
"2019-02-14",0.0702
"2019-02-15",0.0648
"2019-02-16",0.0594
"2019-02-17",0.063
"2019-02-18",0.0747
"2019-02-19",0.0846
"2019-02-20",0.0765
"2019-02-21",0.0693
"2019-02-22",0.0738
"2019-02-23",0.0792
"2019-02-24",0.09
"2019-02-25",0.0774
"2019-02-26",0.0666
"2019-02-27",0.0711
"2019-02-28",0.0657
"2019-03-01",0.0736
"2019-03-02",0.064
"2019-03-03",0.0648
"2019-03-04",0.0736
"2019-03-05",0.0752
"2019-03-06",0.076
"2019-03-07",0.0744
"2019-03-08",0.0688
"2019-03-09",0.0744
"2019-03-10",0.068
"2019-03-11",0.0712
"2019-03-12",0.0712
"2019-03-13",0.0672
"2019-03-14",0.0672
"2019-03-15",0.0712
"2019-03-16",0.0672
"2019-03-17",0.0648
"2019-03-18",0.0752
"2019-03-19",0.08
"2019-03-20",0.076
"2019-03-21",0.0752
"2019-03-22",0.072
"2019-03-23",0.0712
"2019-03-24",0.0632
"2019-03-25",0.0696
"2019-03-26",0.0696
"2019-03-27",0.08
"2019-03-28",0.0704
"2019-03-29",0.0672
"2019-03-30",0.0672
"2019-03-31",0.0648
"2019-04-01",0.0444
"2019-04-02",0.1128
"2019-04-03",0.12
"2019-04-04",0.0852
"2019-04-05",0.0624
"2019-04-06",0.0552
"2019-04-07",0.0576
"2019-04-08",0.0684
"2019-04-09",0.0612
"2019-04-10",0.06
"2019-04-11",0.0624
"2019-04-12",0.0576
"2019-04-13",0.0504
"2019-04-14",0.0468
"2019-04-15",0.0552
"2019-04-16",0.054
"2019-04-17",0.0552
"2019-04-18",0.0576
"2019-04-19",0.0528
"2019-04-20",0.0504
"2019-04-21",0.0516
"2019-04-22",0.054
"2019-04-23",0.0696
"2019-04-24",0.0588
"2019-04-25",0.0564
"2019-04-26",0.0576
"2019-04-27",0.048
"2019-04-28",0.048
"2019-04-29",0.048
"2019-04-30",0.048
"2019-05-01",0.0512
"2019-05-02",0.0544
"2019-05-03",0.0672
"2019-05-04",0.0576
"2019-05-05",0.0576
"2019-05-06",0.0592
"2019-05-07",0.072
"2019-05-08",0.0736
"2019-05-09",0.0768
"2019-05-10",0.0864
"2019-05-11",0.1136
"2019-05-12",0.1248
"2019-05-13",0.144
"2019-05-14",0.16
"2019-05-15",0.136
"2019-05-16",0.1152
"2019-05-17",0.1264
"2019-05-18",0.088
"2019-05-19",0.0992
"2019-05-20",0.104
"2019-05-21",0.1008
"2019-05-22",0.0928
"2019-05-23",0.0832
"2019-05-24",0.0816
"2019-05-25",0.0656
"2019-05-26",0.0752
"2019-05-27",0.12
"2019-05-28",0.104
"2019-05-29",0.0976
"2019-05-30",0.1056
"2019-05-31",0.0992
"2019-06-01",0.062
"2019-06-02",0.06
"2019-06-03",0.068
"2019-06-04",0.08
"2019-06-05",0.066
"2019-06-06",0.064
"2019-06-07",0.064
"2019-06-08",0.048
"2019-06-09",0.048
"2019-06-10",0.058
"2019-06-11",0.058
"2019-06-12",0.058
"2019-06-13",0.058
"2019-06-14",0.06
"2019-06-15",0.056
"2019-06-16",0.082
"2019-06-17",0.086
"2019-06-18",0.082
"2019-06-19",0.074
"2019-06-20",0.076
"2019-06-21",0.096
"2019-06-22",0.152
"2019-06-23",0.112
"2019-06-24",0.11
"2019-06-25",0.124
"2019-06-26",0.2
"2019-06-27",0.182
"2019-06-28",0.136
"2019-06-29",0.102
"2019-06-30",0.092
"2019-07-01",0.18
"2019-07-02",0.1782
"2019-07-03",0.1548
"2019-07-04",0.1494
"2019-07-05",0.1314
"2019-07-06",0.1116
"2019-07-07",0.1044
"2019-07-08",0.1332
"2019-07-09",0.1674
"2019-07-10",0.1692
"2019-07-11",0.1584
"2019-07-12",0.144
"2019-07-13",0.1116
"2019-07-14",0.1224
"2019-07-15",0.1548
"2019-07-16",0.1602
"2019-07-17",0.1584
"2019-07-18",0.1458
"2019-07-19",0.1278
"2019-07-20",0.1026
"2019-07-21",0.099
"2019-07-22",0.1062
"2019-07-23",0.1242
"2019-07-24",0.1296
"2019-07-25",0.1206
"2019-07-26",0.1008
"2019-07-27",0.1008
"2019-07-28",0.09
"2019-07-29",0.1062
"2019-07-30",0.108
"2019-07-31",0.1026
"2019-08-01",0.096
"2019-08-02",0.1065
"2019-08-03",0.093
"2019-08-04",0.0885
"2019-08-05",0.15
"2019-08-06",0.1455
"2019-08-07",0.129
"2019-08-08",0.1155
"2019-08-09",0.108
"2019-08-10",0.093
"2019-08-11",0.0855
"2019-08-12",0.105
"2019-08-13",0.1065
"2019-08-14",0.1185
"2019-08-15",0.126
"2019-08-16",0.102
"2019-08-17",0.09
"2019-08-18",0.0825
"2019-08-19",0.099
"2019-08-20",0.0945
"2019-08-21",0.1035
"2019-08-22",0.1005
"2019-08-23",0.09
"2019-08-24",0.081
"2019-08-25",0.081
"2019-08-26",0.084
"2019-08-27",0.0915
"2019-08-28",0.0945
"2019-08-29",0.1005
"2019-08-30",0.0855
"2019-08-31",0.0735
"2019-09-01",0.078
"2019-09-02",0.0949
"2019-09-03",0.1066
"2019-09-04",0.1014
"2019-09-05",0.0897
"2019-09-06",0.0936
"2019-09-07",0.0767
"2019-09-08",0.0728
"2019-09-09",0.0832
"2019-09-10",0.0793
"2019-09-11",0.0793
"2019-09-12",0.0806
"2019-09-13",0.0689
"2019-09-14",0.0741
"2019-09-15",0.0741
"2019-09-16",0.0741
"2019-09-17",0.0793
"2019-09-18",0.0754
"2019-09-19",0.0819
"2019-09-20",0.0767
"2019-09-21",0.0689
"2019-09-22",0.0689
"2019-09-23",0.0793
"2019-09-24",0.1079
"2019-09-25",0.13
"2019-09-26",0.1261
"2019-09-27",0.1053
"2019-09-28",0.0858
"2019-09-29",0.0741
"2019-09-30",0.0975
"2019-10-01",0.0756
"2019-10-02",0.0684
"2019-10-03",0.0696
"2019-10-04",0.0648
"2019-10-05",0.0552
"2019-10-06",0.0636
"2019-10-07",0.0708
"2019-10-08",0.0696
"2019-10-09",0.0696
"2019-10-10",0.0696
"2019-10-11",0.066
"2019-10-12",0.06
"2019-10-13",0.054
"2019-10-14",0.06
"2019-10-15",0.06
"2019-10-16",0.0612
"2019-10-17",0.06
"2019-10-18",0.0624
"2019-10-19",0.0612
"2019-10-20",0.0552
"2019-10-21",0.0624
"2019-10-22",0.06
"2019-10-23",0.0828
"2019-10-24",0.0768
"2019-10-25",0.0816
"2019-10-26",0.12
"2019-10-27",0.0792
"2019-10-28",0.0924
"2019-10-29",0.0864
"2019-10-30",0.0708
"2019-10-31",0.066
"2019-11-01",0.0693
"2019-11-02",0.0616
"2019-11-03",0.0638
"2019-11-04",0.0726
"2019-11-05",0.0693
"2019-11-06",0.0715
"2019-11-07",0.0627
"2019-11-08",0.0704
"2019-11-09",0.0583
"2019-11-10",0.0594
"2019-11-11",0.0638
"2019-11-12",0.0572
"2019-11-13",0.0649
"2019-11-14",0.0594
"2019-11-15",0.0561
"2019-11-16",0.0583
"2019-11-17",0.0682
"2019-11-18",0.066
"2019-11-19",0.0715
"2019-11-20",0.066
"2019-11-21",0.077
"2019-11-22",0.11
"2019-11-23",0.0704
"2019-11-24",0.0693
"2019-11-25",0.0979
"2019-11-26",0.0858
"2019-11-27",0.0792
"2019-11-28",0.0693
"2019-11-29",0.0638
"2019-11-30",0.0616
"2019-12-01",0.08
"2019-12-02",0.078
"2019-12-03",0.077
"2019-12-04",0.086
"2019-12-05",0.085
"2019-12-06",0.078
"2019-12-07",0.076
"2019-12-08",0.076
"2019-12-09",0.078
"2019-12-10",0.081
"2019-12-11",0.082
"2019-12-12",0.076
"2019-12-13",0.08
"2019-12-14",0.079
"2019-12-15",0.077
"2019-12-16",0.075
"2019-12-17",0.097
"2019-12-18",0.1
"2019-12-19",0.096
"2019-12-20",0.085
"2019-12-21",0.073
"2019-12-22",0.085
"2019-12-23",0.09
"2019-12-24",0.079
"2019-12-25",0.079
"2019-12-26",0.075
"2019-12-27",0.081
"2019-12-28",0.083
"2019-12-29",0.077
"2019-12-30",0.077
"2019-12-31",0.079
"2020-01-01",0.0744
"2020-01-02",0.0768
"2020-01-03",0.0864
"2020-01-04",0.0804
"2020-01-05",0.0828
"2020-01-06",0.0852
"2020-01-07",0.1116
"2020-01-08",0.12
"2020-01-09",0.0936
"2020-01-10",0.0852
"2020-01-11",0.0792
"2020-01-12",0.0744
"2020-01-13",0.0804
"2020-01-14",0.12
"2020-01-15",0.1116
"2020-01-16",0.0936
"2020-01-17",0.0984
"2020-01-18",0.0876
"2020-01-19",0.1056
"2020-01-20",0.0912
"2020-01-21",0.0876
"2020-01-22",0.0852
"2020-01-23",0.0804
"2020-01-24",0.0804
"2020-01-25",0.0732
"2020-01-26",0.0732
"2020-01-27",0.0888
"2020-01-28",0.1056
"2020-01-29",0.1044
"2020-01-30",0.108
"2020-01-31",0.096
"2020-02-01",0.0882
"2020-02-02",0.0896
"2020-02-03",0.0896
"2020-02-04",0.098
"2020-02-05",0.1148
"2020-02-06",0.1176
"2020-02-07",0.1036
"2020-02-08",0.0994
"2020-02-09",0.14
"2020-02-10",0.126
"2020-02-11",0.126
"2020-02-12",0.1386
"2020-02-13",0.1274
"2020-02-14",0.1078
"2020-02-15",0.105
"2020-02-16",0.0966
"2020-02-17",0.1134
"2020-02-18",0.1106
"2020-02-19",0.1204
"2020-02-20",0.112
"2020-02-21",0.1022
"2020-02-22",0.0854
"2020-02-23",0.091
"2020-02-24",0.1036
"2020-02-25",0.098
"2020-02-26",0.1232
"2020-02-27",0.1162
"2020-02-28",0.1232
"2020-02-29",0.1008
"2020-03-01",0.0475
"2020-03-02",0.057
"2020-03-03",0.0513
"2020-03-04",0.0551
"2020-03-05",0.057
"2020-03-06",0.057
"2020-03-07",0.0456
"2020-03-08",0.0513
"2020-03-09",0.0988
"2020-03-10",0.0722
"2020-03-11",0.0646
"2020-03-12",0.1311
"2020-03-13",0.19
"2020-03-14",0.1178
"2020-03-15",0.1045
"2020-03-16",0.1292
"2020-03-17",0.1045
"2020-03-18",0.1007
"2020-03-19",0.1064
"2020-03-20",0.1121
"2020-03-21",0.0931
"2020-03-22",0.0817
"2020-03-23",0.0893
"2020-03-24",0.0893
"2020-03-25",0.0798
"2020-03-26",0.0722
"2020-03-27",0.0684
"2020-03-28",0.0703
"2020-03-29",0.0646
"2020-03-30",0.0703
"2020-03-31",0.0646
"2020-04-01",0.0848
"2020-04-02",0.1024
"2020-04-03",0.096
"2020-04-04",0.0864
"2020-04-05",0.0784
"2020-04-06",0.1024
"2020-04-07",0.104
"2020-04-08",0.0912
"2020-04-09",0.0896
"2020-04-10",0.096
"2020-04-11",0.0928
"2020-04-12",0.0848
"2020-04-13",0.0928
"2020-04-14",0.0912
"2020-04-15",0.088
"2020-04-16",0.0944
"2020-04-17",0.0912
"2020-04-18",0.0832
"2020-04-19",0.0832
"2020-04-20",0.0896
"2020-04-21",0.0848
"2020-04-22",0.0832
"2020-04-23",0.096
"2020-04-24",0.1008
"2020-04-25",0.0928
"2020-04-26",0.0928
"2020-04-27",0.0976
"2020-04-28",0.0928
"2020-04-29",0.1376
"2020-04-30",0.16
"2020-05-01",0.11
"2020-05-02",0.108
"2020-05-03",0.104
"2020-05-04",0.098
"2020-05-05",0.1
"2020-05-06",0.112
"2020-05-07",0.136
"2020-05-08",0.156
"2020-05-09",0.132
"2020-05-10",0.164
"2020-05-11",0.2
"2020-05-12",0.14
"2020-05-13",0.122
"2020-05-14",0.126
"2020-05-15",0.11
"2020-05-16",0.1
"2020-05-17",0.102
"2020-05-18",0.102
"2020-05-19",0.096
"2020-05-20",0.092
"2020-05-21",0.094
"2020-05-22",0.092
"2020-05-23",0.082
"2020-05-24",0.084
"2020-05-25",0.094
"2020-05-26",0.09
"2020-05-27",0.084
"2020-05-28",0.082
"2020-05-29",0.082
"2020-05-30",0.076
"2020-05-31",0.076
"2020-06-01",0.0871
"2020-06-02",0.13
"2020-06-03",0.0962
"2020-06-04",0.0923
"2020-06-05",0.0923
"2020-06-06",0.078
"2020-06-07",0.0806
"2020-06-08",0.0871
"2020-06-09",0.0858
"2020-06-10",0.0884
"2020-06-11",0.0936
"2020-06-12",0.0858
"2020-06-13",0.0728
"2020-06-14",0.0715
"2020-06-15",0.0871
"2020-06-16",0.0858
"2020-06-17",0.0819
"2020-06-18",0.0741
"2020-06-19",0.0702
"2020-06-20",0.0689
"2020-06-21",0.0624
"2020-06-22",0.0806
"2020-06-23",0.0793
"2020-06-24",0.078
"2020-06-25",0.0754
"2020-06-26",0.0767
"2020-06-27",0.0741
"2020-06-28",0.0741
"2020-06-29",0.0767
"2020-06-30",0.0741
"2020-07-01",0.0658
"2020-07-02",0.0644
"2020-07-03",0.0574
"2020-07-04",0.0574
"2020-07-05",0.056
"2020-07-06",0.0672
"2020-07-07",0.0616
"2020-07-08",0.0714
"2020-07-09",0.0686
"2020-07-10",0.0616
"2020-07-11",0.0588
"2020-07-12",0.0602
"2020-07-13",0.063
"2020-07-14",0.0714
"2020-07-15",0.0826
"2020-07-16",0.1008
"2020-07-17",0.0672
"2020-07-18",0.0994
"2020-07-19",0.0644
"2020-07-20",0.0588
"2020-07-21",0.0672
"2020-07-22",0.0658
"2020-07-23",0.0742
"2020-07-24",0.0714
"2020-07-25",0.0742
"2020-07-26",0.0896
"2020-07-27",0.1302
"2020-07-28",0.14
"2020-07-29",0.1162
"2020-07-30",0.1008
"2020-07-31",0.1022
"2020-08-01",0.15
"2020-08-02",0.1485
"2020-08-03",0.1245
"2020-08-04",0.108
"2020-08-05",0.1215
"2020-08-06",0.1335
"2020-08-07",0.117
"2020-08-08",0.1035
"2020-08-09",0.1005
"2020-08-10",0.123
"2020-08-11",0.117
"2020-08-12",0.1125
"2020-08-13",0.1065
"2020-08-14",0.1035
"2020-08-15",0.1005
"2020-08-16",0.102
"2020-08-17",0.1245
"2020-08-18",0.1185
"2020-08-19",0.111
"2020-08-20",0.102
"2020-08-21",0.1005
"2020-08-22",0.09
"2020-08-23",0.081
"2020-08-24",0.099
"2020-08-25",0.1005
"2020-08-26",0.0915
"2020-08-27",0.09
"2020-08-28",0.087
"2020-08-29",0.072
"2020-08-30",0.0765
"2020-08-31",0.0885
"2020-09-01",0.1079
"2020-09-02",0.1105
"2020-09-03",0.1222
"2020-09-04",0.13
"2020-09-05",0.1157
"2020-09-06",0.1014
"2020-09-07",0.1066
"2020-09-08",0.1092
"2020-09-09",0.0988
"2020-09-10",0.0936
"2020-09-11",0.0845
"2020-09-12",0.0819
"2020-09-13",0.0845
"2020-09-14",0.0936
"2020-09-15",0.0975
"2020-09-16",0.0975
"2020-09-17",0.0923
"2020-09-18",0.0819
"2020-09-19",0.0754
"2020-09-20",0.0754
"2020-09-21",0.0897
"2020-09-22",0.0858
"2020-09-23",0.0832
"2020-09-24",0.0806
"2020-09-25",0.0806
"2020-09-26",0.0702
"2020-09-27",0.0689
"2020-09-28",0.0741
"2020-09-29",0.0793
"2020-09-30",0.0741
"2020-10-01",0.0585
"2020-10-02",0.0598
"2020-10-03",0.0559
"2020-10-04",0.0546
"2020-10-05",0.0572
"2020-10-06",0.0598
"2020-10-07",0.0559
"2020-10-08",0.0585
"2020-10-09",0.0611
"2020-10-10",0.0676
"2020-10-11",0.0624
"2020-10-12",0.0663
"2020-10-13",0.0637
"2020-10-14",0.065
"2020-10-15",0.0676
"2020-10-16",0.0624
"2020-10-17",0.0559
"2020-10-18",0.0559
"2020-10-19",0.0663
"2020-10-20",0.0806
"2020-10-21",0.1248
"2020-10-22",0.13
"2020-10-23",0.1079
"2020-10-24",0.0897
"2020-10-25",0.0897
"2020-10-26",0.0949
"2020-10-27",0.1131
"2020-10-28",0.1183
"2020-10-29",0.0988
"2020-10-30",0.1053
"2020-10-31",0.1027
"2020-11-01",0.0966
"2020-11-02",0.0966
"2020-11-03",0.0897
"2020-11-04",0.0874
"2020-11-05",0.1357
"2020-11-06",0.1518
"2020-11-07",0.115
"2020-11-08",0.1081
"2020-11-09",0.1173
"2020-11-10",0.1012
"2020-11-11",0.1081
"2020-11-12",0.1265
"2020-11-13",0.1311
"2020-11-14",0.1081
"2020-11-15",0.0989
"2020-11-16",0.1219
"2020-11-17",0.1702
"2020-11-18",0.2024
"2020-11-19",0.1633
"2020-11-20",0.1794
"2020-11-21",0.1725
"2020-11-22",0.1472
"2020-11-23",0.1587
"2020-11-24",0.2162
"2020-11-25",0.207
"2020-11-26",0.23
"2020-11-27",0.1633
"2020-11-28",0.1357
"2020-11-29",0.1334
"2020-11-30",0.1886
"2020-12-01",0.155
"2020-12-02",0.1271
"2020-12-03",0.1178
"2020-12-04",0.1116
"2020-12-05",0.1054
"2020-12-06",0.0961
"2020-12-07",0.1054
"2020-12-08",0.0992
"2020-12-09",0.1085
"2020-12-10",0.093
"2020-12-11",0.1023
"2020-12-12",0.0899
"2020-12-13",0.093
"2020-12-14",0.0992
"2020-12-15",0.0961
"2020-12-16",0.1829
"2020-12-17",0.31
"2020-12-18",0.2015
"2020-12-19",0.1705
"2020-12-20",0.1705
"2020-12-21",0.1891
"2020-12-22",0.1581
"2020-12-23",0.1488
"2020-12-24",0.1333
"2020-12-25",0.1488
"2020-12-26",0.2232
"2020-12-27",0.2883
"2020-12-28",0.2325
"2020-12-29",0.1984
"2020-12-30",0.2356
"2020-12-31",0.2294
"2021-01-01",0.2318
"2021-01-02",0.4026
"2021-01-03",0.4758
"2021-01-04",0.3843
"2021-01-05",0.3294
"2021-01-06",0.3599
"2021-01-07",0.5368
"2021-01-08",0.5307
"2021-01-09",0.4026
"2021-01-10",0.4087
"2021-01-11",0.61
"2021-01-12",0.4331
"2021-01-13",0.3904
"2021-01-14",0.4026
"2021-01-15",0.3233
"2021-01-16",0.2867
"2021-01-17",0.2684
"2021-01-18",0.244
"2021-01-19",0.2501
"2021-01-20",0.2379
"2021-01-21",0.2989
"2021-01-22",0.3111
"2021-01-23",0.2318
"2021-01-24",0.2074
"2021-01-25",0.2135
"2021-01-26",0.2074
"2021-01-27",0.2196
"2021-01-28",0.2318
"2021-01-29",0.3721
"2021-01-30",0.2623
"2021-01-31",0.2257
"2021-02-01",0.2275
"2021-02-02",0.2145
"2021-02-03",0.234
"2021-02-04",0.2535
"2021-02-05",0.2275
"2021-02-06",0.273
"2021-02-07",0.247
"2021-02-08",0.52
"2021-02-09",0.65
"2021-02-10",0.416
"2021-02-11",0.3835
"2021-02-12",0.3575
"2021-02-13",0.299
"2021-02-14",0.3315
"2021-02-15",0.338
"2021-02-16",0.3965
"2021-02-17",0.429
"2021-02-18",0.39
"2021-02-19",0.429
"2021-02-20",0.4745
"2021-02-21",0.4225
"2021-02-22",0.494
"2021-02-23",0.6045
"2021-02-24",0.468
"2021-02-25",0.3835
"2021-02-26",0.3705
"2021-02-27",0.3185
"2021-02-28",0.338
"2021-03-01",0.4465
"2021-03-02",0.4089
"2021-03-03",0.3854
"2021-03-04",0.3619
"2021-03-05",0.3478
"2021-03-06",0.3149
"2021-03-07",0.3149
"2021-03-08",0.3431
"2021-03-09",0.423
"2021-03-10",0.3901
"2021-03-11",0.3666
"2021-03-12",0.376
"2021-03-13",0.4559
"2021-03-14",0.47
"2021-03-15",0.3995
"2021-03-16",0.3948
"2021-03-17",0.3713
"2021-03-18",0.3713
"2021-03-19",0.3384
"2021-03-20",0.3055
"2021-03-21",0.3196
"2021-03-22",0.3431
"2021-03-23",0.329
"2021-03-24",0.3713
"2021-03-25",0.4136
"2021-03-26",0.329
"2021-03-27",0.3149
"2021-03-28",0.2867
"2021-03-29",0.329
"2021-03-30",0.3572
"2021-03-31",0.329
"2021-04-01",0.27
"2021-04-02",0.255
"2021-04-03",0.235
"2021-04-04",0.22
"2021-04-05",0.245
"2021-04-06",0.235
"2021-04-07",0.23
"2021-04-08",0.215
"2021-04-09",0.205
"2021-04-10",0.245
"2021-04-11",0.23
"2021-04-12",0.235
"2021-04-13",0.33
"2021-04-14",0.345
"2021-04-15",0.295
"2021-04-16",0.34
"2021-04-17",0.265
"2021-04-18",0.485
"2021-04-19",0.38
"2021-04-20",0.355
"2021-04-21",0.285
"2021-04-22",0.335
"2021-04-23",0.5
"2021-04-24",0.355
"2021-04-25",0.31
"2021-04-26",0.34
"2021-04-27",0.31
"2021-04-28",0.285
"2021-04-29",0.25
"2021-04-30",0.25
"2021-05-01",0.1782
"2021-05-02",0.165
"2021-05-03",0.1848
"2021-05-04",0.1914
"2021-05-05",0.1914
"2021-05-06",0.1848
"2021-05-07",0.1716
"2021-05-08",0.1716
"2021-05-09",0.1716
"2021-05-10",0.1782
"2021-05-11",0.1782
"2021-05-12",0.1848
"2021-05-13",0.4488
"2021-05-14",0.2838
"2021-05-15",0.2178
"2021-05-16",0.2376
"2021-05-17",0.3498
"2021-05-18",0.2706
"2021-05-19",0.66
"2021-05-20",0.5214
"2021-05-21",0.3828
"2021-05-22",0.3432
"2021-05-23",0.4026
"2021-05-24",0.3762
"2021-05-25",0.297
"2021-05-26",0.2574
"2021-05-27",0.2244
"2021-05-28",0.2376
"2021-05-29",0.2442
"2021-05-30",0.2178
"2021-05-31",0.2112
"2021-06-01",0.3036
"2021-06-02",0.3212
"2021-06-03",0.3124
"2021-06-04",0.3564
"2021-06-05",0.3036
"2021-06-06",0.3168
"2021-06-07",0.3036
"2021-06-08",0.4268
"2021-06-09",0.396
"2021-06-10",0.3388
"2021-06-11",0.2992
"2021-06-12",0.2244
"2021-06-13",0.2552
"2021-06-14",0.2948
"2021-06-15",0.2684
"2021-06-16",0.2464
"2021-06-17",0.2288
"2021-06-18",0.2332
"2021-06-19",0.2068
"2021-06-20",0.2332
"2021-06-21",0.3344
"2021-06-22",0.44
"2021-06-23",0.33
"2021-06-24",0.2728
"2021-06-25",0.2684
"2021-06-26",0.2596
"2021-06-27",0.2332
"2021-06-28",0.2508
"2021-06-29",0.2596
"2021-06-30",0.2244
"2021-07-01",0.177
"2021-07-02",0.171
"2021-07-03",0.162
"2021-07-04",0.171
"2021-07-05",0.174
"2021-07-06",0.156
"2021-07-07",0.147
"2021-07-08",0.168
"2021-07-09",0.147
"2021-07-10",0.135
"2021-07-11",0.135
"2021-07-12",0.147
"2021-07-13",0.15
"2021-07-14",0.159
"2021-07-15",0.156
"2021-07-16",0.156
"2021-07-17",0.15
"2021-07-18",0.144
"2021-07-19",0.177
"2021-07-20",0.222
"2021-07-21",0.21
"2021-07-22",0.183
"2021-07-23",0.159
"2021-07-24",0.159
"2021-07-25",0.162
"2021-07-26",0.3
"2021-07-27",0.219
"2021-07-28",0.207
"2021-07-29",0.171
"2021-07-30",0.177
"2021-07-31",0.18
"2021-08-01",0.2117
"2021-08-02",0.2146
"2021-08-03",0.203
"2021-08-04",0.203
"2021-08-05",0.1972
"2021-08-06",0.2146
"2021-08-07",0.2436
"2021-08-08",0.2436
"2021-08-09",0.2697
"2021-08-10",0.2552
"2021-08-11",0.2581
"2021-08-12",0.2552
"2021-08-13",0.232
"2021-08-14",0.2233
"2021-08-15",0.2175
"2021-08-16",0.2262
"2021-08-17",0.2204
"2021-08-18",0.2088
"2021-08-19",0.1972
"2021-08-20",0.2291
"2021-08-21",0.2146
"2021-08-22",0.2088
"2021-08-23",0.29
"2021-08-24",0.2378
"2021-08-25",0.2233
"2021-08-26",0.2175
"2021-08-27",0.1972
"2021-08-28",0.1798
"2021-08-29",0.1769
"2021-08-30",0.1856
"2021-08-31",0.1885
"2021-09-01",0.153
"2021-09-02",0.162
"2021-09-03",0.171
"2021-09-04",0.15
"2021-09-05",0.156
"2021-09-06",0.174
"2021-09-07",0.3
"2021-09-08",0.279
"2021-09-09",0.204
"2021-09-10",0.183
"2021-09-11",0.156
"2021-09-12",0.156
"2021-09-13",0.177
"2021-09-14",0.159
"2021-09-15",0.159
"2021-09-16",0.159
"2021-09-17",0.144
"2021-09-18",0.141
"2021-09-19",0.132
"2021-09-20",0.198
"2021-09-21",0.207
"2021-09-22",0.186
"2021-09-23",0.168
"2021-09-24",0.24
"2021-09-25",0.177
"2021-09-26",0.156
"2021-09-27",0.153
"2021-09-28",0.162
"2021-09-29",0.15
"2021-09-30",0.144
"2021-10-01",0.189
"2021-10-02",0.1575
"2021-10-03",0.1505
"2021-10-04",0.1645
"2021-10-05",0.189
"2021-10-06",0.245
"2021-10-07",0.2135
"2021-10-08",0.1925
"2021-10-09",0.168
"2021-10-10",0.1645
"2021-10-11",0.2065
"2021-10-12",0.1995
"2021-10-13",0.1785
"2021-10-14",0.1995
"2021-10-15",0.273
"2021-10-16",0.2415
"2021-10-17",0.203
"2021-10-18",0.238
"2021-10-19",0.2835
"2021-10-20",0.35
"2021-10-21",0.315
"2021-10-22",0.259
"2021-10-23",0.203
"2021-10-24",0.189
"2021-10-25",0.217
"2021-10-26",0.2345
"2021-10-27",0.2485
"2021-10-28",0.224
"2021-10-29",0.2065
"2021-10-30",0.175
"2021-10-31",0.1715
"2021-11-01",0.224
"2021-11-02",0.2304
"2021-11-03",0.224
"2021-11-04",0.2272
"2021-11-05",0.2112
"2021-11-06",0.1856
"2021-11-07",0.1856
"2021-11-08",0.2752
"2021-11-09",0.32
"2021-11-10",0.3008
"2021-11-11",0.2528
"2021-11-12",0.2432
"2021-11-13",0.2112
"2021-11-14",0.2208
"2021-11-15",0.2368
"2021-11-16",0.3008
"2021-11-17",0.2688
"2021-11-18",0.2816
"2021-11-19",0.2848
"2021-11-20",0.2336
"2021-11-21",0.2016
"2021-11-22",0.2464
"2021-11-23",0.2688
"2021-11-24",0.2592
"2021-11-25",0.224
"2021-11-26",0.288
"2021-11-27",0.2304
"2021-11-28",0.224
"2021-11-29",0.24
"2021-11-30",0.2432
"2021-12-01",0.153
"2021-12-02",0.1462
"2021-12-03",0.1462
"2021-12-04",0.34
"2021-12-05",0.238
"2021-12-06",0.238
"2021-12-07",0.1938
"2021-12-08",0.1768
"2021-12-09",0.1734
"2021-12-10",0.1666
"2021-12-11",0.153
"2021-12-12",0.1496
"2021-12-13",0.1836
"2021-12-14",0.187
"2021-12-15",0.17
"2021-12-16",0.1564
"2021-12-17",0.153
"2021-12-18",0.1428
"2021-12-19",0.1326
"2021-12-20",0.1496
"2021-12-21",0.153
"2021-12-22",0.1462
"2021-12-23",0.1496
"2021-12-24",0.1564
"2021-12-25",0.1394
"2021-12-26",0.1428
"2021-12-27",0.1428
"2021-12-28",0.153
"2021-12-29",0.1564
"2021-12-30",0.1462
"2021-12-31",0.136
"2022-01-01",0.1505
"2022-01-02",0.1505
"2022-01-03",0.1591
"2022-01-04",0.1763
"2022-01-05",0.1419
"2022-01-06",0.2193
"2022-01-07",0.2623
"2022-01-08",0.2279
"2022-01-09",0.1978
"2022-01-10",0.2193
"2022-01-11",0.1978
"2022-01-12",0.1892
"2022-01-13",0.1376
"2022-01-14",0.1376
"2022-01-15",0.1505
"2022-01-16",0.129
"2022-01-17",0.1333
"2022-01-18",0.1505
"2022-01-19",0.1419
"2022-01-20",0.1462
"2022-01-21",0.3096
"2022-01-22",0.43
"2022-01-23",0.2924
"2022-01-24",0.3096
"2022-01-25",0.2451
"2022-01-26",0.2408
"2022-01-27",0.2193
"2022-01-28",0.215
"2022-01-29",0.1892
"2022-01-30",0.1806
"2022-01-31",0.1935
"2022-02-01",0.21
"2022-02-02",0.196
"2022-02-03",0.196
"2022-02-04",0.224
"2022-02-05",0.2065
"2022-02-06",0.1785
"2022-02-07",0.2275
"2022-02-08",0.203
"2022-02-09",0.1995
"2022-02-10",0.161
"2022-02-11",0.1855
"2022-02-12",0.1645
"2022-02-13",0.1505
"2022-02-14",0.168
"2022-02-15",0.175
"2022-02-16",0.1575
"2022-02-17",0.161
"2022-02-18",0.175
"2022-02-19",0.154
"2022-02-20",0.1785
"2022-02-21",0.189
"2022-02-22",0.217
"2022-02-23",0.1715
"2022-02-24",0.35
"2022-02-25",0.252
"2022-02-26",0.175
"2022-02-27",0.182
"2022-02-28",0.217
"2022-03-01",0.3
"2022-03-02",0.258
"2022-03-03",0.231
"2022-03-04",0.234
"2022-03-05",0.198
"2022-03-06",0.183
"2022-03-07",0.228
"2022-03-08",0.204
"2022-03-09",0.228
"2022-03-10",0.21
"2022-03-11",0.207
"2022-03-12",0.174
"2022-03-13",0.168
"2022-03-14",0.192
"2022-03-15",0.183
"2022-03-16",0.195
"2022-03-17",0.186
"2022-03-18",0.186
"2022-03-19",0.159
"2022-03-20",0.156
"2022-03-21",0.159
"2022-03-22",0.186
"2022-03-23",0.171
"2022-03-24",0.192
"2022-03-25",0.195
"2022-03-26",0.168
"2022-03-27",0.18
"2022-03-28",0.219
"2022-03-29",0.198
"2022-03-30",0.192
"2022-03-31",0.18
"2022-04-01",0.2208
"2022-04-02",0.1863
"2022-04-03",0.1955
"2022-04-04",0.1955
"2022-04-05",0.1886
"2022-04-06",0.2162
"2022-04-07",0.2231
"2022-04-08",0.2001
"2022-04-09",0.1794
"2022-04-10",0.1633
"2022-04-11",0.23
"2022-04-12",0.2093
"2022-04-13",0.1932
"2022-04-14",0.1886
"2022-04-15",0.1817
"2022-04-16",0.1633
"2022-04-17",0.1564
"2022-04-18",0.1955
"2022-04-19",0.1863
"2022-04-20",0.1702
"2022-04-21",0.1771
"2022-04-22",0.1794
"2022-04-23",0.1564
"2022-04-24",0.1541
"2022-04-25",0.1909
"2022-04-26",0.2001
"2022-04-27",0.1794
"2022-04-28",0.1771
"2022-04-29",0.1771
"2022-04-30",0.1587
"2022-05-01",0.098
"2022-05-02",0.1015
"2022-05-03",0.0945
"2022-05-04",0.0945
"2022-05-05",0.1155
"2022-05-06",0.126
"2022-05-07",0.098
"2022-05-08",0.1225
"2022-05-09",0.2275
"2022-05-10",0.217
"2022-05-11",0.245
"2022-05-12",0.35
"2022-05-13",0.273
"2022-05-14",0.196
"2022-05-15",0.1715
"2022-05-16",0.175
"2022-05-17",0.161
"2022-05-18",0.161
"2022-05-19",0.154
"2022-05-20",0.14
"2022-05-21",0.1225
"2022-05-22",0.119
"2022-05-23",0.1365
"2022-05-24",0.133
"2022-05-25",0.1155
"2022-05-26",0.1225
"2022-05-27",0.1295
"2022-05-28",0.112
"2022-05-29",0.098
"2022-05-30",0.126
"2022-05-31",0.1225
"2022-06-01",0.1271
"2022-06-02",0.1271
"2022-06-03",0.1189
"2022-06-04",0.1066
"2022-06-05",0.1025
"2022-06-06",0.1271
"2022-06-07",0.1353
"2022-06-08",0.123
"2022-06-09",0.1148
"2022-06-10",0.1189
"2022-06-11",0.1148
"2022-06-12",0.1476
"2022-06-13",0.41
"2022-06-14",0.3813
"2022-06-15",0.369
"2022-06-16",0.3034
"2022-06-17",0.2665
"2022-06-18",0.4018
"2022-06-19",0.3772
"2022-06-20",0.2952
"2022-06-21",0.2583
"2022-06-22",0.2378
"2022-06-23",0.2009
"2022-06-24",0.1927
"2022-06-25",0.1599
"2022-06-26",0.1599
"2022-06-27",0.1804
"2022-06-28",0.1722
"2022-06-29",0.1804
"2022-06-30",0.205
"2022-07-01",0.29
"2022-07-02",0.2349
"2022-07-03",0.2262
"2022-07-04",0.2349
"2022-07-05",0.2494
"2022-07-06",0.2349
"2022-07-07",0.2291
"2022-07-08",0.2349
"2022-07-09",0.1827
"2022-07-10",0.1827
"2022-07-11",0.2175
"2022-07-12",0.2175
"2022-07-13",0.2146
"2022-07-14",0.2146
"2022-07-15",0.1885
"2022-07-16",0.1827
"2022-07-17",0.174
"2022-07-18",0.2262
"2022-07-19",0.2117
"2022-07-20",0.2407
"2022-07-21",0.2523
"2022-07-22",0.203
"2022-07-23",0.1711
"2022-07-24",0.1624
"2022-07-25",0.1856
"2022-07-26",0.1914
"2022-07-27",0.1827
"2022-07-28",0.1943
"2022-07-29",0.1856
"2022-07-30",0.1624
"2022-07-31",0.1827
"2022-08-01",0.209
"2022-08-02",0.2024
"2022-08-03",0.1892
"2022-08-04",0.1848
"2022-08-05",0.1804
"2022-08-06",0.1562
"2022-08-07",0.1584
"2022-08-08",0.1958
"2022-08-09",0.176
"2022-08-10",0.198
"2022-08-11",0.1936
"2022-08-12",0.187
"2022-08-13",0.165
"2022-08-14",0.1672
"2022-08-15",0.1826
"2022-08-16",0.1716
"2022-08-17",0.1716
"2022-08-18",0.1606
"2022-08-19",0.22
"2022-08-20",0.1804
"2022-08-21",0.165
"2022-08-22",0.1848
"2022-08-23",0.1716
"2022-08-24",0.1606
"2022-08-25",0.1606
"2022-08-26",0.1694
"2022-08-27",0.176
"2022-08-28",0.1694
"2022-08-29",0.2002
"2022-08-30",0.1826
"2022-08-31",0.1716
