t,total_fees
2016-01-01,15.6508949367188
2016-01-02,19.3597908118577
2016-01-03,19.4483166824665
2016-01-04,21.3104318963137
2016-01-05,60.3564445042775
2016-01-06,66.5339184501612
2016-01-07,65.5065476024396
2016-01-08,26.0495075445064
2016-01-09,39.30051752086
2016-01-10,26.3260527733229
2016-01-11,25.5135651128461
2016-01-12,25.6307222674603
2016-01-13,60.3126094436415
2016-01-14,26.7761764050364
2016-01-15,23.1601242177737
2016-01-16,22.6502570572844
2016-01-17,17.0397021972285
2016-01-18,30.9188099798842
2016-01-19,35.5769582279663
2016-01-20,19.0134918696109
2016-01-21,20.2959758344998
2016-01-22,31.1813250745786
2016-01-23,17.4328034105711
2016-01-24,23.7308825767431
2016-01-25,40.1912428608067
2016-01-26,37.8980575475761
2016-01-27,56.8601467197169
2016-01-28,41.3560110411447
2016-01-29,37.4103434274615
2016-01-30,35.4292821680805
2016-01-31,33.8837693667839
2016-02-01,32.5392274162166
2016-02-02,29.4629278384457
2016-02-03,27.7291754772881
2016-02-04,32.7175018566422
2016-02-05,38.9743714931853
2016-02-06,240.782836139498
2016-02-07,53.1207339074332
2016-02-08,37.8124273588684
2016-02-09,50.1669254837127
2016-02-10,58.8842443713483
2016-02-11,46.5235472664257
2016-02-12,33.0655454190097
2016-02-13,36.1185857095973
2016-02-14,27.7730442997066
2016-02-15,30.7253429587348
2016-02-16,33.2945208105968
2016-02-17,41.0193936771633
2016-02-18,29.2699233548961
2016-02-19,37.0360032943274
2016-02-20,26.7916448964461
2016-02-21,28.1406803079675
2016-02-22,32.5491110595498
2016-02-23,94.1643662476463
2016-02-24,52.032071341042
2016-02-25,31.6128430902596
2016-02-26,50.8616404256414
2016-02-27,28.3747446946272
2016-02-28,29.3587208003082
2016-02-29,32.9441902138078
2016-03-01,33.9508403305522
2016-03-02,39.0787626378784
2016-03-03,35.3327310900656
2016-03-04,33.9631795907319
2016-03-05,33.8981528103038
2016-03-06,37.6921226263818
2016-03-07,30.3772576272564
2016-03-08,33.347883941224
2016-03-09,26.0641714329832
2016-03-10,20.3466620473723
2016-03-11,19.247904795593
2016-03-12,24.2939252772654
2016-03-13,25.6417147768732
2016-03-14,27.788708533134802
2016-03-15,24.012965397747
2016-03-16,23.8727859453998
2016-03-17,31.6680980212903
2016-03-18,27.4326886831826
2016-03-19,44.2853796415521
2016-03-20,35.7288538516077
2016-03-21,32.4623890737613
2016-03-22,26.1394891028328
2016-03-23,32.6582983315126
2016-03-24,41.4097826338738
2016-03-25,40.3548918250728
2016-03-26,35.056420511198
2016-03-27,19.2099077568399
2016-03-28,26.3821260855868
2016-03-29,23.9127898865714
2016-03-30,37.3774814230688
2016-03-31,25.0216632981291
2016-04-01,24.2374098938085
2016-04-02,18.0656639509779
2016-04-03,17.9368728685902
2016-04-04,24.8694159202554
2016-04-05,28.6069272825868
2016-04-06,21.6791327625232
2016-04-07,21.4127194869204
2016-04-08,25.1675382660334
2016-04-09,19.9980599971224
2016-04-10,19.4470129476767
2016-04-11,18.6565029085932
2016-04-12,22.9060121479988
2016-04-13,32.9671242100454
2016-04-14,31.7285716006255
2016-04-15,23.3788742306267
2016-04-16,17.224482778205
2016-04-17,30.2081937038635
2016-04-18,20.0991878236724
2016-04-19,19.1049458500097
2016-04-20,23.848410608173
2016-04-21,30.3808260504793
2016-04-22,20.5760795602496
2016-04-23,19.5139447521599
2016-04-24,22.4860145178235
2016-04-25,23.8621661786472
2016-04-26,21.6593834799307
2016-04-27,20.4501527249888
2016-04-28,22.6386238477261
2016-04-29,23.4352529152329
2016-04-30,32.1524560634667
2016-05-01,36.7006692373878
2016-05-02,27.427867397761702
2016-05-03,26.8409902306588
2016-05-04,27.3227470289158
2016-05-05,31.1348114446921
2016-05-06,35.1748890595766
2016-05-07,24.2278234341613
2016-05-08,28.9009012758702
2016-05-09,26.3419338861104
2016-05-10,27.70144955318
2016-05-11,31.6268258168184
2016-05-12,39.2625397219513
2016-05-13,43.1908783962212
2016-05-14,35.4513350692125
2016-05-15,31.3052073619246
2016-05-16,27.5984398168887
2016-05-17,28.4667373773117
2016-05-18,35.0700451096282
2016-05-19,33.1446751217412
2016-05-20,38.0279693732348
2016-05-21,35.7999311368864
2016-05-22,28.8760891147671
2016-05-23,29.6344093351398
2016-05-24,28.5958066832254
2016-05-25,32.7334181651974
2016-05-26,35.5583958399495
2016-05-27,37.9956614516885
2016-05-28,80.972786453789
2016-05-29,38.7887229112442
2016-05-30,31.8557468224425
2016-05-31,31.1542376751028
2016-06-01,31.200754211332
2016-06-02,25.8601070977042
2016-06-03,25.2400897144033
2016-06-04,24.3835327478438
2016-06-05,23.8388060763986
2016-06-06,25.8661862687805
2016-06-07,67.4821121367682
2016-06-08,28.4308121929275
2016-06-09,28.8947670119375
2016-06-10,28.8965116068686
2016-06-11,27.2246302395875
2016-06-12,29.164100998113
2016-06-13,36.9064528154654
2016-06-14,38.4692114358091
2016-06-15,30.4563759145773
2016-06-16,40.8152922505968
2016-06-17,229.306004249127
2016-06-18,271.194911213586
2016-06-19,54.1274846775335
2016-06-20,51.7672177062113
2016-06-21,82.8444351301398
2016-06-22,51.4450641653435
2016-06-23,31.9782696884796
2016-06-24,39.4267481733374
2016-06-25,28.3016482213787
2016-06-26,27.4679857903828
2016-06-27,27.6580565179782
2016-06-28,32.1001779296892
2016-06-29,56.8564521144463
2016-06-30,87.887411162619
2016-07-01,45.4540962086442
2016-07-02,24.3756055502745
2016-07-03,30.7268765864136
2016-07-04,26.7728809560903
2016-07-05,30.1588816600628
2016-07-06,29.6920773155228
2016-07-07,26.613300448324
2016-07-08,39.3474835453302
2016-07-09,49.1146846651364
2016-07-10,27.6460538779715
2016-07-11,28.5486932575698
2016-07-12,32.6386390418507
2016-07-13,24.7497501579735
2016-07-14,32.4096418806957
2016-07-15,29.1469703690414
2016-07-16,23.8808601919603
2016-07-17,19.6470124334559
2016-07-18,25.6532652757006
2016-07-19,29.217898571946
2016-07-20,75.5856876748784
2016-07-21,34.2105207171307
2016-07-22,37.4178476058897
2016-07-23,33.0563051968375
2016-07-24,37.3463534900428
2016-07-25,39.4303377070676
2016-07-26,45.4888850848676
2016-07-27,38.2401256064311
2016-07-28,63.9512623846087
2016-07-29,45.6820482746587
2016-07-30,29.9904692086649
2016-07-31,30.371510899954
2016-08-01,30.4418022721291
2016-08-02,33.9640038065688
2016-08-03,33.0260360954333
2016-08-04,32.4119004697269
2016-08-05,29.4046125970345
2016-08-06,26.0545090408473
2016-08-07,27.696032432607
2016-08-08,53.8965754260211
2016-08-09,31.4768203967212
2016-08-10,33.4222422815354
2016-08-11,32.0867216426822
2016-08-12,30.1998667708684
2016-08-13,25.0778138471039
2016-08-14,24.1981188808219
2016-08-15,27.1551555564469
2016-08-16,31.1642849286751
2016-08-17,28.7017390128353
2016-08-18,36.0614908016769
2016-08-19,29.8323587496309
2016-08-20,26.6076953256667
2016-08-21,29.0174424724332
2016-08-22,29.9094560932328
2016-08-23,72.1185708616431
2016-08-24,30.0032587804287
2016-08-25,32.4829039281312
2016-08-26,31.5759359478383
2016-08-27,28.5799392376121
2016-08-28,25.7272567153788
2016-08-29,29.4068966774097
2016-08-30,32.2463765943632
2016-08-31,29.9976642562622
2016-09-01,31.7436559422128
2016-09-02,45.2298779712311
2016-09-03,27.1807498054059
2016-09-04,49.336067762023
2016-09-05,28.6288674638285
2016-09-06,33.3802667257535
2016-09-07,34.1994243520396
2016-09-08,41.2065397787186
2016-09-09,41.8968790073671
2016-09-10,27.4070633414672
2016-09-11,28.5480457112391
2016-09-12,35.0299990119455
2016-09-13,30.3921718439243
2016-09-14,36.2993589650574
2016-09-15,36.226955150982
2016-09-16,46.9320136471523
2016-09-17,35.2813181502842
2016-09-18,29.6452623983451
2016-09-19,27.6173777105109
2016-09-20,32.8255675989313
2016-09-21,30.1721860638442
2016-09-22,63.1461319383375
2016-09-23,49.0309313725715
2016-09-24,71.0294747259812
2016-09-25,67.1402010936044
2016-09-26,115.639205560857
2016-09-27,98.5407520975099
2016-09-28,68.1326911273731
2016-09-29,41.2792580060371
2016-09-30,40.2590267936239
2016-10-01,91.3894998979849
2016-10-02,87.4752166659603
2016-10-03,65.927532636905
2016-10-04,85.3677929496444
2016-10-05,64.1657444881471
2016-10-06,50.2581089005446
2016-10-07,53.5697702513532
2016-10-08,56.3805619034818
2016-10-09,60.0235700605686
2016-10-10,54.6366896802948
2016-10-11,39.1986546123736
2016-10-12,44.1864631390764
2016-10-13,112.658501136159
2016-10-14,75.246620265022
2016-10-15,69.0827230000728
2016-10-16,66.9971004115598
2016-10-17,71.5395033682853
2016-10-18,96.8632747235745
2016-10-19,92.7641216228226
2016-10-20,54.9449656218891
2016-10-21,41.9645669129871
2016-10-22,27.6596726003774
2016-10-23,26.3630368417968
2016-10-24,48.5906300460225
2016-10-25,43.1961562984861
2016-10-26,35.2891849826935
2016-10-27,33.3442909451227
2016-10-28,35.8920813421963
2016-10-29,31.122481768926
2016-10-30,30.5914776705351
2016-10-31,33.4148255303579
2016-11-01,41.1926858898139
2016-11-02,29.1975357371746
2016-11-03,29.7031402679344
2016-11-04,21.7013637406155
2016-11-05,24.5980636757171
2016-11-06,23.282718881161
2016-11-07,29.0298231322277
2016-11-08,31.4683431287743
2016-11-09,34.9854255859075
2016-11-10,35.3774355681501
2016-11-11,44.235781586002
2016-11-12,30.717758394736
2016-11-13,33.9264709620637
2016-11-14,38.3145625684881
2016-11-15,37.0273981022188
2016-11-16,34.9242401840095
2016-11-17,30.4288000136977
2016-11-18,34.7011694880844
2016-11-19,27.9002168260743
2016-11-20,32.5964688330221
2016-11-21,35.2515116806595
2016-11-22,38.0948458054467
2016-11-23,82.2290779712923
2016-11-24,58.8932924111899
2016-11-25,59.8097480438427
2016-11-26,72.5988812305288
2016-11-27,114.916050187408
2016-11-28,122.21927557319
2016-11-29,101.589444818714
2016-11-30,35.3198401468688
2016-12-01,27.2231365200902
2016-12-02,28.0817572198064
2016-12-03,25.9100851966397
2016-12-04,26.2590678522622
2016-12-05,31.2602277786878
2016-12-06,34.7241903622023
2016-12-07,34.986830893401
2016-12-08,792.488980472848
2016-12-09,31.427944831705
2016-12-10,29.0273164597107
2016-12-11,36.8028247523621
2016-12-12,31.2366662999792
2016-12-13,30.96445138376
2016-12-14,34.886653378922404
2016-12-15,34.4278676071649
2016-12-16,30.5943881545571
2016-12-17,32.8017007861914
2016-12-18,27.723246559895
2016-12-19,36.4513577689736
2016-12-20,43.9015974653346
2016-12-21,54.7473654026738
2016-12-22,38.8444055974809
2016-12-23,29.6736691896336
2016-12-24,25.8175253490921
2016-12-25,24.2179015400177
2016-12-26,23.1204130102328
2016-12-27,36.3981345764551
2016-12-28,31.5753044265888
2016-12-29,40.7002932064589
2016-12-30,44.8109107657264
2016-12-31,28.5988008057117
2017-01-01,25.262224854177
2017-01-02,28.1183410555294
2017-01-03,40.2453430986876
2017-01-04,39.504583436606
2017-01-05,34.8575779034887
2017-01-06,31.3190764022956
2017-01-07,30.1844940737813
2017-01-08,33.0242278320905
2017-01-09,35.9191696900707
2017-01-10,38.7094040138812
2017-01-11,34.6341343072479
2017-01-12,37.0830606607547
2017-01-13,35.782731983713504
2017-01-14,28.7393233594161
2017-01-15,29.9814942759677
2017-01-16,32.5237134072453
2017-01-17,39.4223702150306
2017-01-18,33.9842136415776
2017-01-19,31.2952820221098
2017-01-20,33.6477800820626
2017-01-21,30.6639268622891
2017-01-22,35.7686556110727
2017-01-23,35.0188611801047
2017-01-24,41.1642604086308
2017-01-25,37.7567063357689
2017-01-26,36.4599476364609
2017-01-27,35.3494286973526
2017-01-28,33.3450090098169
2017-01-29,30.6185459321584
2017-01-30,32.7925384558097
2017-01-31,32.0090382317656
2017-02-01,38.1155411062726
2017-02-02,35.4593973553053
2017-02-03,34.0593551151804
2017-02-04,32.971661726656
2017-02-05,34.8408213288304
2017-02-06,35.865613624237
2017-02-07,46.0687150026698
2017-02-08,43.7137416510809
2017-02-09,40.6816216721731
2017-02-10,46.2194035494742
2017-02-11,38.4959331707035
2017-02-12,40.3367765651195
2017-02-13,61.4631543871934
2017-02-14,49.8321843542363
2017-02-15,90.5277610182307
2017-02-16,39.2112402929906
2017-02-17,38.8466740571946
2017-02-18,44.6526989257981
2017-02-19,36.3126742896657
2017-02-20,41.034467994639
2017-02-21,54.8654796653129
2017-02-22,50.9543476138885
2017-02-23,43.3524930419664
2017-02-24,41.3392381377706
2017-02-25,44.6624223242511
2017-02-26,39.379004377986
2017-02-27,45.0273860007031
2017-02-28,50.9626914234191
2017-03-01,54.942971648872
2017-03-02,54.862694242967
2017-03-03,46.4031228021552
2017-03-04,42.5194205192714
2017-03-05,43.4387034902262
2017-03-06,41.3516920184805
2017-03-07,43.8027086158884
2017-03-08,40.317484090895
2017-03-09,49.7685971017682
2017-03-10,55.5727564282456
2017-03-11,47.961429061199
2017-03-12,48.529026723026
2017-03-13,76.3627496109589
2017-03-14,74.8226057743973
2017-03-15,64.3079895312056
2017-03-16,85.3988859834259
2017-03-17,88.96620259759
2017-03-18,60.5198445644298
2017-03-19,57.0035103526754
2017-03-20,56.9492118388918
2017-03-21,64.2187189342159
2017-03-22,60.1964704440935
2017-03-23,60.9990820376295
2017-03-24,73.289017898364
2017-03-25,58.0924530094881
2017-03-26,58.1047285760663
2017-03-27,77.7392460666753
2017-03-28,63.8820732427307
2017-03-29,69.3249844144547
2017-03-30,71.1051321567618
2017-03-31,77.4006765275412
2017-04-01,57.2228813586145
2017-04-02,66.267082119486
2017-04-03,74.7844575547533
2017-04-04,64.9798500179551
2017-04-05,68.3126860485851
2017-04-06,73.3886228889011
2017-04-07,72.4189877161621
2017-04-08,52.3271242527176
2017-04-09,56.8056788092695
2017-04-10,63.0386079241591
2017-04-11,58.9152721742601
2017-04-12,80.6889592571846
2017-04-13,61.6584633202479
2017-04-14,62.8964400479704
2017-04-15,57.8052513621896
2017-04-16,55.1176954203049
2017-04-17,60.4732972431175
2017-04-18,73.7447817579827
2017-04-19,78.3964845405165
2017-04-20,71.7927739584711
2017-04-21,92.1973650957483
2017-04-22,74.920144056746
2017-04-23,65.0892018179342
2017-04-24,72.9798244742336
2017-04-25,78.57420473415
2017-04-26,74.7897238631466
2017-04-27,87.3126909117983
2017-04-28,79.2059684068147
2017-04-29,70.2026857963096
2017-04-30,78.9586302744099
2017-05-01,105.538214140903
2017-05-02,112.734602650156
2017-05-03,77.3135060873783
2017-05-04,92.4303399621889
2017-05-05,84.3533060609471
2017-05-06,84.3641463874504
2017-05-07,105.733505802463
2017-05-08,95.6059639504976
2017-05-09,106.666628386381
2017-05-10,104.904536928795
2017-05-11,109.393380226517
2017-05-12,109.060373521815
2017-05-13,106.923588255084
2017-05-14,106.37913661749
2017-05-15,132.123398807998
2017-05-16,137.143767603647
2017-05-17,220.219437190224
2017-05-18,158.498593266697
2017-05-19,173.985855405999
2017-05-20,155.579769682161
2017-05-21,160.523136917678
2017-05-22,182.632419995022
2017-05-23,253.728642190641
2017-05-24,272.090679309925
2017-05-25,218.689885039394
2017-05-26,206.055826499097
2017-05-27,182.127259991398
2017-05-28,192.525514182496
2017-05-29,192.624558129616
2017-05-30,319.92587186721
2017-05-31,634.072177123384
2017-06-01,253.29347084435
2017-06-02,291.597841473762
2017-06-03,228.134695773494
2017-06-04,255.713870927989
2017-06-05,219.924346992173
2017-06-06,265.075762618002
2017-06-07,277.963468698832
2017-06-08,239.515279974747
2017-06-09,250.50848082936
2017-06-10,214.559641123816
2017-06-11,313.877609552976
2017-06-12,512.809391033716
2017-06-13,294.642099271721
2017-06-14,254.758374393437
2017-06-15,279.620592390912
2017-06-16,257.508486546679
2017-06-17,238.660364103388
2017-06-18,251.896899621616
2017-06-19,283.021105675981
2017-06-20,720.03146299684
2017-06-21,913.388218754613
2017-06-22,684.943045550363
2017-06-23,469.929450422587
2017-06-24,640.185604612802
2017-06-25,411.721489721117
2017-06-26,875.310976343044
2017-06-27,332.032513046043
2017-06-28,773.236091502308
2017-06-29,466.282393834282
2017-06-30,352.344502266065
2017-07-01,315.744643169713
2017-07-02,317.468243775909
2017-07-03,425.920316211609
2017-07-04,377.047005195524
2017-07-05,409.090970890428
2017-07-06,304.771433494259
2017-07-07,356.293806920488
2017-07-08,360.274207471173
2017-07-09,256.112816521956
2017-07-10,261.59867252381
2017-07-11,287.290319403812
2017-07-12,330.334228770205
2017-07-13,327.42187988975
2017-07-14,275.880608775513
2017-07-15,288.040626935105
2017-07-16,276.731320514844
2017-07-17,281.509048416621
2017-07-18,423.677942917871
2017-07-19,324.838750477733
2017-07-20,256.13319004382
2017-07-21,309.641556641904
2017-07-22,224.825603323107
2017-07-23,288.493997715789
2017-07-24,309.440275124323
2017-07-25,355.486137729586
2017-07-26,294.383920628616
2017-07-27,263.94424532202
2017-07-28,281.98228990632
2017-07-29,204.174934595232
2017-07-30,208.036715301278
2017-07-31,231.201083913724
2017-08-01,263.599401863207
2017-08-02,236.995421936535
2017-08-03,236.502808745259
2017-08-04,220.028357885088
2017-08-05,236.076708761946
2017-08-06,244.978437283443
2017-08-07,323.349086525578
2017-08-08,339.083820207352
2017-08-09,268.527475016346
2017-08-10,313.147657539912
2017-08-11,354.16210436481
2017-08-12,344.986095505773
2017-08-13,304.640582603319
2017-08-14,345.515738014742
2017-08-15,383.745249085416
2017-08-16,1168.46326633464
2017-08-17,690.54664214173
2017-08-18,1018.69522486361
2017-08-19,471.918343256438
2017-08-20,293.147791082708
2017-08-21,329.868824320953
2017-08-22,325.35012231811
2017-08-23,315.881361228439
2017-08-24,322.859895183155
2017-08-25,310.136759482145
2017-08-26,297.916682977334
2017-08-27,275.335440066792
2017-08-28,323.120549329009
2017-08-29,516.170615619648
2017-08-30,433.380111261617
2017-08-31,737.552600750383
2017-09-01,515.41618702154
2017-09-02,613.662115947221
2017-09-03,296.684543722556
2017-09-04,487.767496108772
2017-09-05,615.809001055405
2017-09-06,770.277418637856
2017-09-07,734.239584314303
2017-09-08,758.749006955942
2017-09-09,441.035120382979
2017-09-10,413.297569259006
2017-09-11,393.332823000431
2017-09-12,519.977466207659
2017-09-13,463.058657601602
2017-09-14,408.768329593546
2017-09-15,636.971536778819
2017-09-16,660.859549314408
2017-09-17,371.183068103848
2017-09-18,403.163138029644
2017-09-19,385.073423359178
2017-09-20,656.834640397106
2017-09-21,325.90319902554
2017-09-22,306.112519401892
2017-09-23,315.524338577303
2017-09-24,440.089694340212
2017-09-25,383.148272059299
2017-09-26,385.775178878301
2017-09-27,422.710363398753
2017-09-28,370.160472356163
2017-09-29,330.886157979594
2017-09-30,371.957481380513
2017-10-01,358.613329436254
2017-10-02,356.930578828196
2017-10-03,381.246395654145
2017-10-04,385.387152162938
2017-10-05,418.98307785195
2017-10-06,437.255331091613
2017-10-07,316.276345068357
2017-10-08,357.347800341583
2017-10-09,379.844761748673
2017-10-10,417.793497545714
2017-10-11,938.41510075644
2017-10-12,421.957034378931
2017-10-13,474.904048256686
2017-10-14,398.049613885228
2017-10-15,386.388929966351
2017-10-16,337.116475117612
2017-10-17,322.847244140186
2017-10-18,299.370944841426
2017-10-19,283.929624900779
2017-10-20,491.672418413769
2017-10-21,230.098011400131
2017-10-22,196.134800566113
2017-10-23,269.725566031986
2017-10-24,357.09514405703
2017-10-25,290.665881547284
2017-10-26,275.04113100119
2017-10-27,297.455543733302
2017-10-28,241.167628141157
2017-10-29,242.54669253861
2017-10-30,295.610197213806
2017-10-31,330.604031180158
2017-11-01,370.465694941202
2017-11-02,373.864831846244
2017-11-03,278.69573408272
2017-11-04,212.077525073945
2017-11-05,199.749040549873
2017-11-06,268.798303897472
2017-11-07,315.044497913178
2017-11-08,379.928853676413
2017-11-09,324.913774650555
2017-11-10,291.688738911173
2017-11-11,232.953762073344
2017-11-12,297.799562429251
2017-11-13,309.385435142585
2017-11-14,335.979527230492
2017-11-15,412.662550358806
2017-11-16,353.507082797256
2017-11-17,373.48676429505
2017-11-18,255.609620533127
2017-11-19,282.28710755564
2017-11-20,371.508144057565
2017-11-21,363.885755271038
2017-11-22,365.489233899613
2017-11-23,363.134860953735
2017-11-24,312.003080397652
2017-11-25,289.454952242473
2017-11-26,355.108567824283
2017-11-27,369.147153812365
2017-11-28,423.203743142496
2017-11-29,444.283457464524
2017-11-30,423.152742251987
2017-12-01,416.073298110365
2017-12-02,344.504596509461
2017-12-03,407.152401006738
2017-12-04,804.106265031308
2017-12-05,1183.24450878551
2017-12-06,1540.65062544508
2017-12-07,2239.28904825742
2017-12-08,2315.31981303827
2017-12-09,2126.40990785644
2017-12-10,1918.26803458696
2017-12-11,1531.82368389743
2017-12-12,1559.06119538616
2017-12-13,1445.28530011046
2017-12-14,1714.10815276514
2017-12-15,1455.13698941977
2017-12-16,1468.25125087439
2017-12-17,1172.63438578949
2017-12-18,1161.92890199886
2017-12-19,1487.48222327125
2017-12-20,1731.48983713182
2017-12-21,1760.20679059899
2017-12-22,1640.14807410519
2017-12-23,1207.05966991519
2017-12-24,1024.10604988133
2017-12-25,756.76767490085
2017-12-26,743.062865870104
2017-12-27,826.181804792266
2017-12-28,832.962895657955
2017-12-29,1007.43708136773
2017-12-30,972.744759532174
2017-12-31,871.22152188744
2018-01-01,768.440906472797
2018-01-02,1053.03016630217
2018-01-03,1240.29497318669
2018-01-04,1483.65274850363
2018-01-05,3180.85648006708
2018-01-06,3641.86033765813
2018-01-07,2910.38203995815
2018-01-08,2944.30486047839
2018-01-09,3091.62689702307
2018-01-10,3696.64640195023
2018-01-11,3132.47875509716
2018-01-12,2324.70927583457
2018-01-13,2411.65558320459
2018-01-14,2236.83827578116
2018-01-15,2227.02679760714
2018-01-16,2229.81190952992
2018-01-17,2069.2257444361
2018-01-18,2153.0667389442
2018-01-19,1866.3265240355
2018-01-20,1776.83101980979
2018-01-21,1323.96038541105
2018-01-22,1196.76265691329
2018-01-23,1439.10428007801
2018-01-24,1292.59305475297
2018-01-25,1058.46029772243
2018-01-26,958.758910850724
2018-01-27,816.46397989503
2018-01-28,887.823405460726
2018-01-29,1275.09118889274
2018-01-30,1062.58104481468
2018-01-31,1068.64828456371
2018-02-01,1550.75447517131
2018-02-02,1202.44658171113
2018-02-03,887.378180489835
2018-02-04,844.771117177603
2018-02-05,873.20999383072
2018-02-06,925.671715837919
2018-02-07,850.591810780425
2018-02-08,654.747657376655
2018-02-09,702.094308269009
2018-02-10,761.99577780493
2018-02-11,646.192856431445
2018-02-12,642.814524280485
2018-02-13,631.470109460301
2018-02-14,642.037200275275
2018-02-15,634.597078790458
2018-02-16,601.582134922607
2018-02-17,678.76879333474
2018-02-18,766.145047919866
2018-02-19,656.179260443437
2018-02-20,745.416963641882
2018-02-21,741.308287976547
2018-02-22,614.720011616645
2018-02-23,626.411385520844
2018-02-24,626.790309264322
2018-02-25,548.954074265911
2018-02-26,546.312001807188
2018-02-27,564.395121085298
2018-02-28,749.088778484977
2018-03-01,571.259398160711
2018-03-02,734.40967995366
2018-03-03,508.960376279592
2018-03-04,553.921798490833
2018-03-05,633.96789709079
2018-03-06,516.093938893653
2018-03-07,610.123386230882
2018-03-08,540.633566535207
2018-03-09,500.78151699298
2018-03-10,397.480635309803
2018-03-11,361.572810783517
2018-03-12,513.422000331516
2018-03-13,391.73149894858
2018-03-14,421.588644264633
2018-03-15,393.576583529219
2018-03-16,420.405332256286
2018-03-17,312.269060195462
2018-03-18,363.787779257323
2018-03-19,377.053890281895
2018-03-20,379.918837075471
2018-03-21,442.726380124658
2018-03-22,426.379987300775
2018-03-23,450.096131193213
2018-03-24,380.876658324465
2018-03-25,333.965328266451
2018-03-26,434.589110834609
2018-03-27,360.733891105136
2018-03-28,367.473352732869
2018-03-29,388.418603829587
2018-03-30,353.292965848522
2018-03-31,281.163320479825
2018-04-01,250.986521768595
2018-04-02,308.536535493143
2018-04-03,332.16833206434
2018-04-04,283.251214704586
2018-04-05,488.359096954945
2018-04-06,352.355026596937
2018-04-07,242.705023866296
2018-04-08,282.433505171212
2018-04-09,307.438390275925
2018-04-10,292.820208814272
2018-04-11,326.02198730033
2018-04-12,378.876589769983
2018-04-13,442.272519664337
2018-04-14,317.022299922293
2018-04-15,293.300030526338
2018-04-16,333.97077493171
2018-04-17,359.839165635727
2018-04-18,421.581471854276
2018-04-19,445.072974679742
2018-04-20,445.012554683672
2018-04-21,347.810312738837
2018-04-22,357.65697343731
2018-04-23,390.663517807491
2018-04-24,478.509636834002
2018-04-25,455.279846455671
2018-04-26,463.462968986037
2018-04-27,486.780280197732
2018-04-28,518.979361455005
2018-04-29,546.699467868222
2018-04-30,566.570331846045
2018-05-01,444.819094055218
2018-05-02,476.351338422063
2018-05-03,569.74960827728
2018-05-04,545.712357893821
2018-05-05,428.660254429505
2018-05-06,383.374428815809
2018-05-07,443.728234107876
2018-05-08,496.310278441738
2018-05-09,522.481470500627
2018-05-10,737.346626030821
2018-05-11,721.751162327102
2018-05-12,498.47945773575
2018-05-13,522.063870818826
2018-05-14,667.493522521263
2018-05-15,673.498366946974
2018-05-16,718.126049678287
2018-05-17,790.210562435026
2018-05-18,747.660402489323
2018-05-19,663.303937890432
2018-05-20,604.615806852184
2018-05-21,683.188824939212
2018-05-22,769.998110969074
2018-05-23,780.870326686702
2018-05-24,718.821398058702
2018-05-25,688.278233288639
2018-05-26,596.384804368896
2018-05-27,546.718705712743
2018-05-28,862.659407170855
2018-05-29,825.680263771709
2018-05-30,867.284349850765
2018-05-31,1073.93135997004
2018-06-01,875.763461594887
2018-06-02,602.95139884685
2018-06-03,590.894601534515
2018-06-04,738.62097418354
2018-06-05,634.673305813622
2018-06-06,809.11851277392
2018-06-07,631.629547324768
2018-06-08,547.890829721044
2018-06-09,439.16006148024
2018-06-10,439.124773458381
2018-06-11,473.357637638703
2018-06-12,466.833373619293
2018-06-13,486.765094398417
2018-06-14,523.19281115868
2018-06-15,601.608319485535
2018-06-16,575.569880829222
2018-06-17,310.673913395605
2018-06-18,331.453370209135
2018-06-19,465.793926425134
2018-06-20,437.737407766925
2018-06-21,416.030268945039
2018-06-22,882.17322666299
2018-06-23,347.143282742146
2018-06-24,514.962924372328
2018-06-25,527.396861146827
2018-06-26,388.528456093991
2018-06-27,388.472117690681
2018-06-28,370.16126342588
2018-06-29,392.302217431495
2018-06-30,1998.55679039543
2018-07-01,3237.25306307421
2018-07-02,5862.52622601553
2018-07-03,4020.76246238482
2018-07-04,2942.86512027096
2018-07-05,2561.44382411012
2018-07-06,3356.1320663016
2018-07-07,3015.04091935499
2018-07-08,1382.16199866923
2018-07-09,1096.82724581353
2018-07-10,734.239112198463
2018-07-11,838.937528693382
2018-07-12,1363.06030149493
2018-07-13,1531.90262251895
2018-07-14,2932.2618461245
2018-07-15,3561.56698286569
2018-07-16,583.144510055501
2018-07-17,506.76849052618
2018-07-18,478.470516253139
2018-07-19,431.950070567658
2018-07-20,558.219141946474
2018-07-21,591.209761714397
2018-07-22,367.829167688821
2018-07-23,558.459657485428
2018-07-24,475.622972129876
2018-07-25,443.459507125299
2018-07-26,390.998800405601
2018-07-27,363.146119386673
2018-07-28,512.539594286986
2018-07-29,303.759406417417
2018-07-30,343.232712471259
2018-07-31,355.72234760962
2018-08-01,747.822723123542
2018-08-02,333.957457254237
2018-08-03,344.03554674194
2018-08-04,401.410556046793
2018-08-05,262.742229465993
2018-08-06,426.678880059263
2018-08-07,1344.3269746175
2018-08-08,2878.01638516902
2018-08-09,2484.60865877865
2018-08-10,1520.59982619294
2018-08-11,507.308149492136
2018-08-12,362.477779726846
2018-08-13,526.721996785398
2018-08-14,599.407782407458
2018-08-15,590.092590063515
2018-08-16,524.785201272861
2018-08-17,1935.16300761191
2018-08-18,441.953223477292
2018-08-19,394.178710096255
2018-08-20,406.410218505022
2018-08-21,377.618559440687
2018-08-22,891.346476414307
2018-08-23,599.908997808549
2018-08-24,1055.96355696535
2018-08-25,333.520516759777
2018-08-26,950.622764082728
2018-08-27,376.453585524854
2018-08-28,380.620382285834
2018-08-29,530.744662464587
2018-08-30,441.391249486415
2018-08-31,447.892055737219
2018-09-01,360.563523100649
2018-09-02,332.101884048372
2018-09-03,372.263742203329
2018-09-04,459.978457339827
2018-09-05,362.380209841285
2018-09-06,511.158838466205
2018-09-07,506.59950805672
2018-09-08,404.49548361775
2018-09-09,433.07893712284
2018-09-10,448.309581240748
2018-09-11,512.254527644765
2018-09-12,519.583146425811
2018-09-13,535.655261393735
2018-09-14,392.433137938438
2018-09-15,385.383483215684
2018-09-16,370.196807498742
2018-09-17,442.143632482982
2018-09-18,543.078626345878
2018-09-19,698.45980802201
2018-09-20,494.757311551543
2018-09-21,680.152691787906
2018-09-22,419.376992861723
2018-09-23,370.2980718796
2018-09-24,679.38681261278
2018-09-25,514.749182324166
2018-09-26,535.126297948815
2018-09-27,569.997043131453
2018-09-28,620.86564901131
2018-09-29,662.158329233322
2018-09-30,522.137411449057
2018-10-01,611.806878825731
2018-10-02,646.265081061878
2018-10-03,444.725781937521
2018-10-04,441.227546690282
2018-10-05,429.831401691869
2018-10-06,290.769198671218
2018-10-07,314.187829229962
2018-10-08,431.496702614047
2018-10-09,387.495837112857
2018-10-10,447.94096471051
2018-10-11,471.926908759281
2018-10-12,617.706520971357
2018-10-13,341.114582158222
2018-10-14,295.784466140686
2018-10-15,409.714491824754
2018-10-16,351.755167762662
2018-10-17,382.8993770093
2018-10-18,362.986377349918
2018-10-19,414.567744807115
2018-10-20,365.682893582562
2018-10-21,331.528021882481
2018-10-22,399.544008318369
2018-10-23,407.241400125581
2018-10-24,470.944435057706
2018-10-25,543.008039415707
2018-10-26,480.749730708319
2018-10-27,352.777078102902
2018-10-28,332.819870180836
2018-10-29,427.227664414333
2018-10-30,422.831718431547
2018-10-31,423.391560465868
2018-11-01,406.728329795891
2018-11-02,443.731385231838
2018-11-03,396.984332616634
2018-11-04,353.364412997294
2018-11-05,503.192426931633
2018-11-06,508.602117579979
2018-11-07,467.816806095066
2018-11-08,547.58824724899
2018-11-09,411.38815206795
2018-11-10,298.407835967096
2018-11-11,276.610296666628
2018-11-12,443.353550255687
2018-11-13,477.617245935074
2018-11-14,578.049841788255
2018-11-15,628.564345397706
2018-11-16,543.543242039222
2018-11-17,408.434085837098
2018-11-18,459.693128179489
2018-11-19,632.835654230693
2018-11-20,650.570175444021
2018-11-21,526.891809632899
2018-11-22,501.970612559246
2018-11-23,527.50460847259
2018-11-24,460.695684489001
2018-11-25,529.533093682557
2018-11-26,520.842836798415
2018-11-27,484.297116088881
2018-11-28,644.561057785148
2018-11-29,736.857420866222
2018-11-30,889.632678487154
2018-12-01,585.918402128259
2018-12-02,514.38921077971
2018-12-03,599.645065257089
2018-12-04,608.995687582646
2018-12-05,651.568035968157
2018-12-06,504.219768219745
2018-12-07,491.705946697794
2018-12-08,351.117629407935
2018-12-09,340.654196261201
2018-12-10,403.892043473645
2018-12-11,384.96480811404
2018-12-12,368.945919812818
2018-12-13,437.247037292593
2018-12-14,588.277859725656
2018-12-15,338.956378037709
2018-12-16,308.824910558607
2018-12-17,392.573941793933
2018-12-18,662.092734762286
2018-12-19,449.87920854947
2018-12-20,445.50684382299
2018-12-21,425.336553594689
2018-12-22,325.711436260078
2018-12-23,362.013363614298
2018-12-24,440.597499624697
2018-12-25,439.259911857001
2018-12-26,507.345486769806
2018-12-27,339.147494718642
2018-12-28,363.677404643996
2018-12-29,321.05411481
2018-12-30,565.477700838925
2018-12-31,332.253314414285
2019-01-01,302.739537213961
2019-01-02,346.532897063819
2019-01-03,328.042378432819
2019-01-04,360.324446393286
2019-01-05,494.482682356201
2019-01-06,299.719298954601
2019-01-07,336.386276076145
2019-01-08,312.987854562484
2019-01-09,299.297944411376
2019-01-10,365.211038358387
2019-01-11,331.239542254621
2019-01-12,247.106865676666
2019-01-13,266.113479699731
2019-01-14,507.872339114361
2019-01-15,422.730695158028
2019-01-16,432.116690900256
2019-01-17,329.717908848042
2019-01-18,369.655289327656
2019-01-19,331.148399674983
2019-01-20,307.155158943066
2019-01-21,355.567770948865
2019-01-22,486.43093357993
2019-01-23,344.272988736523
2019-01-24,355.082550363273
2019-01-25,324.854362609842
2019-01-26,272.380801670358
2019-01-27,270.240948917687
2019-01-28,373.145072759703
2019-01-29,328.592828298565
2019-01-30,351.008388598171
2019-01-31,390.385914443765
2019-02-01,358.55844087059
2019-02-02,286.88608468587
2019-02-03,253.716463007827
2019-02-04,266.902415697067
2019-02-05,269.82252056229
2019-02-06,283.658211099938
2019-02-07,302.806479808971
2019-02-08,327.477084042988
2019-02-09,292.293379769383
2019-02-10,274.093901616767
2019-02-11,321.220211172266
2019-02-12,316.690456317758
2019-02-13,356.530882013253
2019-02-14,395.493345569882
2019-02-15,408.342429404101
2019-02-16,360.428548152031
2019-02-17,358.455770384086
2019-02-18,491.581844803941
2019-02-19,4475.31909709038
2019-02-20,465.034300622835
2019-02-21,449.925097909844
2019-02-22,426.47223517711
2019-02-23,385.480492211673
2019-02-24,465.383188180238
2019-02-25,523.629388293064
2019-02-26,525.22159827323
2019-02-27,477.562144158921
2019-02-28,545.141762162357
2019-03-01,392.654013456279
2019-03-02,357.899072965515
2019-03-03,331.573277122643
2019-03-04,428.588539290382
2019-03-05,429.96243266571
2019-03-06,414.37212215823
2019-03-07,411.223761509561
2019-03-08,406.061047726417
2019-03-09,361.402119260148
2019-03-10,314.318252011768
2019-03-11,349.931231231276
2019-03-12,356.544298928266
2019-03-13,347.070014237762
2019-03-14,322.992076778141
2019-03-15,331.674074077324
2019-03-16,273.071194585701
2019-03-17,310.67066015956
2019-03-18,2581.24050909247
2019-03-19,432.020125826984
2019-03-20,390.605270020162
2019-03-21,566.026478143193
2019-03-22,461.51686861504
2019-03-23,349.002557102773
2019-03-24,347.354485300582
2019-03-25,438.341073940889
2019-03-26,456.06475570456
2019-03-27,501.636086284765
2019-03-28,434.039074008424
2019-03-29,488.682081683831
2019-03-30,383.162137229207
2019-03-31,391.446841416616
2019-04-01,489.84058336231
2019-04-02,563.939199619268
2019-04-03,666.422049032731
2019-04-04,505.040702815719
2019-04-05,393.319036376341
2019-04-06,344.123749928134
2019-04-07,352.488614210273
2019-04-08,449.945245196768
2019-04-09,397.350785497715
2019-04-10,542.728767089341
2019-04-11,463.796051783452
2019-04-12,404.613992119429
2019-04-13,332.295175279968
2019-04-14,310.354655847064
2019-04-15,354.372094255898
2019-04-16,412.885718539058
2019-04-17,433.035932405946
2019-04-18,450.457669311788
2019-04-19,372.532128951198
2019-04-20,291.32661262838
2019-04-21,311.141004726166
2019-04-22,360.044816999622
2019-04-23,389.700714467282
2019-04-24,368.62264967848
2019-04-25,318.58545387078
2019-04-26,407.862070775423
2019-04-27,263.999822988734
2019-04-28,276.424986178434
2019-04-29,308.482304567181
2019-04-30,332.81697154639
2019-05-01,347.049120102901
2019-05-02,779.257986582213
2019-05-03,377.23536943426
2019-05-04,312.588271054329
2019-05-05,322.436433955547
2019-05-06,394.664474888322
2019-05-07,469.331553361573
2019-05-08,396.119251758527
2019-05-09,385.012315730408
2019-05-10,428.289673154479
2019-05-11,364.548831687809
2019-05-12,363.428942254162
2019-05-13,469.420814572339
2019-05-14,529.145568702744
2019-05-15,661.284199725175
2019-05-16,907.41508028301
2019-05-17,740.510659253389
2019-05-18,557.079293089373
2019-05-19,481.723832745491
2019-05-20,567.687031982251
2019-05-21,465.357809709244
2019-05-22,640.87975646521
2019-05-23,552.521722338055
2019-05-24,596.560455100532
2019-05-25,444.604120351161
2019-05-26,359.58624627893
2019-05-27,616.238235263269
2019-05-28,598.33988507256
2019-05-29,665.451469598683
2019-05-30,693.34295986774
2019-05-31,621.670157095932
2019-06-01,597.692901645776
2019-06-02,421.116951518707
2019-06-03,530.903657384092
2019-06-04,538.360868865039
2019-06-05,517.528171914268
2019-06-06,489.340277278435
2019-06-07,453.830995374379
2019-06-08,722.15021946695
2019-06-09,350.745638782079
2019-06-10,767.52284095101
2019-06-11,597.19427217505
2019-06-12,387.462395878498
2019-06-13,393.640417610607
2019-06-14,509.056145446257
2019-06-15,650.059710585365
2019-06-16,387.64744011686
2019-06-17,720.796944870326
2019-06-18,486.262833775061
2019-06-19,568.027638809634
2019-06-20,777.395717441241
2019-06-21,409.16289039956
2019-06-22,383.76141748602
2019-06-23,402.142929856901
2019-06-24,479.551355699423
2019-06-25,720.566889050072
2019-06-26,703.805023221904
2019-06-27,773.847825111018
2019-06-28,752.316174743895
2019-06-29,480.848501071819
2019-06-30,471.733301731479
2019-07-01,783.261353958773
2019-07-02,586.406619538677
2019-07-03,417.480016325382
2019-07-04,378.309812399594
2019-07-05,520.894479312114
2019-07-06,458.95792260982
2019-07-07,292.500517738876
2019-07-08,533.539068475715
2019-07-09,442.101563412205
2019-07-10,375.450974091071
2019-07-11,731.771198653946
2019-07-12,422.040523332083
2019-07-13,310.646839328341
2019-07-14,405.898060718156
2019-07-15,497.647511036428
2019-07-16,1016.43091024685
2019-07-17,740.726374878253
2019-07-18,378.335949684812
2019-07-19,598.178411916682
2019-07-20,287.871159164884
2019-07-21,273.519755709477
2019-07-22,318.683400911393
2019-07-23,347.101450183944
2019-07-24,736.252411544568
2019-07-25,726.772894122952
2019-07-26,360.854794329334
2019-07-27,335.070288414844
2019-07-28,261.507477742059
2019-07-29,348.035384126406
2019-07-30,380.940767996536
2019-07-31,409.461194940423
2019-08-01,706.762330574442
2019-08-02,492.17348702438
2019-08-03,574.254800738531
2019-08-04,262.589046260636
2019-08-05,367.298889386145
2019-08-06,399.67739235927
2019-08-07,372.357085104385
2019-08-08,390.582468011035
2019-08-09,411.540538046807
2019-08-10,321.574615003184
2019-08-11,287.09494896591
2019-08-12,379.614137912085
2019-08-13,442.189111129728
2019-08-14,423.557030430018
2019-08-15,495.115214127143
2019-08-16,380.93253591002
2019-08-17,285.605634390668
2019-08-18,292.731797020734
2019-08-19,458.941730801327
2019-08-20,469.550973645115
2019-08-21,559.503433834394
2019-08-22,489.346336601248
2019-08-23,457.983069608466
2019-08-24,392.340555421209
2019-08-25,511.208664027388
2019-08-26,632.280199727374
2019-08-27,498.350931196932
2019-08-28,510.605809006714
2019-08-29,517.001416257187
2019-08-30,500.215056063499
2019-08-31,444.68848205775
2019-09-01,456.946080093522
2019-09-02,562.905739994953
2019-09-03,552.067618597658
2019-09-04,536.606366121006
2019-09-05,683.625581690154
2019-09-06,729.965679931923
2019-09-07,678.309666092547
2019-09-08,726.611953083257
2019-09-09,832.393931196388
2019-09-10,916.930693463298
2019-09-11,868.766728814777
2019-09-12,962.059439753368
2019-09-13,871.14181007985
2019-09-14,955.764587474667
2019-09-15,969.794892864245
2019-09-16,1009.41096267425
2019-09-17,1223.12474121486
2019-09-18,1295.19244256508
2019-09-19,1460.47504692222
2019-09-20,1468.01563146029
2019-09-21,1153.9662433121
2019-09-22,895.18175940861
2019-09-23,1314.77421872369
2019-09-24,1541.68226515015
2019-09-25,1627.78344789188
2019-09-26,1219.3935116565
2019-09-27,1239.59012376134
2019-09-28,1214.59692532257
2019-09-29,1131.88586602438
2019-09-30,1014.74149350943
2019-10-01,510.519279421007
2019-10-02,485.10578116524
2019-10-03,644.288279765409
2019-10-04,495.206673212367
2019-10-05,427.436529489671
2019-10-06,390.611190603793
2019-10-07,438.560662555172
2019-10-08,466.796129900169
2019-10-09,569.675094447032
2019-10-10,498.838043446028
2019-10-11,469.916381281247
2019-10-12,391.504583309413
2019-10-13,376.37228512471
2019-10-14,444.69585102169
2019-10-15,466.904748070423
2019-10-16,455.449565818279
2019-10-17,431.511495884489
2019-10-18,462.716782333963
2019-10-19,413.375987115214
2019-10-20,445.683716212835
2019-10-21,464.133945000863
2019-10-22,535.165152981328
2019-10-23,689.667742694486
2019-10-24,534.224825736828
2019-10-25,563.583145272985
2019-10-26,558.225547565575
2019-10-27,443.947594165053
2019-10-28,534.47132182697
2019-10-29,552.415442195059
2019-10-30,562.591704551321
2019-10-31,535.243828726596
2019-11-01,491.6812305436
2019-11-02,392.108506847438
2019-11-03,411.123615261259
2019-11-04,479.957987620127
2019-11-05,507.675379756366
2019-11-06,463.924070300083
2019-11-07,660.624229658788
2019-11-08,500.791460927866
2019-11-09,415.89588371075
2019-11-10,403.374049866826
2019-11-11,498.673182647335
2019-11-12,481.223546472793
2019-11-13,492.616864491098
2019-11-14,497.247743221814
2019-11-15,479.643487275844
2019-11-16,379.951505903036
2019-11-17,402.111509834007
2019-11-18,618.224443406133
2019-11-19,514.580194545252
2019-11-20,508.597206183188
2019-11-21,764.870316334322
2019-11-22,1247.61868293834
2019-11-23,426.844751724792
2019-11-24,426.170439949827
2019-11-25,983.451890585947
2019-11-26,685.816215734703
2019-11-27,549.528134124908
2019-11-28,545.171243593156
2019-11-29,466.649687104897
2019-11-30,406.069891267932
2019-12-01,491.442702093313
2019-12-02,501.688389429495
2019-12-03,435.856745043069
2019-12-04,486.052553788432
2019-12-05,417.555309665927
2019-12-06,372.493451991901
2019-12-07,308.973700731052
2019-12-08,265.098525128129
2019-12-09,381.435427612885
2019-12-10,418.738180177832
2019-12-11,428.872788684744
2019-12-12,419.127534481856
2019-12-13,398.814109915863
2019-12-14,340.902506530714
2019-12-15,352.163253058719
2019-12-16,502.340850500567
2019-12-17,667.705801492542
2019-12-18,570.354672937134
2019-12-19,431.477175766939
2019-12-20,438.282455843686
2019-12-21,342.874263987433
2019-12-22,321.917912588683
2019-12-23,430.460201919398
2019-12-24,373.031636508214
2019-12-25,357.581626049903
2019-12-26,365.641618102116
2019-12-27,355.385285766942
2019-12-28,305.483178425585
2019-12-29,293.629712438214
2019-12-30,352.921464570457
2019-12-31,373.948833651966
2020-01-01,300.15829750746
2020-01-02,289.905747615827
2020-01-03,341.810244038623
2020-01-04,275.788677733425
2020-01-05,267.585827469056
2020-01-06,365.130435090801
2020-01-07,351.416569353127
2020-01-08,423.904577993973
2020-01-09,345.756340566682
2020-01-10,411.438351691261
2020-01-11,313.037140049897
2020-01-12,288.633167984529
2020-01-13,343.617325172868
2020-01-14,505.107590273628
2020-01-15,406.798121480972
2020-01-16,342.6789285436
2020-01-17,369.72217350935
2020-01-18,344.951379699615
2020-01-19,324.54695068649
2020-01-20,296.585236361045
2020-01-21,274.265211799813
2020-01-22,252.926557999242
2020-01-23,255.821627561609
2020-01-24,251.476247800749
2020-01-25,190.131630760046
2020-01-26,193.430187633532
2020-01-27,234.488606666573
2020-01-28,260.539236794447
2020-01-29,269.412681400352
2020-01-30,309.173777803328
2020-01-31,305.322830233603
2020-02-01,274.201564397268
2020-02-02,278.102824245715
2020-02-03,322.006416867694
2020-02-04,355.728738231241
2020-02-05,438.249561716446
2020-02-06,485.00088080414
2020-02-07,487.820303712308
2020-02-08,395.374450026646
2020-02-09,368.387263321109
2020-02-10,391.843103633768
2020-02-11,425.574892389595
2020-02-12,591.936372923839
2020-02-13,542.1720187651119
2020-02-14,523.026622564163
2020-02-15,498.227329648677
2020-02-16,593.291085541229
2020-02-17,480.511082944346
2020-02-18,449.144330931577
2020-02-19,489.254101198237
2020-02-20,515.092914963008
2020-02-21,342.592641993057
2020-02-22,306.166021241011
2020-02-23,361.721489920007
2020-02-24,409.279307851588
2020-02-25,475.984157403946
2020-02-26,847.851282585307
2020-02-27,546.82134856842
2020-02-28,465.48754416053
2020-02-29,326.307046361614
2020-03-01,344.935625351164
2020-03-02,354.488239421987
2020-03-03,373.637412524881
2020-03-04,377.332309937586
2020-03-05,434.519240332866
2020-03-06,401.601683128802
2020-03-07,369.337932153509
2020-03-08,681.288725196656
2020-03-09,747.922060454981
2020-03-10,470.560112829602
2020-03-11,587.177134374734
2020-03-12,5112.96287742339
2020-03-13,4904.49896969096
2020-03-14,585.94287082697
2020-03-15,523.33629159337
2020-03-16,1458.39805981128
2020-03-17,759.560826567117
2020-03-18,613.754930466549
2020-03-19,888.164144011551
2020-03-20,723.896225190784
2020-03-21,517.400525170321
2020-03-22,500.34484737234
2020-03-23,590.391078944868
2020-03-24,561.403051931441
2020-03-25,548.042865715336
2020-03-26,526.207263959382
2020-03-27,491.508593221265
2020-03-28,402.682721890085
2020-03-29,351.972078154338
2020-03-30,453.421142859057
2020-03-31,500.576909063047
2020-04-01,457.728734982446
2020-04-02,521.59627418095
2020-04-03,486.43078489573
2020-04-04,363.733650672776
2020-04-05,352.418793553891
2020-04-06,641.609307579047
2020-04-07,581.956717829112
2020-04-08,511.237521198246
2020-04-09,490.259293954125
2020-04-10,520.404512776089
2020-04-11,399.05794443042
2020-04-12,367.81050134906
2020-04-13,495.84226298862
2020-04-14,525.313394602896
2020-04-15,493.208569139934
2020-04-16,693.830514351239
2020-04-17,528.054698903288
2020-04-18,584.290569714334
2020-04-19,513.189146891434
2020-04-20,662.094831805021
2020-04-21,697.26180346354
2020-04-22,657.733728159923
2020-04-23,693.255246983587
2020-04-24,663.001978421938
2020-04-25,568.630633452094
2020-04-26,635.743288889981
2020-04-27,651.6498885843
2020-04-28,597.748886540735
2020-04-29,978.342003144796
2020-04-30,1276.05016316746
2020-05-01,682.262526885651
2020-05-02,519.301518892235
2020-05-03,601.976980869347
2020-05-04,742.571297504643
2020-05-05,779.218945329278
2020-05-06,942.909044403326
2020-05-07,1165.18607111709
2020-05-08,1143.69598717609
2020-05-09,941.931341748122
2020-05-10,1704.24085729959
2020-05-11,1302.23122217669
2020-05-12,1462.67168830975
2020-05-13,1855.68080887489
2020-05-14,2249.15147080165
2020-05-15,1703.91970106588
2020-05-16,1381.23085809428
2020-05-17,1485.00789389451
2020-05-18,2001.36432600533
2020-05-19,1785.35381265802
2020-05-20,2065.60996427099
2020-05-21,2809.2921720326
2020-05-22,1934.63572916675
2020-05-23,1230.24003670657
2020-05-24,1615.10325201109
2020-05-25,2085.50731589304
2020-05-26,2141.28535472307
2020-05-27,2325.22085846041
2020-05-28,2256.4674557127
2020-05-29,1962.58762166092
2020-05-30,1896.56844298887
2020-05-31,1571.98622114211
2020-06-01,1797.13619708623
2020-06-02,2084.43924800407
2020-06-03,1621.42172614359
2020-06-04,1738.22904605594
2020-06-05,1820.20335202409
2020-06-06,2061.88052983188
2020-06-07,2242.18897370127
2020-06-08,2268.49866374187
2020-06-09,2152.57219177443
2020-06-10,13028.5881866976
2020-06-11,15374.7982876228
2020-06-12,2048.13009897808
2020-06-13,1591.20792839414
2020-06-14,1340.12656478712
2020-06-15,2532.14896120019
2020-06-16,2306.791403269
2020-06-17,2423.16716377273
2020-06-18,2227.1787181223
2020-06-19,2476.53166989317
2020-06-20,1950.96753225541
2020-06-21,1991.25386947459
2020-06-22,2846.21609904002
2020-06-23,3195.62634671158
2020-06-24,3310.32733132402
2020-06-25,2945.81852967543
2020-06-26,2687.9864226511
2020-06-27,2518.03954394156
2020-06-28,2422.8329120768
2020-06-29,2696.24647476618
2020-06-30,3606.55748546147
2020-07-01,3222.54348390283
2020-07-02,2905.19900404954
2020-07-03,3022.91781502071
2020-07-04,2248.85953092851
2020-07-05,2104.09825559908
2020-07-06,2723.24734869003
2020-07-07,2766.36700392947
2020-07-08,3598.79058997981
2020-07-09,3261.71733678091
2020-07-10,2558.53535560702
2020-07-11,2248.09611422586
2020-07-12,2110.05841500563
2020-07-13,3601.21435625431
2020-07-14,2991.33532610225
2020-07-15,3588.57745550201
2020-07-16,3865.75409159223
2020-07-17,3972.43020078422
2020-07-18,3643.1094470457
2020-07-19,3943.18419328425
2020-07-20,5079.93972837006
2020-07-21,5327.69945964337
2020-07-22,5190.74288996692
2020-07-23,5987.57565632056
2020-07-24,5618.90911012403
2020-07-25,6151.60236610015
2020-07-26,5485.4964279841
2020-07-27,7408.94748332094
2020-07-28,5390.11872874569
2020-07-29,5617.71456465358
2020-07-30,5260.65022587049
2020-07-31,5923.28101122109
2020-08-01,4787.70758569787
2020-08-02,5869.13200095084
2020-08-03,5239.88210357656
2020-08-04,4364.52355097606
2020-08-05,4072.48559814681
2020-08-06,4472.74949731224
2020-08-07,5687.03700848065
2020-08-08,5151.00383409889
2020-08-09,6082.73595881307
2020-08-10,9332.14340386295
2020-08-11,9978.83716916102
2020-08-12,17753.8813255144
2020-08-13,20263.7696718171
2020-08-14,16401.4026440407
2020-08-15,9106.11043223413
2020-08-16,7887.33304366295
2020-08-17,8615.11045691552
2020-08-18,10289.9198654758
2020-08-19,10761.3694850286
2020-08-20,9115.81975942723
2020-08-21,12542.5711278808
2020-08-22,7988.31300271353
2020-08-23,6545.5083709114
2020-08-24,7735.14733727536
2020-08-25,8374.26392085575
2020-08-26,7184.34491387948
2020-08-27,7359.339848328
2020-08-28,7197.37313750545
2020-08-29,7841.94438907754
2020-08-30,16600.8411549188
2020-08-31,18895.0601008854
2020-09-01,35517.2240148368
2020-09-02,37967.1589950456
2020-09-03,30984.7575756929
2020-09-04,18017.4766728279
2020-09-05,21819.8052806756
2020-09-06,10035.0029661354
2020-09-07,8661.75511899405
2020-09-08,7993.84904257125
2020-09-09,9240.83794961463
2020-09-10,13897.301460729
2020-09-11,11537.870588263
2020-09-12,8212.91270870656
2020-09-13,9308.55082165614
2020-09-14,15531.7155097349
2020-09-15,14752.3378210806
2020-09-16,11651.2390352543
2020-09-17,42763.252557573
2020-09-18,24732.1270967209
2020-09-19,13538.3278454642
2020-09-20,10157.6930997995
2020-09-21,13563.3681484685
2020-09-22,12151.0937993809
2020-09-23,10063.4643258827
2020-09-24,8479.59376906056
2020-09-25,7685.96408616996
2020-09-26,6278.13023521203
2020-09-27,6376.07282580204
2020-09-28,9050.85403679643
2020-09-29,11274.1153453756
2020-09-30,8845.79748053185
2020-10-01,7447.624885112
2020-10-02,6823.68964578226
2020-10-03,5560.36363841561
2020-10-04,5898.28262640757
2020-10-05,6467.22110657085
2020-10-06,8317.9717541746
2020-10-07,6123.20114294765
2020-10-08,5987.75172755541
2020-10-09,5752.78553486686
2020-10-10,4494.54129579894
2020-10-11,3585.36560335057
2020-10-12,5515.12062649836
2020-10-13,5702.287880814
2020-10-14,5932.70856164477
2020-10-15,5823.95030203291
2020-10-16,4743.68021270076
2020-10-17,2589.45409850446
2020-10-18,2744.85755590711
2020-10-19,4181.25899460072
2020-10-20,4532.19909775116
2020-10-21,5743.03474635037
2020-10-22,4850.82767368243
2020-10-23,4402.46617889354
2020-10-24,2261.14761129962
2020-10-25,2346.40010721044
2020-10-26,4418.60540665668
2020-10-27,3148.63408690384
2020-10-28,4849.67384846555
2020-10-29,5094.81336901624
2020-10-30,4618.59684545817
2020-10-31,2992.67254377472
2020-11-01,2414.13949383276
2020-11-02,4397.64583055513
2020-11-03,3354.79983884666
2020-11-04,2771.96451483887
2020-11-05,3763.1770252663
2020-11-06,4519.43458056202
2020-11-07,4275.48875436271
2020-11-08,2131.6680356891
2020-11-09,3182.89731353665
2020-11-10,3776.70914361646
2020-11-11,3752.2799718277
2020-11-12,4175.99202434171
2020-11-13,4109.25381125993
2020-11-14,2791.58960101846
2020-11-15,2520.8174894387
2020-11-16,3540.92787913082
2020-11-17,5886.35695704302
2020-11-18,6371.6001620115
2020-11-19,3886.14695631474
2020-11-20,5098.6554798309
2020-11-21,5071.95092821676
2020-11-22,4852.22458230666
2020-11-23,5825.95841619832
2020-11-24,7166.07812745904
2020-11-25,4578.87001402318
2020-11-26,11194.8299495085
2020-11-27,3124.36135329947
2020-11-28,2243.44048737299
2020-11-29,1962.35106914188
2020-11-30,6022.47062495934
2020-12-01,6541.40146506497
2020-12-02,3155.09308135628
2020-12-03,3488.16840720246
2020-12-04,3936.3252264022
2020-12-05,2662.91684949962
2020-12-06,2648.30725458312
2020-12-07,3570.71322089482
2020-12-08,4845.22440275591
2020-12-09,5024.9154251574
2020-12-10,4250.05382413811
2020-12-11,4829.41138247689
2020-12-12,3106.76821403943
2020-12-13,3321.30057312452
2020-12-14,4749.0893171247
2020-12-15,6519.63801559461
2020-12-16,6414.62045128245
2020-12-17,11024.4189319868
2020-12-18,5561.51398268431
2020-12-19,4889.28313214807
2020-12-20,3415.53031189872
2020-12-21,6179.87779810282
2020-12-22,5216.00439757369
2020-12-23,8973.28335289877
2020-12-24,6673.36634225949
2020-12-25,7100.31111576788
2020-12-26,5203.24531074014
2020-12-27,7559.85975262819
2020-12-28,8873.28557347683
2020-12-29,7421.20532653872
2020-12-30,8986.76406768946
2020-12-31,7765.74855700672
2021-01-01,5188.67335053118
2021-01-02,8012.06528459172
2021-01-03,13011.0934147133
2021-01-04,20121.6893109184
2021-01-05,10958.666235018
2021-01-06,9762.94678174504
2021-01-07,10633.9791717405
2021-01-08,11193.1512828877
2021-01-09,7201.34591457974
2021-01-10,6984.82871178449
2021-01-11,19748.3800385779
2021-01-12,6776.86885192019
2021-01-13,5372.77808698011
2021-01-14,6499.37143141547
2021-01-15,7421.96613614851
2021-01-16,6302.56929020478
2021-01-17,4872.88089511421
2021-01-18,5797.31132661487
2021-01-19,7959.14966911094
2021-01-20,6658.69119208762
2021-01-21,9736.67861493452
2021-01-22,10383.0792312606
2021-01-23,6336.81110542511
2021-01-24,6396.68565560098
2021-01-25,8615.00404834866
2021-01-26,6683.69281549312
2021-01-27,7733.09827602272
2021-01-28,7335.12463217753
2021-01-29,10902.2219973875
2021-01-30,8642.49476349523
2021-01-31,10261.0331131806
2021-02-01,12133.3825925799
2021-02-02,13774.1938947446
2021-02-03,13710.0064596652
2021-02-04,18797.5794962533
2021-02-05,19744.5947897909
2021-02-06,14069.806309724
2021-02-07,12582.4839361426
2021-02-08,16517.1117314218
2021-02-09,18354.1582655208
2021-02-10,16946.1305044466
2021-02-11,13602.1704976119
2021-02-12,14025.2801051761
2021-02-13,14523.666757963
2021-02-14,11680.6260659064
2021-02-15,14269.4531420419
2021-02-16,13460.1354416914
2021-02-17,13849.5465287745
2021-02-18,14406.5970286802
2021-02-19,14951.121918959
2021-02-20,15925.4963845184
2021-02-21,11338.0213339356
2021-02-22,22368.8068407963
2021-02-23,31702.7609738219
2021-02-24,16301.9794005132
2021-02-25,13131.6721193192
2021-02-26,12724.1163920486
2021-02-27,9481.60305645058
2021-02-28,9587.08232132666
2021-03-01,9272.58847690581
2021-03-02,9933.72450741473
2021-03-03,10186.8242841119
2021-03-04,8932.71851554568
2021-03-05,11007.3239188242
2021-03-06,7843.71682401047
2021-03-07,10461.9023034735
2021-03-08,10860.4560383814
2021-03-09,11010.8337498916
2021-03-10,10727.3978984639
2021-03-11,10620.4441128522
2021-03-12,13597.562723656
2021-03-13,12999.0540886254
2021-03-14,11927.8536518816
2021-03-15,15017.5077372538
2021-03-16,14933.7138974808
2021-03-17,15502.6208419546
2021-03-18,14353.8367193053
2021-03-19,12608.0110560018
2021-03-20,11257.6354858522
2021-03-21,10816.9388621835
2021-03-22,14989.8291269349
2021-03-23,13061.6736064631
2021-03-24,14029.3362659229
2021-03-25,14548.1514825039
2021-03-26,11651.0773037421
2021-03-27,9393.14190603527
2021-03-28,9804.15995874734
2021-03-29,11888.5355640964
2021-03-30,13279.0942434731
2021-03-31,16824.2929521195
2021-04-01,15538.1933361389
2021-04-02,14621.8828982763
2021-04-03,11764.4081923519
2021-04-04,8861.74983929711
2021-04-05,11723.7914265124
2021-04-06,12228.0825229027
2021-04-07,12230.8595529336
2021-04-08,9614.43446538055
2021-04-09,9338.46875790199
2021-04-10,7988.99314347931
2021-04-11,6690.48367060232
2021-04-12,8635.03145884149
2021-04-13,9404.90862869148
2021-04-14,10853.2699361883
2021-04-15,7884.27180147484
2021-04-16,14336.2279289754
2021-04-17,11693.6177112851
2021-04-18,13988.4872403576
2021-04-19,15401.6092397467
2021-04-20,21627.7308418628
2021-04-21,14889.1364066404
2021-04-22,13169.1228070358
2021-04-23,11486.3353709239
2021-04-24,6351.76930102441
2021-04-25,5169.25898467479
2021-04-26,5693.1451533937
2021-04-27,6042.24180788565
2021-04-28,7236.84999215502
2021-04-29,6652.47167971268
2021-04-30,5210.40169196736
2021-05-01,4908.59831327719
2021-05-02,3862.55305667752
2021-05-03,6164.07865027538
2021-05-04,6403.3137225463
2021-05-05,5578.4108420997
2021-05-06,6142.59640798482
2021-05-07,6347.75418396381
2021-05-08,13122.0302557652
2021-05-09,12144.0186970467
2021-05-10,22503.7215734646
2021-05-11,28202.4534966861
2021-05-12,18112.5359710254
2021-05-13,15690.7065551156
2021-05-14,12221.288581386
2021-05-15,8920.27000677939
2021-05-16,7728.84402995494
2021-05-17,8943.0881420152
2021-05-18,8250.40286879946
2021-05-19,30798.9395904571
2021-05-20,12343.6675402859
2021-05-21,10973.2002596583
2021-05-22,5302.53450408163
2021-05-23,13635.5255333921
2021-05-24,6355.70277618933
2021-05-25,4776.78367363077
2021-05-26,4592.75408537619
2021-05-27,3632.65775044792
2021-05-28,3766.05311143483
2021-05-29,3095.52331341617
2021-05-30,2644.96524608347
2021-05-31,3078.77105240988
2021-06-01,2835.00654706766
2021-06-02,2966.32338658122
2021-06-03,3057.50572652628
2021-06-04,2606.23124205599
2021-06-05,1837.05553798525
2021-06-06,1560.43270231445
2021-06-07,2102.20478534908
2021-06-08,2852.44239963886
2021-06-09,2373.71837089156
2021-06-10,2000.59395215643
2021-06-11,2281.27664705289
2021-06-12,1912.1818373804
2021-06-13,1466.30063114193
2021-06-14,1929.34857760902
2021-06-15,2035.56363105071
2021-06-16,1937.69313008683
2021-06-17,2110.1583958227
2021-06-18,2085.18291965378
2021-06-19,1486.77272704405
2021-06-20,1710.91108368764
2021-06-21,4129.55227108724
2021-06-22,6598.89528537038
2021-06-23,2152.92271374825
2021-06-24,1909.34095364662
2021-06-25,2461.55043525439
2021-06-26,1489.39896498552
2021-06-27,2486.76630091903
2021-06-28,2250.97011480864
2021-06-29,2244.09405050146
2021-06-30,3057.19981528418
2021-07-01,2147.3934836052
2021-07-02,1683.1372034426
2021-07-03,1521.21775350634
2021-07-04,1278.97428729314
2021-07-05,1755.97317257987
2021-07-06,4818.44437252673
2021-07-07,3678.96037328592
2021-07-08,3458.54773146549
2021-07-09,2630.17020343557
2021-07-10,1626.45357295209
2021-07-11,1253.03760406355
2021-07-12,2679.63607012689
2021-07-13,2928.88071103217
2021-07-14,4347.91988034511
2021-07-15,4182.95873286448
2021-07-16,3927.15283776062
2021-07-17,2665.87588770586
2021-07-18,2562.8043803109
2021-07-19,2751.10310514031
2021-07-20,3131.48923956598
2021-07-21,2487.71769327715
2021-07-22,3156.56239256797
2021-07-23,3701.57502165461
2021-07-24,2216.46595551844
2021-07-25,1990.41568196447
2021-07-26,3878.50400458463
2021-07-27,4849.16689241436
2021-07-28,5164.43720105424
2021-07-29,3009.81798948914
2021-07-30,3534.63293008834
2021-07-31,4850.80546696185
2021-08-01,3692.38683537087
2021-08-02,4105.10374771616
2021-08-03,4922.6556466465
2021-08-04,4188.44767333641
2021-08-05,6253.96108770342
2021-08-06,5312.08776608607
2021-08-07,5386.02316307982
2021-08-08,5474.53274579941
2021-08-09,6446.17410633176
2021-08-10,7645.53010363914
2021-08-11,6777.54029700478
2021-08-12,6522.56050203425
2021-08-13,6870.41393711497
2021-08-14,6072.7359583386
2021-08-15,7635.23115405195
2021-08-16,6080.44048400445
2021-08-17,5751.67511109896
2021-08-18,5279.30665549468
2021-08-19,6206.94187306257
2021-08-20,4717.2478867462
2021-08-21,4017.83983567689
2021-08-22,3998.62920874074
2021-08-23,6649.91871172865
2021-08-24,8796.99924568371
2021-08-25,10125.3009739765
2021-08-26,9971.38194148877
2021-08-27,13519.6973542916
2021-08-28,10023.6579490292
2021-08-29,11023.756001143
2021-08-30,12370.7373279296
2021-08-31,13552.4446165453
2021-09-01,15120.5025509057
2021-09-02,11645.6073083098
2021-09-03,16008.1934987502
2021-09-04,12468.815312723
2021-09-05,11617.0293698453
2021-09-06,12226.618501032
2021-09-07,21131.6214596064
2021-09-08,16548.169176826
2021-09-09,16843.9886052231
2021-09-10,10913.7721647763
2021-09-11,6799.45732565991
2021-09-12,6615.23834067867
2021-09-13,8811.06170493129
2021-09-14,8678.05413662594
2021-09-15,7350.47694995212
2021-09-16,9381.54003402315
2021-09-17,7912.29149337016
2021-09-18,5675.51585612269
2021-09-19,7200.91771411166
2021-09-20,9331.61739957829
2021-09-21,10725.893521006
2021-09-22,7241.07783016715
2021-09-23,9503.84830983422
2021-09-24,7640.78402284891
2021-09-25,5019.53796254142
2021-09-26,7482.45848756698
2021-09-27,17107.8800414838
2021-09-28,9418.9267273546
2021-09-29,8538.32108315432
2021-09-30,11775.6580678374
2021-10-01,9090.18801082391
2021-10-02,6712.86215946162
2021-10-03,6323.93977034663
2021-10-04,10441.1475103842
2021-10-05,13747.9741081604
2021-10-06,15037.7429114525
2021-10-07,14745.2581363583
2021-10-08,13093.1417647495
2021-10-09,8056.78121386077
2021-10-10,8651.62378472253
2021-10-11,11220.1378631782
2021-10-12,9273.66167252374
2021-10-13,10193.959914592
2021-10-14,13596.4080751238
2021-10-15,15638.5524402753
2021-10-16,8752.97577791709
2021-10-17,7725.03821659715
2021-10-18,13205.9802549234
2021-10-19,7739.35243508121
2021-10-20,8222.2144222951
2021-10-21,10046.093379726
2021-10-22,9048.13567086357
2021-10-23,6795.40765874853
2021-10-24,7643.91249700812
2021-10-25,10212.7374348417
2021-10-26,12813.8415978371
2021-10-27,17164.8547592634
2021-10-28,19171.1373986427
2021-10-29,17671.2806185643
2021-10-30,16363.4655632088
2021-10-31,14964.5227927783
2021-11-01,16074.767344082
2021-11-02,17655.6878033865
2021-11-03,16453.9820455601
2021-11-04,14465.059425602
2021-11-05,13693.9684184749
2021-11-06,11707.631414074
2021-11-07,10117.6345190727
2021-11-08,12894.0644002051
2021-11-09,17509.7866960523
2021-11-10,17010.6289216217
2021-11-11,16195.4612556523
2021-11-12,15065.3843614161
2021-11-13,13177.2981427745
2021-11-14,11392.1653088953
2021-11-15,15416.7845461195
2021-11-16,14651.7556600148
2021-11-17,13499.0934842754
2021-11-18,14467.3049703849
2021-11-19,12140.1651239143
2021-11-20,10437.5672697694
2021-11-21,10668.7145854081
2021-11-22,14931.9388760812
2021-11-23,13693.9249273961
2021-11-24,13060.893480825
2021-11-25,12411.6296253947
2021-11-26,11379.8785611175
2021-11-27,12144.6752081932
2021-11-28,11449.8146093894
2021-11-29,12196.501363525
2021-11-30,14869.5777774992
2021-12-01,13659.0357631737
2021-12-02,11669.4442670246
2021-12-03,10838.5439066213
2021-12-04,14360.4497409858
2021-12-05,10216.575273637
2021-12-06,10750.7426655426
2021-12-07,9442.82173485491
2021-12-08,8060.33393697974
2021-12-09,8478.79795859195
2021-12-10,9498.38315808713
2021-12-11,7728.59510154545
2021-12-12,6565.69933880822
2021-12-13,8881.74510065356
2021-12-14,7990.00595577056
2021-12-15,9141.09538318525
2021-12-16,10425.1095437455
2021-12-17,10099.1238006733
2021-12-18,6756.61513950718
2021-12-19,6439.49519934743
2021-12-20,7284.99222654842
2021-12-21,6958.75560747937
2021-12-22,7947.91610427063
2021-12-23,8583.23172539868
2021-12-24,7409.26964356037
2021-12-25,7258.63097459584
2021-12-26,5718.78521114299
2021-12-27,8035.15089062364
2021-12-28,10411.6917279667
2021-12-29,12660.0451454462
2021-12-30,10996.0046371255
2021-12-31,9315.93301200125
2022-01-01,8173.67875219715
2022-01-02,10295.0146515452
2022-01-03,10537.8542578125
2022-01-04,13243.289966542
2022-01-05,14676.0505258216
2022-01-06,13357.2201862713
2022-01-07,14991.4635385645
2022-01-08,11879.0255623766
2022-01-09,15264.773168399
2022-01-10,20877.3861123689
2022-01-11,18392.7586467219
2022-01-12,19495.3854633313
2022-01-13,16461.301924999
2022-01-14,18664.6325095628
2022-01-15,13418.8819090492
2022-01-16,13079.7323703711
2022-01-17,14432.4529309128
2022-01-18,12207.4671775087
2022-01-19,12636.5004518436
2022-01-20,14882.1639481048
2022-01-21,18182.7159450337
2022-01-22,16293.9811409016
2022-01-23,12211.0899086437
2022-01-24,14013.3141795364
2022-01-25,13903.4590387181
2022-01-26,13917.2188148672
2022-01-27,15283.1547941818
2022-01-28,13758.0488012397
2022-01-29,11558.5340025572
2022-01-30,12824.1093426727
2022-01-31,11886.9629503517
2022-02-01,15307.6367123761
2022-02-02,14982.7086632636
2022-02-03,12051.656487165
2022-02-04,10738.634640737
2022-02-05,13628.2584448384
2022-02-06,7528.10378063527
2022-02-07,11457.2937337959
2022-02-08,8957.79918202755
2022-02-09,9469.09261156885
2022-02-10,10972.8875027305
2022-02-11,7594.66350571975
2022-02-12,6661.70865713701
2022-02-13,5766.38641131409
2022-02-14,6323.12960026669
2022-02-15,7729.41450742422
2022-02-16,8237.98090662139
2022-02-17,7748.34824847381
2022-02-18,9595.18430324812
2022-02-19,7074.30704105717
2022-02-20,7500.09852467449
2022-02-21,9088.06908361182
2022-02-22,8819.96015841857
2022-02-23,9935.23155224849
2022-02-24,8945.24704947808
2022-02-25,6433.46082603483
2022-02-26,5447.88932025855
2022-02-27,4587.01126252547
2022-02-28,7428.10666414258
2022-03-01,6104.05664578683
2022-03-02,5619.72732385717
2022-03-03,5167.03551989733
2022-03-04,4983.68836474203
2022-03-05,3761.31350117797
2022-03-06,4960.95245373312
2022-03-07,4425.69442000048
2022-03-08,4800.1095715729
2022-03-09,3998.86518474012
2022-03-10,3539.72767058445
2022-03-11,3299.89380788131
2022-03-12,2594.38154953208
2022-03-13,3535.02682432139
2022-03-14,3497.48824943172
2022-03-15,3899.12051591025
2022-03-16,4317.3143640188
2022-03-17,7221.23912877304
2022-03-18,6759.52765689266
2022-03-19,3239.6347107313
2022-03-20,2850.97645525904
2022-03-21,3530.28983337181
2022-03-22,4425.40671118944
2022-03-23,4006.96514953894
2022-03-24,5208.51379161184
2022-03-25,4824.8570880164
2022-03-26,3356.95689775451
2022-03-27,6173.84129933202
2022-03-28,9491.67400664669
2022-03-29,5020.95633065591
2022-03-30,5425.74245457008
2022-03-31,5387.72329314048
2022-04-01,6737.81080829607
2022-04-02,6305.86121553458
2022-04-03,5949.87631421681
2022-04-04,6549.42827178766
2022-04-05,13519.9486486426
2022-04-06,6090.20156702959
2022-04-07,7287.40728888978
2022-04-08,5748.03796062257
2022-04-09,3749.2053647051
2022-04-10,4403.81640742719
2022-04-11,4876.59934790394
2022-04-12,4917.48890763183
2022-04-13,4853.14961056677
2022-04-14,5151.44537699076
2022-04-15,4174.60583817733
2022-04-16,3773.54893908246
2022-04-17,3006.3669176346
2022-04-18,3894.66080661134
2022-04-19,4386.76725645742
2022-04-20,7483.31060886387
2022-04-21,6232.93963781451
2022-04-22,5752.44321701098
2022-04-23,3445.33166349136
2022-04-24,3510.84213777082
2022-04-25,5594.55490979779
2022-04-26,4839.85846196382
2022-04-27,5443.7764919001
2022-04-28,5448.80411914263
2022-04-29,5330.06188258686
2022-04-30,4932.13459608272
2022-05-01,81747.4939622542
2022-05-02,6906.37273525504
2022-05-03,6210.06315862529
2022-05-04,5048.0412271363
2022-05-05,6484.7140254028
2022-05-06,5424.06916823159
2022-05-07,3294.49020101689
2022-05-08,2810.27446957396
2022-05-09,6330.30236019055
2022-05-10,6103.48600162785
2022-05-11,14476.7381284129
2022-05-12,21155.1253476239
2022-05-13,7826.31944425394
2022-05-14,3939.58045530976
2022-05-15,2646.16086388922
2022-05-16,2743.44360887863
2022-05-17,3650.1690814009
2022-05-18,2934.26924561382
2022-05-19,2843.67116415789
2022-05-20,3048.53493591736
2022-05-21,2367.5131187429
2022-05-22,2385.01871198898
2022-05-23,2755.60112570558
2022-05-24,3014.97446762046
2022-05-25,3561.11979136229
2022-05-26,4777.88806890214
2022-05-27,4330.13282830978
2022-05-28,2225.43860332599
2022-05-29,2240.96623004888
2022-05-30,3467.07599758542
2022-05-31,5248.93264997645
2022-06-01,5531.80838020922
2022-06-02,6006.00233949547
2022-06-03,5973.01690624826
2022-06-04,5459.01364991462
2022-06-05,5212.67382604004
2022-06-06,4995.44584372694
2022-06-07,5571.58948249422
2022-06-08,6755.24256758001
2022-06-09,6532.25781695688
2022-06-10,5431.423574722
2022-06-11,3725.49409889181
2022-06-12,3412.62613581169
2022-06-13,8807.05738700211
2022-06-14,5957.98737422618
2022-06-15,6507.24251866987
2022-06-16,4018.89703299284
2022-06-17,3941.86282288779
2022-06-18,5040.36087549819
2022-06-19,2983.89159577819
2022-06-20,2793.83106888653
2022-06-21,3573.76860896512
2022-06-22,3178.42015485072
2022-06-23,4358.62449791501
2022-06-24,3815.81948102841
2022-06-25,3132.03481990751
2022-06-26,3214.95501526556
2022-06-27,4355.66617664036
2022-06-28,4058.57520788742
2022-06-29,4976.36282367373
2022-06-30,4757.80434597558
2022-07-01,3574.17991875593
2022-07-02,1887.76170002417
2022-07-03,2103.29857440554
2022-07-04,2624.11297946877
2022-07-05,3262.22077623914
2022-07-06,3402.09063838439
2022-07-07,3985.40932819409
2022-07-08,3012.66365932111
2022-07-09,2907.68928421075
2022-07-10,2101.08774676119
2022-07-11,3229.41587724513
2022-07-12,2765.79291099125
2022-07-13,3305.02511642618
2022-07-14,3796.40862931234
2022-07-15,3446.78172745127
2022-07-16,2675.31620236955
2022-07-17,2492.07046326266
2022-07-18,3481.56600996724
2022-07-19,3500.54043758382
2022-07-20,3335.75950548648
2022-07-21,2437.55652894198
2022-07-22,1897.57488059359
2022-07-23,1580.8524340155
2022-07-24,1305.74972517195
2022-07-25,2273.94716747688
2022-07-26,2612.99607657299
2022-07-27,2413.15995802822
2022-07-28,2680.25179060558
2022-07-29,1926.84695650661
2022-07-30,1177.66619830824
2022-07-31,1119.77248765461
2022-08-01,2370.81148131834
2022-08-02,1733.39222150775
2022-08-03,1534.48229806469
2022-08-04,1613.0558837344
2022-08-05,1725.91130039727
2022-08-06,1110.42405468261
2022-08-07,1188.2372645192
2022-08-08,2050.17286941973
2022-08-09,2145.39185603867
2022-08-10,3164.57385001158
2022-08-11,2584.30570500541
2022-08-12,2002.91630420487
2022-08-13,1293.50082434624
2022-08-14,1376.40164428729
2022-08-15,2265.14778573192
2022-08-16,1471.08150417362
2022-08-17,1520.42216463803
2022-08-18,1485.99153538168
2022-08-19,2033.83361849041
2022-08-20,1359.63941487501
2022-08-21,983.8135186172
2022-08-22,1673.84463303151
2022-08-23,1583.44974168631
2022-08-24,1482.71442599606
2022-08-25,1757.09309172201
2022-08-26,1685.64833272676
2022-08-27,1074.65730404102
2022-08-28,1070.84087491438
2022-08-29,1862.74743416435
2022-08-30,2223.89290414741
2022-08-31,2455.01600629055
2022-09-01,2227.31399368801
