t,gas_price_median
2016-01-01,50000000000.0
2016-01-02,50000000000.0
2016-01-03,50000000000.0
2016-01-04,50000000000.0
2016-01-05,52000000000.0
2016-01-06,52000000000.0
2016-01-07,50000000000.0
2016-01-08,50000000000.0
2016-01-09,50000000000.0
2016-01-10,50000000000.0
2016-01-11,50000000000.0
2016-01-12,50000000000.0
2016-01-13,52000000000.0
2016-01-14,50000000000.0
2016-01-15,50000000000.0
2016-01-16,50000000000.0
2016-01-17,50000000000.0
2016-01-18,50000000000.0
2016-01-19,50000000000.0
2016-01-20,50000000000.0
2016-01-21,50000000000.0
2016-01-22,50000000000.0
2016-01-23,50000000000.0
2016-01-24,50000000000.0
2016-01-25,50000000000.0
2016-01-26,50000000000.0
2016-01-27,52000000000.0
2016-01-28,50000000000.0
2016-01-29,50000000000.0
2016-01-30,50000000000.0
2016-01-31,50000000000.0
2016-02-01,50000000000.0
2016-02-02,50000000000.0
2016-02-03,50000000000.0
2016-02-04,50000000000.0
2016-02-05,50000000000.0
2016-02-06,50000000000.0
2016-02-07,50000000000.0
2016-02-08,50000000000.0
2016-02-09,50000000000.0
2016-02-10,50000000000.0
2016-02-11,50000000000.0
2016-02-12,50000000000.0
2016-02-13,50000000000.0
2016-02-14,50000000000.0
2016-02-15,50000000000.0
2016-02-16,50000000000.0
2016-02-17,50000000000.0
2016-02-18,50000000000.0
2016-02-19,50000000000.0
2016-02-20,50000000000.0
2016-02-21,50000000000.0
2016-02-22,50000000000.0
2016-02-23,50000000000.0
2016-02-24,50000000000.0
2016-02-25,50000000000.0
2016-02-26,50000000000.0
2016-02-27,50000000000.0
2016-02-28,50000000000.0
2016-02-29,50000000000.0
2016-03-01,50000000000.0
2016-03-02,50000000000.0
2016-03-03,50000000000.0
2016-03-04,50000000000.0
2016-03-05,50000000000.0
2016-03-06,50000000000.0
2016-03-07,50000000000.0
2016-03-08,50000000000.0
2016-03-09,33278493447.000004
2016-03-10,20000000000.0
2016-03-11,20000000000.0
2016-03-12,20000000000.0
2016-03-13,20000000000.0
2016-03-14,20000000000.0
2016-03-15,20000000000.0
2016-03-16,20000000000.0
2016-03-17,20000000000.0
2016-03-18,20000000000.0
2016-03-19,20000000000.0
2016-03-20,20000000000.0
2016-03-21,20000000000.0
2016-03-22,20000000000.0
2016-03-23,20000000000.0
2016-03-24,20000000000.0
2016-03-25,20000000000.0
2016-03-26,20000000000.0
2016-03-27,20000000000.0
2016-03-28,20000000000.0
2016-03-29,20000000000.0
2016-03-30,20000000000.0
2016-03-31,20000000000.0
2016-04-01,20000000000.0
2016-04-02,20000000000.0
2016-04-03,20000000000.0
2016-04-04,20000000000.0
2016-04-05,20000000000.0
2016-04-06,20000000000.0
2016-04-07,20000000000.0
2016-04-08,20000000000.0
2016-04-09,20000000000.0
2016-04-10,20000000000.0
2016-04-11,20000000000.0
2016-04-12,20000000000.0
2016-04-13,20000000000.0
2016-04-14,20000000000.0
2016-04-15,20000000000.0
2016-04-16,20000000000.0
2016-04-17,20000000000.0
2016-04-18,20000000000.0
2016-04-19,20000000000.0
2016-04-20,20000000000.0
2016-04-21,20000000000.0
2016-04-22,20000000000.0
2016-04-23,20000000000.0
2016-04-24,20000000000.0
2016-04-25,20000000000.0
2016-04-26,20000000000.0
2016-04-27,20000000000.0
2016-04-28,20000000000.0
2016-04-29,20000000000.0
2016-04-30,20000000000.0
2016-05-01,20000000000.0
2016-05-02,20000000000.0
2016-05-03,20000000000.0
2016-05-04,20000000000.0
2016-05-05,20000000000.0
2016-05-06,20000000000.0
2016-05-07,20000000000.0
2016-05-08,20000000000.0
2016-05-09,20000000000.0
2016-05-10,20000000000.0
2016-05-11,20000000000.0
2016-05-12,20000000000.0
2016-05-13,20000000000.0
2016-05-14,20000000000.0
2016-05-15,20000000000.0
2016-05-16,20000000000.0
2016-05-17,20000000000.0
2016-05-18,20000000000.0
2016-05-19,20000000000.0
2016-05-20,20000000000.0
2016-05-21,20000000000.0
2016-05-22,20000000000.0
2016-05-23,20000000000.0
2016-05-24,20000000000.0
2016-05-25,20000000000.0
2016-05-26,20000000000.0
2016-05-27,20000000000.0
2016-05-28,20000000000.0
2016-05-29,20000000000.0
2016-05-30,20000000000.0
2016-05-31,20000000000.0
2016-06-01,20000000000.0
2016-06-02,20000000000.0
2016-06-03,20000000000.0
2016-06-04,20000000000.0
2016-06-05,20000000000.0
2016-06-06,20000000000.0
2016-06-07,20000000000.0
2016-06-08,20000000000.0
2016-06-09,20000000000.0
2016-06-10,20000000000.0
2016-06-11,20000000000.0
2016-06-12,20000000000.0
2016-06-13,20000000000.0
2016-06-14,20000000000.0
2016-06-15,20000000000.0
2016-06-16,20000000000.0
2016-06-17,22158209309.0
2016-06-18,22432863158.0
2016-06-19,20000000000.0
2016-06-20,20000000000.0
2016-06-21,20000000000.0
2016-06-22,20000000000.0
2016-06-23,20000000000.0
2016-06-24,20000000000.0
2016-06-25,20000000000.0
2016-06-26,20000000000.0
2016-06-27,20000000000.0
2016-06-28,20000000000.0
2016-06-29,20000000000.0
2016-06-30,20000000000.0
2016-07-01,20000000000.0
2016-07-02,20000000000.0
2016-07-03,20000000000.0
2016-07-04,20000000000.0
2016-07-05,20000000000.0
2016-07-06,20000000000.0
2016-07-07,20000000000.0
2016-07-08,20000000000.0
2016-07-09,20000000000.0
2016-07-10,20000000000.0
2016-07-11,20000000000.0
2016-07-12,20000000000.0
2016-07-13,20000000000.0
2016-07-14,20000000000.0
2016-07-15,20000000000.0
2016-07-16,20000000000.0
2016-07-17,20000000000.0
2016-07-18,20000000000.0
2016-07-19,20000000000.0
2016-07-20,20000000000.0
2016-07-21,20000000000.0
2016-07-22,20000000000.0
2016-07-23,20000000000.0
2016-07-24,20000000000.0
2016-07-25,20000000000.0
2016-07-26,20000000000.0
2016-07-27,20000000000.0
2016-07-28,20000000000.0
2016-07-29,20000000000.0
2016-07-30,20000000000.0
2016-07-31,20000000000.0
2016-08-01,20000000000.0
2016-08-02,20000000000.0
2016-08-03,20000000000.0
2016-08-04,20000000000.0
2016-08-05,20000000000.0
2016-08-06,20000000000.0
2016-08-07,20000000000.0
2016-08-08,20000000000.0
2016-08-09,20000000000.0
2016-08-10,20000000000.0
2016-08-11,20000000000.0
2016-08-12,20000000000.0
2016-08-13,20000000000.0
2016-08-14,20000000000.0
2016-08-15,20000000000.0
2016-08-16,20000000000.0
2016-08-17,20000000000.0
2016-08-18,20000000000.0
2016-08-19,20000000000.0
2016-08-20,20000000000.0
2016-08-21,20000000000.0
2016-08-22,20000000000.0
2016-08-23,20000000000.0
2016-08-24,20000000000.0
2016-08-25,20000000000.0
2016-08-26,20000000000.0
2016-08-27,20000000000.0
2016-08-28,20000000000.0
2016-08-29,20000000000.0
2016-08-30,20000000000.0
2016-08-31,20000000000.0
2016-09-01,20000000000.0
2016-09-02,20000000000.0
2016-09-03,20000000000.0
2016-09-04,20000000000.0
2016-09-05,20000000000.0
2016-09-06,20000000000.0
2016-09-07,20000000000.0
2016-09-08,20000000000.0
2016-09-09,20000000000.0
2016-09-10,20000000000.0
2016-09-11,20000000000.0
2016-09-12,20000000000.0
2016-09-13,20000000000.0
2016-09-14,20000000000.0
2016-09-15,20000000000.0
2016-09-16,20000000000.0
2016-09-17,20000000000.0
2016-09-18,20000000000.0
2016-09-19,20000000000.0
2016-09-20,20000000000.0
2016-09-21,20000000000.0
2016-09-22,20000000000.0
2016-09-23,31580275577.999996
2016-09-24,32502259596.0
2016-09-25,41308643970.0
2016-09-26,45999426069.0
2016-09-27,30436126128.0
2016-09-28,29999999999.999996
2016-09-29,29999999999.999996
2016-09-30,23537242044.0
2016-10-01,23342373578.0
2016-10-02,23790603761.0
2016-10-03,23868748352.0
2016-10-04,20000000000.0
2016-10-05,22787139656.0
2016-10-06,22146201908.0
2016-10-07,22181299858.0
2016-10-08,21934341834.0
2016-10-09,23132786702.0
2016-10-10,22278619502.0
2016-10-11,21392473560.0
2016-10-12,22604972419.0
2016-10-13,70000000001.0
2016-10-14,49709912104.0
2016-10-15,59999999999.99999
2016-10-16,57502963949.0
2016-10-17,51288269414.0
2016-10-18,46699768616.0
2016-10-19,21000000000.0
2016-10-20,22996195702.0
2016-10-21,22702325977.0
2016-10-22,22107691843.0
2016-10-23,20000000000.0
2016-10-24,22091153610.0
2016-10-25,21681940683.0
2016-10-26,21284313934.0
2016-10-27,21418928636.0
2016-10-28,22000000000.0
2016-10-29,22053999998.0
2016-10-30,20783145948.0
2016-10-31,21416173744.0
2016-11-01,22371557950.0
2016-11-02,21000000000.0
2016-11-03,20000000000.0
2016-11-04,20000000000.0
2016-11-05,21000000000.0
2016-11-06,20652021786.0
2016-11-07,20000000000.0
2016-11-08,20543595473.0
2016-11-09,20440645650.0
2016-11-10,21178065283.0
2016-11-11,20000000000.0
2016-11-12,20821081237.0
2016-11-13,20512184678.0
2016-11-14,21265478366.0
2016-11-15,20440635545.0
2016-11-16,20100808013.0
2016-11-17,20000000000.0
2016-11-18,20838805240.0
2016-11-19,21028390711.0
2016-11-20,20967149332.0
2016-11-21,21420362673.0
2016-11-22,20000000000.0
2016-11-23,22362757308.0
2016-11-24,25000000000.0
2016-11-25,20000000000.0
2016-11-26,22595307348.0
2016-11-27,25000000000.0
2016-11-28,25000000000.0
2016-11-29,24549725769.0
2016-11-30,20000000000.0
2016-12-01,20000000000.0
2016-12-02,20000000000.0
2016-12-03,20000000000.0
2016-12-04,20000000000.0
2016-12-05,20000000000.0
2016-12-06,20000000000.0
2016-12-07,20000000000.0
2016-12-08,20000000000.0
2016-12-09,20000000000.0
2016-12-10,20000000000.0
2016-12-11,20000000000.0
2016-12-12,20000000000.0
2016-12-13,20000000000.0
2016-12-14,20000000000.0
2016-12-15,20000000000.0
2016-12-16,20000000000.0
2016-12-17,20000000000.0
2016-12-18,20000000000.0
2016-12-19,20000000000.0
2016-12-20,20000000000.0
2016-12-21,20000000000.0
2016-12-22,20000000000.0
2016-12-23,20000000000.0
2016-12-24,20000000000.0
2016-12-25,20000000000.0
2016-12-26,20000000000.0
2016-12-27,20000000000.0
2016-12-28,20000000000.0
2016-12-29,20000000000.0
2016-12-30,20000000000.0
2016-12-31,20000000000.0
2017-01-01,20000000000.0
2017-01-02,20000000000.0
2017-01-03,20000000000.0
2017-01-04,20000000000.0
2017-01-05,20000000000.0
2017-01-06,20000000000.0
2017-01-07,20000000000.0
2017-01-08,20000000000.0
2017-01-09,20000000000.0
2017-01-10,20000000000.0
2017-01-11,20000000000.0
2017-01-12,20000000000.0
2017-01-13,20000000000.0
2017-01-14,20000000000.0
2017-01-15,20000000000.0
2017-01-16,20000000000.0
2017-01-17,20000000000.0
2017-01-18,20000000000.0
2017-01-19,20000000000.0
2017-01-20,20000000000.0
2017-01-21,20000000000.0
2017-01-22,20000000000.0
2017-01-23,20000000000.0
2017-01-24,20000000000.0
2017-01-25,20000000000.0
2017-01-26,20000000000.0
2017-01-27,20000000000.0
2017-01-28,20000000000.0
2017-01-29,20000000000.0
2017-01-30,20000000000.0
2017-01-31,20000000000.0
2017-02-01,20000000000.0
2017-02-02,20000000000.0
2017-02-03,20000000000.0
2017-02-04,20000000000.0
2017-02-05,20000000000.0
2017-02-06,20000000000.0
2017-02-07,20000000000.0
2017-02-08,20000000000.0
2017-02-09,20000000000.0
2017-02-10,20000000000.0
2017-02-11,20000000000.0
2017-02-12,20000000000.0
2017-02-13,20000000000.0
2017-02-14,20000000000.0
2017-02-15,20000000000.0
2017-02-16,20000000000.0
2017-02-17,20000000000.0
2017-02-18,20000000000.0
2017-02-19,20000000000.0
2017-02-20,20000000000.0
2017-02-21,20000000000.0
2017-02-22,20000000000.0
2017-02-23,20000000000.0
2017-02-24,20000000000.0
2017-02-25,20000000000.0
2017-02-26,20000000000.0
2017-02-27,20000000000.0
2017-02-28,20000000000.0
2017-03-01,20000000000.0
2017-03-02,20000000000.0
2017-03-03,20000000000.0
2017-03-04,20000000000.0
2017-03-05,20000000000.0
2017-03-06,20000000000.0
2017-03-07,20000000000.0
2017-03-08,20000000000.0
2017-03-09,20000000000.0
2017-03-10,20000000000.0
2017-03-11,20000000000.0
2017-03-12,20000000000.0
2017-03-13,20000000000.0
2017-03-14,20000000000.0
2017-03-15,20000000000.0
2017-03-16,20000000000.0
2017-03-17,20000000000.0
2017-03-18,20000000000.0
2017-03-19,20000000000.0
2017-03-20,20000000000.0
2017-03-21,20000000000.0
2017-03-22,20000000000.0
2017-03-23,20000000000.0
2017-03-24,20000000000.0
2017-03-25,20000000000.0
2017-03-26,20000000000.0
2017-03-27,20000000000.0
2017-03-28,20000000000.0
2017-03-29,20000000000.0
2017-03-30,20000000000.0
2017-03-31,20000000000.0
2017-04-01,20000000000.0
2017-04-02,20000000000.0
2017-04-03,20000000000.0
2017-04-04,20000000000.0
2017-04-05,20000000000.0
2017-04-06,20000000000.0
2017-04-07,20000000000.0
2017-04-08,20000000000.0
2017-04-09,20000000000.0
2017-04-10,20000000000.0
2017-04-11,20000000000.0
2017-04-12,20000000000.0
2017-04-13,20000000000.0
2017-04-14,20000000000.0
2017-04-15,20000000000.0
2017-04-16,20000000000.0
2017-04-17,20000000000.0
2017-04-18,20000000000.0
2017-04-19,20000000000.0
2017-04-20,20000000000.0
2017-04-21,20000000000.0
2017-04-22,20000000000.0
2017-04-23,20000000000.0
2017-04-24,20000000000.0
2017-04-25,20000000000.0
2017-04-26,20000000000.0
2017-04-27,20000000000.0
2017-04-28,20000000000.0
2017-04-29,20000000000.0
2017-04-30,20000000000.0
2017-05-01,20000000000.0
2017-05-02,20000000000.0
2017-05-03,20000000000.0
2017-05-04,20343286631.0
2017-05-05,20343286631.0
2017-05-06,20000000000.0
2017-05-07,20000000000.0
2017-05-08,20000000000.0
2017-05-09,20000000000.0
2017-05-10,20000000000.0
2017-05-11,20000000000.0
2017-05-12,20000000000.0
2017-05-13,20000000000.0
2017-05-14,20000000000.0
2017-05-15,20000000000.0
2017-05-16,20000000000.0
2017-05-17,20000000000.0
2017-05-18,20000000000.0
2017-05-19,20082189118.0
2017-05-20,21000000000.0
2017-05-21,20953064200.0
2017-05-22,20000000000.0
2017-05-23,20000000000.0
2017-05-24,21000000000.0
2017-05-25,20000000000.0
2017-05-26,21000000000.0
2017-05-27,20000000000.0
2017-05-28,20000000000.0
2017-05-29,20000000000.0
2017-05-30,21000000000.0
2017-05-31,23312316606.0
2017-06-01,21872873662.0
2017-06-02,21000000000.0
2017-06-03,21285784423.0
2017-06-04,21411328737.0
2017-06-05,20304309836.0
2017-06-06,22000804100.0
2017-06-07,22074227857.0
2017-06-08,22881767957.0
2017-06-09,20229599175.0
2017-06-10,21000000000.0
2017-06-11,22061831512.0
2017-06-12,22771277057.0
2017-06-13,21000000010.0
2017-06-14,21000000000.0
2017-06-15,21000000000.0
2017-06-16,21000000000.0
2017-06-17,20000000010.0
2017-06-18,20860706389.0
2017-06-19,20000000000.0
2017-06-20,24313966618.0
2017-06-21,50000000000.0
2017-06-22,33452104088.0
2017-06-23,49000000000.0
2017-06-24,40000000000.0
2017-06-25,31000000000.0
2017-06-26,37282495770.0
2017-06-27,21768734821.0
2017-06-28,35082752902.0
2017-06-29,31499999999.999996
2017-06-30,21000000000.0
2017-07-01,21000000000.0
2017-07-02,20000000000.0
2017-07-03,22651614524.0
2017-07-04,20000000000.0
2017-07-05,21000000000.0
2017-07-06,21000000000.0
2017-07-07,21753372638.0
2017-07-08,21000000000.0
2017-07-09,21000000000.0
2017-07-10,20000000000.0
2017-07-11,20000000000.0
2017-07-12,21000000000.0
2017-07-13,20000000000.0
2017-07-14,20000000000.0
2017-07-15,20000000000.0
2017-07-16,21000000000.0
2017-07-17,21000000000.0
2017-07-18,22528622017.0
2017-07-19,21000000000.0
2017-07-20,20000000000.0
2017-07-21,21000000000.0
2017-07-22,20000000000.0
2017-07-23,20834209434.0
2017-07-24,20000000000.0
2017-07-25,22000000000.0
2017-07-26,21000000000.0
2017-07-27,21000000000.0
2017-07-28,21000000000.0
2017-07-29,20000000000.0
2017-07-30,21000000000.0
2017-07-31,20000000000.0
2017-08-01,21000000000.0
2017-08-02,21000000000.0
2017-08-03,21000000000.0
2017-08-04,20000000000.0
2017-08-05,20424698520.0
2017-08-06,21000000000.0
2017-08-07,21000000000.0
2017-08-08,20000000000.0
2017-08-09,21362625024.0
2017-08-10,20873010101.0
2017-08-11,21000000000.0
2017-08-12,21000000000.0
2017-08-13,21000000000.0
2017-08-14,21000000000.0
2017-08-15,21000000000.0
2017-08-16,22000000010.0
2017-08-17,22000001337.0
2017-08-18,29999999999.999996
2017-08-19,22127224645.0
2017-08-20,21000000000.0
2017-08-21,21000000000.0
2017-08-22,20000000000.0
2017-08-23,20000000000.0
2017-08-24,21000000000.0
2017-08-25,21000000000.0
2017-08-26,21000000000.0
2017-08-27,20000000000.0
2017-08-28,21000000000.0
2017-08-29,22000001337.0
2017-08-30,23369866721.0
2017-08-31,29999999999.999996
2017-09-01,29999999999.999996
2017-09-02,26047199214.0
2017-09-03,21000000000.0
2017-09-04,25523599620.0
2017-09-05,27221063327.0
2017-09-06,35500000000.0
2017-09-07,37585215805.0
2017-09-08,40936132837.0
2017-09-09,22511273639.0
2017-09-10,24165452985.0
2017-09-11,21000000000.0
2017-09-12,22930166766.0
2017-09-13,22463230501.0
2017-09-14,25000000000.0
2017-09-15,29999999999.999996
2017-09-16,31398630945.0
2017-09-17,29999999999.999996
2017-09-18,21000000000.0
2017-09-19,21000000000.0
2017-09-20,21509464631.0
2017-09-21,21000000000.0
2017-09-22,21000000000.0
2017-09-23,21000000000.0
2017-09-24,21000000000.0
2017-09-25,21000000000.0
2017-09-26,21000000000.0
2017-09-27,21000000000.0
2017-09-28,21000000000.0
2017-09-29,20000000000.0
2017-09-30,22993062197.0
2017-10-01,21000000000.0
2017-10-02,21000000000.0
2017-10-03,21000000000.0
2017-10-04,21000000000.0
2017-10-05,21000000000.0
2017-10-06,21000000000.0
2017-10-07,21000000000.0
2017-10-08,21000000000.0
2017-10-09,21000000000.0
2017-10-10,21000000000.0
2017-10-11,22284624259.0
2017-10-12,21000000000.0
2017-10-13,24000000000.0
2017-10-14,21000000000.0
2017-10-15,21000000000.0
2017-10-16,20000000000.0
2017-10-17,8000000000.000001
2017-10-18,8000000000.000001
2017-10-19,8000000000.000001
2017-10-20,5000000000.0
2017-10-21,6000000000.0
2017-10-22,4000000000.0000005
2017-10-23,10000000000.0
2017-10-24,10000000000.0
2017-10-25,8000000000.000001
2017-10-26,8000000000.000001
2017-10-27,4200000000.0000005
2017-10-28,4000000000.0000005
2017-10-29,4000000000.0000005
2017-10-30,6100000000.0
2017-10-31,8000000000.000001
2017-11-01,10500000000.0
2017-11-02,20000000000.0
2017-11-03,9000000000.0
2017-11-04,6000000000.0
2017-11-05,4000000000.0000005
2017-11-06,4000000000.0000005
2017-11-07,5000000000.0
2017-11-08,10000000000.0
2017-11-09,14999999999.999998
2017-11-10,14702135296.0
2017-11-11,18000000000.0
2017-11-12,20000000000.0
2017-11-13,20000000000.0
2017-11-14,20000000000.0
2017-11-15,20000000000.0
2017-11-16,12600000000.0
2017-11-17,12000000000.0
2017-11-18,10000000000.0
2017-11-19,10000000000.0
2017-11-20,17000000000.0
2017-11-21,20000000000.0
2017-11-22,20000000000.0
2017-11-23,16000000000.000002
2017-11-24,16300000000.0
2017-11-25,8000000000.000001
2017-11-26,10000000000.0
2017-11-27,20000000000.0
2017-11-28,20000000000.0
2017-11-29,20000000000.0
2017-11-30,20000000000.0
2017-12-01,10000000000.0
2017-12-02,10000000000.0
2017-12-03,10000000000.0
2017-12-04,20000000000.0
2017-12-05,29999999999.999996
2017-12-06,42000000000.0
2017-12-07,59999999999.99999
2017-12-08,57000000000.0
2017-12-09,55000000000.0
2017-12-10,41000000000.0
2017-12-11,35000000000.0
2017-12-12,31963943798.000004
2017-12-13,30010000000.000004
2017-12-14,40000000000.0
2017-12-15,29999999999.999996
2017-12-16,25000000000.0
2017-12-17,22260000000.0
2017-12-18,21000000000.0
2017-12-19,33800000000.0
2017-12-20,40000000000.0
2017-12-21,40000000000.0
2017-12-22,40000000000.0
2017-12-23,29999999999.999996
2017-12-24,28000000000.0
2017-12-25,21000000000.0
2017-12-26,21000000000.0
2017-12-27,20000000000.0
2017-12-28,20000000000.0
2017-12-29,20000000000.0
2017-12-30,20000000000.0
2017-12-31,21000000000.0
2018-01-01,20000000000.0
2018-01-02,20000000000.0
2018-01-03,21000000000.0
2018-01-04,29999999999.999996
2018-01-05,59999999999.99999
2018-01-06,90812500000.0
2018-01-07,68000000000.0
2018-01-08,74000000000.0
2018-01-09,74000000000.0
2018-01-10,100000000000.0
2018-01-11,90000000000.0
2018-01-12,50000000000.0
2018-01-13,52000000000.0
2018-01-14,52000000000.0
2018-01-15,52000000000.0
2018-01-16,52000000000.0
2018-01-17,51000000000.0
2018-01-18,51000000000.0
2018-01-19,50000000000.0
2018-01-20,49000000000.0
2018-01-21,41000000000.0
2018-01-22,29999999999.999996
2018-01-23,35000000000.0
2018-01-24,35000000000.0
2018-01-25,25000000001.0
2018-01-26,20000000000.0
2018-01-27,20000000000.0
2018-01-28,20000000000.0
2018-01-29,28312500000.0
2018-01-30,21000000000.0
2018-01-31,21000000000.0
2018-02-01,40000000000.0
2018-02-02,29999999999.999996
2018-02-03,21000000000.0
2018-02-04,20000000000.0
2018-02-05,20000000000.0
2018-02-06,22000000000.0
2018-02-07,22000000000.0
2018-02-08,20000000000.0
2018-02-09,20000000000.0
2018-02-10,20000000000.0
2018-02-11,14999999999.999998
2018-02-12,13629850624.0
2018-02-13,18000000000.0
2018-02-14,20000000000.0
2018-02-15,20000000000.0
2018-02-16,20000000000.0
2018-02-17,20000000000.0
2018-02-18,20000000000.0
2018-02-19,14000000000.0
2018-02-20,12000000000.0
2018-02-21,10000000000.0
2018-02-22,8000000000.000001
2018-02-23,10000000000.0
2018-02-24,14000000000.0
2018-02-25,8000000000.000001
2018-02-26,10000000000.0
2018-02-27,8000000000.000001
2018-02-28,14999999999.999998
2018-03-01,9000000000.0
2018-03-02,10000000000.0
2018-03-03,6360000000.0
2018-03-04,9000000000.0
2018-03-05,10000000000.0
2018-03-06,10000000000.0
2018-03-07,20000000000.0
2018-03-08,10000000000.0
2018-03-09,9000000000.0
2018-03-10,5000000000.0
2018-03-11,5000000000.0
2018-03-12,5000000000.0
2018-03-13,5000000000.0
2018-03-14,5000000000.0
2018-03-15,5000000000.0
2018-03-16,5000000000.0
2018-03-17,4000000000.0000005
2018-03-18,4000000000.0000005
2018-03-19,4000000000.0000005
2018-03-20,4000000000.0000005
2018-03-21,5000000000.0
2018-03-22,4000000000.0000005
2018-03-23,5000000000.0
2018-03-24,4000000000.0000005
2018-03-25,4000000000.0000005
2018-03-26,5000000000.0
2018-03-27,4000000000.0000005
2018-03-28,4000000000.0000005
2018-03-29,5000000000.0
2018-03-30,4000000000.0000005
2018-03-31,3100000000.0
2018-04-01,3000000000.0
2018-04-02,3000000000.0
2018-04-03,3000000000.0
2018-04-04,2100000000.0000002
2018-04-05,3000000000.0
2018-04-06,2200000000.0
2018-04-07,2000000000.0000002
2018-04-08,2000200000.0000002
2018-04-09,2000000000.0000002
2018-04-10,3000000000.0
2018-04-11,3000000000.0
2018-04-12,4000000000.0000005
2018-04-13,4000000000.0000005
2018-04-14,3000000000.0
2018-04-15,2812500000.0
2018-04-16,3000000000.0
2018-04-17,2500000000.0
2018-04-18,3000000000.0
2018-04-19,3100000000.0
2018-04-20,4000000000.0000005
2018-04-21,3000000000.0
2018-04-22,3900000000.0
2018-04-23,3000000000.0
2018-04-24,5000000000.0
2018-04-25,5000000000.0
2018-04-26,5000000000.0
2018-04-27,5000000000.0
2018-04-28,5000000000.0
2018-04-29,6000000000.0
2018-04-30,6500000000.0
2018-05-01,6000000000.0
2018-05-02,5300000000.0
2018-05-03,7000000000.0
2018-05-04,8000000000.000001
2018-05-05,5000000000.0
2018-05-06,4900000000.0
2018-05-07,4000000000.0000005
2018-05-08,5000000000.0
2018-05-09,6000000000.0
2018-05-10,10000000000.0
2018-05-11,10000000000.0
2018-05-12,7212000000.0
2018-05-13,8000000000.000001
2018-05-14,10000000000.0
2018-05-15,10000000000.0
2018-05-16,10650000000.0
2018-05-17,11770000000.0
2018-05-18,13000000000.0
2018-05-19,10000000000.0
2018-05-20,10000000000.0
2018-05-21,10662500000.0
2018-05-22,12343048704.0
2018-05-23,13000000000.0
2018-05-24,13000000000.0
2018-05-25,12000000000.0
2018-05-26,10000000000.0
2018-05-27,9100000256.0
2018-05-28,13000000000.0
2018-05-29,14999999999.999998
2018-05-30,14999999999.999998
2018-05-31,20000000000.0
2018-06-01,18000000000.0
2018-06-02,10662500000.0
2018-06-03,10000000000.0
2018-06-04,14999999999.999998
2018-06-05,12000000000.0
2018-06-06,12000000000.0
2018-06-07,11000000000.0
2018-06-08,10000000000.0
2018-06-09,7000000000.0
2018-06-10,6000000000.0
2018-06-11,7499999999.999999
2018-06-12,8000000000.000001
2018-06-13,9000000000.0
2018-06-14,10000000000.0
2018-06-15,11000000000.0
2018-06-16,5000000001.0
2018-06-17,4000000000.0000005
2018-06-18,5000000000.0
2018-06-19,8000000000.000001
2018-06-20,6000000000.0
2018-06-21,5125000000.0
2018-06-22,5800000000.0
2018-06-23,2000000000.0000002
2018-06-24,3343750000.0
2018-06-25,8000000000.000001
2018-06-26,5000000000.0
2018-06-27,5000000000.0
2018-06-28,4000000000.0000005
2018-06-29,5000000000.0
2018-06-30,20000000000.0
2018-07-01,50000000000.0
2018-07-02,72000000000.0
2018-07-03,81000000000.0
2018-07-04,56000000000.0
2018-07-05,46000000000.0
2018-07-06,72315000000.0
2018-07-07,59999999999.99999
2018-07-08,32250000000.0
2018-07-09,20000000000.0
2018-07-10,12718750000.0
2018-07-11,11550000000.0
2018-07-12,22000000000.0
2018-07-13,23000000000.0
2018-07-14,50000000000.0
2018-07-15,40000000000.0
2018-07-16,8800000000.0
2018-07-17,6710000000.0
2018-07-18,6000000000.0
2018-07-19,4000000000.0000005
2018-07-20,7000000000.0
2018-07-21,8000000000.000001
2018-07-22,3000000000.0
2018-07-23,7000000000.0
2018-07-24,5000000000.0
2018-07-25,4000000000.0000005
2018-07-26,4000000000.0000005
2018-07-27,2000000000.0000002
2018-07-28,2000000000.0000002
2018-07-29,1200000000.0
2018-07-30,2000000000.0000002
2018-07-31,2010001000.0000002
2018-08-01,2000000000.0000002
2018-08-02,2020000000.0
2018-08-03,3000000000.0
2018-08-04,2000000000.0000002
2018-08-05,1780000001.0
2018-08-06,3000000000.0
2018-08-07,8000000000.000001
2018-08-08,59999999999.99999
2018-08-09,59999999999.99999
2018-08-10,25000000000.0
2018-08-11,6000000000.0
2018-08-12,4000000000.0000005
2018-08-13,5000000000.0
2018-08-14,6000000000.0
2018-08-15,6000000000.0
2018-08-16,4100000000.9999995
2018-08-17,20000000000.0
2018-08-18,4500000000.0
2018-08-19,2530000000.0
2018-08-20,3000000000.0
2018-08-21,4000000000.0000005
2018-08-22,5000000000.0
2018-08-23,4000000000.0000005
2018-08-24,5000000000.0
2018-08-25,3000000000.0
2018-08-26,3000000000.0
2018-08-27,4000000000.0000005
2018-08-28,4800000000.0
2018-08-29,5538000000.0
2018-08-30,5000000000.0
2018-08-31,5800000000.0
2018-09-01,4000000000.0000005
2018-09-02,3133000000.0
2018-09-03,4100000000.0000005
2018-09-04,5000000000.0
2018-09-05,4900000000.0
2018-09-06,7000000000.0
2018-09-07,6000000000.0
2018-09-08,5000000001.0
2018-09-09,5100000000.0
2018-09-10,6000000000.0
2018-09-11,6600000000.0
2018-09-12,7000000000.0
2018-09-13,7875000093.0
2018-09-14,6000000000.0
2018-09-15,6000000000.0
2018-09-16,5150000000.0
2018-09-17,6820000000.0
2018-09-18,7950000000.0
2018-09-19,10000000000.0
2018-09-20,9100000000.0
2018-09-21,10500000000.0
2018-09-22,7800000000.0
2018-09-23,6000000000.0
2018-09-24,8800000000.0
2018-09-25,9900000000.0
2018-09-26,10000000000.0
2018-09-27,10300000000.0
2018-09-28,12000000000.0
2018-09-29,14090000000.0
2018-09-30,10000000000.0
2018-10-01,13000000000.0
2018-10-02,14000000000.0
2018-10-03,7562500000.000001
2018-10-04,8000000000.000001
2018-10-05,6070292035.0
2018-10-06,3100000000.0
2018-10-07,5000000000.0
2018-10-08,8000000000.000001
2018-10-09,6000000000.0
2018-10-10,8000000000.000001
2018-10-11,7560000000.0
2018-10-12,7482000000.0
2018-10-13,4500000000.0
2018-10-14,4000000000.0000005
2018-10-15,9750000000.0
2018-10-16,5750000000.0
2018-10-17,6000000000.0
2018-10-18,5500000000.0
2018-10-19,8000000000.000001
2018-10-20,6256250000.0
2018-10-21,5200000000.0
2018-10-22,6100000000.0
2018-10-23,8000000000.000001
2018-10-24,10000000000.0
2018-10-25,10000000000.0
2018-10-26,10000000000.0
2018-10-27,6000000000.0
2018-10-28,5500000000.0
2018-10-29,9000000000.0
2018-10-30,8166998500.000001
2018-10-31,8000000000.000001
2018-11-01,8000000000.000001
2018-11-02,10000000000.0
2018-11-03,8437500000.0
2018-11-04,8000000000.000001
2018-11-05,10100000000.0
2018-11-06,11000000000.0
2018-11-07,10000000000.0
2018-11-08,10000000000.0
2018-11-09,10000000000.0
2018-11-10,6000000000.0
2018-11-11,4000000000.0000005
2018-11-12,7000000000.0
2018-11-13,7499999999.999999
2018-11-14,10000000000.0
2018-11-15,12000000000.0
2018-11-16,10000000000.0
2018-11-17,6000000000.0
2018-11-18,6625000000.0
2018-11-19,11000000000.0
2018-11-20,11000000000.0
2018-11-21,9000000000.0
2018-11-22,8000000000.000001
2018-11-23,9000000000.0
2018-11-24,7499999999.999999
2018-11-25,10000000000.0
2018-11-26,10000000000.0
2018-11-27,8000000000.000001
2018-11-28,10000000000.0
2018-11-29,11500000000.0
2018-11-30,14999999999.999998
2018-12-01,10000000000.0
2018-12-02,9100000000.0
2018-12-03,10000000000.0
2018-12-04,10000000000.0
2018-12-05,10000000000.0
2018-12-06,10000000000.0
2018-12-07,10000000000.0
2018-12-08,6000000000.0
2018-12-09,5500000000.0
2018-12-10,8100000000.0
2018-12-11,8000000000.000001
2018-12-12,8000000000.000001
2018-12-13,10000000000.0
2018-12-14,9100000000.0
2018-12-15,6000000000.0
2018-12-16,5000000000.0
2018-12-17,8000000000.000001
2018-12-18,9240000000.0
2018-12-19,10000000000.0
2018-12-20,10000000000.0
2018-12-21,10000000000.0
2018-12-22,8800000000.0
2018-12-23,10000000000.0
2018-12-24,10000000000.0
2018-12-25,10000000000.0
2018-12-26,9000000000.0
2018-12-27,8000000000.000001
2018-12-28,9000000000.0
2018-12-29,9000000000.0
2018-12-30,9000000000.0
2018-12-31,9000000000.0
2019-01-01,7000000000.0
2019-01-02,8000000000.000001
2019-01-03,8000000000.000001
2019-01-04,9000000000.0
2019-01-05,7000000000.0
2019-01-06,9000000000.0
2019-01-07,9000000000.0
2019-01-08,9000000000.0
2019-01-09,8900000000.0
2019-01-10,9000000000.0
2019-01-11,8000000000.000001
2019-01-12,6156250000.0
2019-01-13,7059830744.0
2019-01-14,11000000000.0
2019-01-15,10000000000.0
2019-01-16,10000000000.0
2019-01-17,10000000000.0
2019-01-18,10000000000.0
2019-01-19,7000000000.0
2019-01-20,8800000001.0
2019-01-21,9000000000.0
2019-01-22,8249999999.999999
2019-01-23,9000000000.0
2019-01-24,10000000000.0
2019-01-25,10000000000.0
2019-01-26,7100000000.0
2019-01-27,7000000000.0
2019-01-28,10000000000.0
2019-01-29,8000000000.000001
2019-01-30,9000000000.0
2019-01-31,9500340000.0
2019-02-01,9000000000.0
2019-02-02,7000000000.0
2019-02-03,7000000000.0
2019-02-04,7000000000.0
2019-02-05,7225967840.0
2019-02-06,8000000000.000001
2019-02-07,8000000000.000001
2019-02-08,9000000000.0
2019-02-09,7200000000.0
2019-02-10,8000000000.000001
2019-02-11,9000000000.0
2019-02-12,8000000000.000001
2019-02-13,9000000000.0
2019-02-14,8000000000.000001
2019-02-15,10000000000.0
2019-02-16,8480000000.000001
2019-02-17,9000000000.0
2019-02-18,11020000000.0
2019-02-19,11000000000.0
2019-02-20,11500000256.0
2019-02-21,10000000000.0
2019-02-22,10000000000.0
2019-02-23,10000000000.0
2019-02-24,10000000000.0
2019-02-25,12100000000.0
2019-02-26,13333333333.0
2019-02-27,11100000000.0
2019-02-28,14999999999.999998
2019-03-01,7100000000.0
2019-03-02,7000000000.0
2019-03-03,7000000000.0
2019-03-04,6100000000.0
2019-03-05,8333333333.0
2019-03-06,8000000000.000001
2019-03-07,8000000000.000001
2019-03-08,6900000256.0
2019-03-09,5400000000.0
2019-03-10,5610000000.0
2019-03-11,6000000000.0
2019-03-12,6000000000.0
2019-03-13,5100000000.0
2019-03-14,5000000000.0
2019-03-15,5000000000.0
2019-03-16,5000000000.0
2019-03-17,4000000000.0000005
2019-03-18,6000000000.0
2019-03-19,8000000000.000001
2019-03-20,5100000000.0
2019-03-21,7000000000.0
2019-03-22,6000000000.0
2019-03-23,5000000000.0
2019-03-24,5100000000.0
2019-03-25,8000000000.000001
2019-03-26,6000000000.0
2019-03-27,9000000000.0
2019-03-28,7054790409.0
2019-03-29,8000000000.000001
2019-03-30,5000000000.0
2019-03-31,4782072486.0
2019-04-01,7000000000.0
2019-04-02,9000000000.0
2019-04-03,10000000000.0
2019-04-04,10000000000.0
2019-04-05,6500000000.0
2019-04-06,6000000000.0
2019-04-07,6000000000.0
2019-04-08,8000000000.000001
2019-04-09,7100000000.0
2019-04-10,6000000000.0
2019-04-11,8000000000.000001
2019-04-12,8855000012.0
2019-04-13,6000000000.0
2019-04-14,5000000000.0
2019-04-15,5500000000.0
2019-04-16,6000000000.0
2019-04-17,6000000000.0
2019-04-18,6950000000.0
2019-04-19,6000000000.0
2019-04-20,4000000000.0000005
2019-04-21,5000000000.0
2019-04-22,6000000000.0
2019-04-23,6000000000.0
2019-04-24,7800000000.0
2019-04-25,6000000000.0
2019-04-26,8000000000.000001
2019-04-27,4500000000.0
2019-04-28,5000000000.0
2019-04-29,4675000000.0
2019-04-30,5000000000.0
2019-05-01,5625000000.0
2019-05-02,6100000000.0
2019-05-03,6000000000.0
2019-05-04,6000000000.0
2019-05-05,5000000000.0
2019-05-06,6000000000.0
2019-05-07,8299000000.0
2019-05-08,6100000000.0
2019-05-09,6000000000.0
2019-05-10,7499999999.999999
2019-05-11,6600000000.0
2019-05-12,8000000000.000001
2019-05-13,9000000000.0
2019-05-14,10000000000.0
2019-05-15,11500000000.0
2019-05-16,19000000000.0
2019-05-17,16000000000.000002
2019-05-18,10000000000.0
2019-05-19,10000000000.0
2019-05-20,12100000000.0
2019-05-21,10000000000.0
2019-05-22,14999999999.999998
2019-05-23,10000000000.0
2019-05-24,10000000000.0
2019-05-25,8000000000.000001
2019-05-26,5400000000.0
2019-05-27,11000000000.0
2019-05-28,12000000000.0
2019-05-29,10000000000.0
2019-05-30,17400000000.0
2019-05-31,14000000000.0
2019-06-01,10100000000.0
2019-06-02,6000000000.0
2019-06-03,10000000000.0
2019-06-04,10000000000.0
2019-06-05,12000000000.0
2019-06-06,10000000000.0
2019-06-07,10000000000.0
2019-06-08,20000000000.0
2019-06-09,5000000000.0
2019-06-10,20000000000.0
2019-06-11,13300000000.0
2019-06-12,5020000000.0
2019-06-13,7000000000.0
2019-06-14,10000000000.0
2019-06-15,19000000000.0
2019-06-16,7200000000.0
2019-06-17,20000000000.0
2019-06-18,10000000000.0
2019-06-19,10410000000.0
2019-06-20,20000000000.0
2019-06-21,8000000000.000001
2019-06-22,8000000000.000001
2019-06-23,7000000000.0
2019-06-24,10000000000.0
2019-06-25,20000000000.0
2019-06-26,14999999999.999998
2019-06-27,18000000000.0
2019-06-28,20000000000.0
2019-06-29,10000000000.0
2019-06-30,13274725120.0
2019-07-01,20000000000.0
2019-07-02,14999999999.999998
2019-07-03,9000000000.0
2019-07-04,7000000000.0
2019-07-05,14999999999.999998
2019-07-06,10000000000.0
2019-07-07,5999999999.0
2019-07-08,14999999999.999998
2019-07-09,10000000000.0
2019-07-10,7000000000.0
2019-07-11,20000000000.0
2019-07-12,8000000000.000001
2019-07-13,6500000000.0
2019-07-14,7000000000.0
2019-07-15,10000000000.0
2019-07-16,20000000000.0
2019-07-17,20000000000.0
2019-07-18,9000000000.0
2019-07-19,20000000000.0
2019-07-20,6000000000.0
2019-07-21,6003000000.0
2019-07-22,6000000000.0
2019-07-23,10000000000.0
2019-07-24,20000000000.0
2019-07-25,20000000000.0
2019-07-26,6000000000.0
2019-07-27,6000000000.0
2019-07-28,5000000000.0
2019-07-29,6000000000.0
2019-07-30,6000000000.0
2019-07-31,9625000000.0
2019-08-01,20000000000.0
2019-08-02,10000000000.0
2019-08-03,20000000000.0
2019-08-04,5000000000.0
2019-08-05,9142726500.0
2019-08-06,8000000000.000001
2019-08-07,6000000000.0
2019-08-08,10000000000.0
2019-08-09,10000000000.0
2019-08-10,7960937499.999999
2019-08-11,6000000000.0
2019-08-12,10000000000.0
2019-08-13,6000000000.0
2019-08-14,6300000000.0
2019-08-15,10000000000.0
2019-08-16,7000000000.0
2019-08-17,6000000000.0
2019-08-18,6000000000.0
2019-08-19,10000000000.0
2019-08-20,10000000000.0
2019-08-21,10800000000.0
2019-08-22,10000000000.0
2019-08-23,10000000000.0
2019-08-24,10000000000.0
2019-08-25,10000000000.0
2019-08-26,12000000000.0
2019-08-27,10200000000.0
2019-08-28,10000000000.0
2019-08-29,11000000000.0
2019-08-30,10468750000.0
2019-08-31,10000000000.0
2019-09-01,10000000000.0
2019-09-02,12000000000.0
2019-09-03,12000000000.0
2019-09-04,12000000000.0
2019-09-05,14999999999.999998
2019-09-06,16000000000.000002
2019-09-07,14999999999.999998
2019-09-08,16000000000.000002
2019-09-09,19000000000.0
2019-09-10,20000000000.0
2019-09-11,20000000000.0
2019-09-12,20000000000.0
2019-09-13,20995000000.0
2019-09-14,22000000000.0
2019-09-15,22000000000.0
2019-09-16,22000000000.0
2019-09-17,24200000000.0
2019-09-18,29999999999.999996
2019-09-19,29101562500.0
2019-09-20,27000000000.0
2019-09-21,21000000000.0
2019-09-22,20000000000.0
2019-09-23,23000000000.0
2019-09-24,26000000000.0
2019-09-25,27000000000.0
2019-09-26,22222200000.0
2019-09-27,24100000000.0
2019-09-28,20000000000.0
2019-09-29,21000000000.0
2019-09-30,20000000000.0
2019-10-01,11000000000.0
2019-10-02,10000000000.0
2019-10-03,14999999999.999998
2019-10-04,12000000000.0
2019-10-05,10000000000.0
2019-10-06,10000000000.0
2019-10-07,10000000000.0
2019-10-08,10350000000.0
2019-10-09,14999999999.999998
2019-10-10,12000000000.0
2019-10-11,10000000000.0
2019-10-12,10000000000.0
2019-10-13,11000000000.0
2019-10-14,11000000000.0
2019-10-15,10000000000.0
2019-10-16,10000000000.0
2019-10-17,10000000000.0
2019-10-18,10000000000.0
2019-10-19,10000000000.0
2019-10-20,14000000000.0
2019-10-21,12000000000.0
2019-10-22,14999999999.999998
2019-10-23,12000000000.0
2019-10-24,11000000000.0
2019-10-25,12000000000.0
2019-10-26,13200000000.0
2019-10-27,11000000000.0
2019-10-28,13200000000.0
2019-10-29,14999999999.999998
2019-10-30,12120000000.0
2019-10-31,12000000000.0
2019-11-01,11000000000.0
2019-11-02,10000000000.0
2019-11-03,10000000000.0
2019-11-04,11000000000.0
2019-11-05,10000000000.0
2019-11-06,10000000000.0
2019-11-07,20000000000.0
2019-11-08,10000000000.0
2019-11-09,10000000000.0
2019-11-10,10000000000.0
2019-11-11,11000000001.0
2019-11-12,11000000000.0
2019-11-13,11000000000.0
2019-11-14,10000000000.0
2019-11-15,10000000000.0
2019-11-16,10000000000.0
2019-11-17,10000000000.0
2019-11-18,10000000000.0
2019-11-19,10000000000.0
2019-11-20,10000000000.0
2019-11-21,13810831566.0
2019-11-22,20000000000.0
2019-11-23,10000000000.0
2019-11-24,10000000000.0
2019-11-25,18000000000.0
2019-11-26,13000000000.0
2019-11-27,11000000000.0
2019-11-28,11000000000.0
2019-11-29,10000000000.0
2019-11-30,10000000000.0
2019-12-01,11000000000.0
2019-12-02,11000000000.0
2019-12-03,10000000000.0
2019-12-04,10000000000.0
2019-12-05,10000000000.0
2019-12-06,10000000000.0
2019-12-07,8000000000.000001
2019-12-08,4867187500.0
2019-12-09,7000000000.0
2019-12-10,8000000000.000001
2019-12-11,7499999999.999999
2019-12-12,7499999999.999999
2019-12-13,8000000000.000001
2019-12-14,7000000000.0
2019-12-15,8000000001.000001
2019-12-16,10000000000.0
2019-12-17,10500000000.0
2019-12-18,10000000000.0
2019-12-19,8000000000.000001
2019-12-20,9000000000.0
2019-12-21,6825000000.0
2019-12-22,7000000000.0
2019-12-23,8000000000.000001
2019-12-24,8000000000.000001
2019-12-25,7499999999.999999
2019-12-26,8000000000.000001
2019-12-27,7000700000.0
2019-12-28,8800000000.0
2019-12-29,8000000000.000001
2019-12-30,8000000000.000001
2019-12-31,8000000000.000001
2020-01-01,7000000000.0
2020-01-02,6000000000.0
2020-01-03,7499999999.999999
2020-01-04,5000000000.0
2020-01-05,5000000000.0
2020-01-06,7000000000.0
2020-01-07,6000000000.0
2020-01-08,8000000000.000001
2020-01-09,6900000256.0
2020-01-10,8000000000.000001
2020-01-11,8000000000.000001
2020-01-12,8000000000.000001
2020-01-13,7000000000.0
2020-01-14,8000000000.000001
2020-01-15,8000000000.000001
2020-01-16,6000000000.0
2020-01-17,7000000000.0
2020-01-18,7000000000.0
2020-01-19,6900000000.0
2020-01-20,6000000000.0
2020-01-21,6000000000.0
2020-01-22,5000000000.0
2020-01-23,5000000000.0
2020-01-24,3000000000.0
2020-01-25,2400000000.0
2020-01-26,2400000000.0
2020-01-27,4000000000.0000005
2020-01-28,3000000000.0
2020-01-29,4000000000.0000005
2020-01-30,4440000000.0
2020-01-31,4000200000.0000005
2020-02-01,4000000000.0000005
2020-02-02,4000000000.0000005
2020-02-03,6000000000.0
2020-02-04,8000000000.000001
2020-02-05,7650000000.000001
2020-02-06,8331749997.000001
2020-02-07,8000000000.000001
2020-02-08,7000000000.0
2020-02-09,6000000000.0
2020-02-10,8000000000.000001
2020-02-11,6000000000.0
2020-02-12,8000000000.000001
2020-02-13,9000000000.0
2020-02-14,8000000000.000001
2020-02-15,8700000000.0
2020-02-16,8000000000.000001
2020-02-17,8000000000.000001
2020-02-18,7000000000.0
2020-02-19,8000000000.000001
2020-02-20,8000000000.000001
2020-02-21,5000000000.0
2020-02-22,5000000000.0
2020-02-23,8000000000.000001
2020-02-24,7000000000.0
2020-02-25,7000000144.0
2020-02-26,9000000000.0
2020-02-27,8000000000.000001
2020-02-28,7400000000.0
2020-02-29,5350000000.0
2020-03-01,6000000000.0
2020-03-02,6000000000.0
2020-03-03,6000000000.0
2020-03-04,7920000000.000001
2020-03-05,8000000000.000001
2020-03-06,8000000000.000001
2020-03-07,8000000000.000001
2020-03-08,8000001234.999999
2020-03-09,10000000000.0
2020-03-10,8000000000.000001
2020-03-11,9000000000.0
2020-03-12,47000000000.0
2020-03-13,40000000000.0
2020-03-14,10000000000.0
2020-03-15,8000000000.000001
2020-03-16,20000000000.0
2020-03-17,10000000000.0
2020-03-18,10000000000.0
2020-03-19,10000000000.0
2020-03-20,10000000000.0
2020-03-21,8000000000.000001
2020-03-22,9000000000.0
2020-03-23,10000000000.0
2020-03-24,10000000000.0
2020-03-25,9500000000.0
2020-03-26,8000000000.000001
2020-03-27,8000000000.000001
2020-03-28,6200002470.0
2020-03-29,6000000000.0
2020-03-30,7000000000.0
2020-03-31,8000000000.000001
2020-04-01,8000000000.000001
2020-04-02,9600001235.0
2020-04-03,8400840000.000001
2020-04-04,6000000000.0
2020-04-05,6000000000.0
2020-04-06,10000000000.0
2020-04-07,9000000000.0
2020-04-08,7150000000.0
2020-04-09,8000000000.000001
2020-04-10,8000000000.000001
2020-04-11,6000000000.0
2020-04-12,5000000000.0
2020-04-13,8000000000.000001
2020-04-14,8000000000.000001
2020-04-15,8000000000.000001
2020-04-16,10000000000.0
2020-04-17,8000000000.000001
2020-04-18,8400000000.000001
2020-04-19,8000500001.0
2020-04-20,10000000000.0
2020-04-21,10000000000.0
2020-04-22,10000000000.0
2020-04-23,10000000000.0
2020-04-24,10000000000.0
2020-04-25,8800000000.0
2020-04-26,10000000000.0
2020-04-27,10000000000.0
2020-04-28,9000000000.0
2020-04-29,14400000000.0
2020-04-30,20000000000.0
2020-05-01,10000000000.0
2020-05-02,7000000000.0
2020-05-03,9000000000.0
2020-05-04,10000000000.0
2020-05-05,12000000000.0
2020-05-06,14300000233.0
2020-05-07,18000000000.0
2020-05-08,16800000000.000002
2020-05-09,13714089800.0
2020-05-10,20000000000.0
2020-05-11,18000000000.0
2020-05-12,21982308256.0
2020-05-13,27368012610.0
2020-05-14,35000000000.0
2020-05-15,26100000000.0
2020-05-16,21000000000.0
2020-05-17,21300000000.0
2020-05-18,32999999999.999996
2020-05-19,29999999999.999996
2020-05-20,32000000000.000004
2020-05-21,43000000000.0
2020-05-22,32000000000.000004
2020-05-23,19000000000.0
2020-05-24,26000000000.0
2020-05-25,35000000000.0
2020-05-26,34000006175.0
2020-05-27,36000000000.0
2020-05-28,35000000000.0
2020-05-29,32999999999.999996
2020-05-30,31000000000.0
2020-05-31,25000000000.0
2020-06-01,29999999999.999996
2020-06-02,32999999999.999996
2020-06-03,27000000000.0
2020-06-04,29999999999.999996
2020-06-05,29000001235.0
2020-06-06,29999999999.999996
2020-06-07,39000000000.0
2020-06-08,39600000233.0
2020-06-09,35000000000.0
2020-06-10,37000000000.0
2020-06-11,35000000000.0
2020-06-12,32999999999.999996
2020-06-13,26510000000.0
2020-06-14,20400000000.0
2020-06-15,38950753794.0
2020-06-16,38000000000.0
2020-06-17,39600000000.0
2020-06-18,36000000000.0
2020-06-19,37000001235.0
2020-06-20,27000001235.0
2020-06-21,25000000000.0
2020-06-22,38000000000.0
2020-06-23,44000000000.0
2020-06-24,44000000000.0
2020-06-25,41000000000.0
2020-06-26,35000000000.0
2020-06-27,32999999999.999996
2020-06-28,32000000000.000004
2020-06-29,37000000000.0
2020-06-30,50000000000.0
2020-07-01,44000000000.0
2020-07-02,41000000000.0
2020-07-03,44000001347.0
2020-07-04,29999999999.999996
2020-07-05,28200000000.0
2020-07-06,39000001235.0
2020-07-07,40000000000.0
2020-07-08,50000000000.0
2020-07-09,43000001459.0
2020-07-10,36457300206.0
2020-07-11,31900000000.0
2020-07-12,29000000000.0
2020-07-13,47000000000.0
2020-07-14,43200001750.0
2020-07-15,48000000000.0
2020-07-16,52000000000.0
2020-07-17,58610000000.0
2020-07-18,46000000000.0
2020-07-19,52000000000.0
2020-07-20,69000000000.0
2020-07-21,71500000000.0
2020-07-22,70000000000.0
2020-07-23,76250000000.0
2020-07-24,74000000000.0
2020-07-25,80000000000.0
2020-07-26,65999999999.99999
2020-07-27,91000000000.0
2020-07-28,70000000000.0
2020-07-29,70000001459.0
2020-07-30,69000001235.0
2020-07-31,75000000000.0
2020-08-01,59999999999.99999
2020-08-02,69000000000.0
2020-08-03,59999999999.99999
2020-08-04,57000001459.0
2020-08-05,50000000000.0
2020-08-06,55000000000.0
2020-08-07,73000000000.0
2020-08-08,59999999999.99999
2020-08-09,71000000000.0
2020-08-10,108000000000.0
2020-08-11,123000000000.0
2020-08-12,217000000000.0
2020-08-13,258999999999.99997
2020-08-14,206000000000.0
2020-08-15,116000000000.0
2020-08-16,94610120000.0
2020-08-17,100000001235.0
2020-08-18,125999999999.99998
2020-08-19,134000000000.00002
2020-08-20,109000000000.0
2020-08-21,150000000000.0
2020-08-22,97000000000.0
2020-08-23,79200000000.0
2020-08-24,88000000000.0
2020-08-25,102000000000.0
2020-08-26,80000000000.0
2020-08-27,92400001604.0
2020-08-28,77000000000.0
2020-08-29,94800000000.0
2020-08-30,210000000000.0
2020-08-31,223000000000.0
2020-09-01,476000000000.0
2020-09-02,483000000377.00006
2020-09-03,396000000233.0
2020-09-04,221480000000.0
2020-09-05,250000000000.0
2020-09-06,119000000000.0
2020-09-07,101000001459.0
2020-09-08,90000000000.0
2020-09-09,103500001459.0
2020-09-10,161000000000.0
2020-09-11,140000000000.0
2020-09-12,96000000000.0
2020-09-13,105000000000.0
2020-09-14,184020000000.0
2020-09-15,161000000000.0
2020-09-16,147000000000.0
2020-09-17,544000000000.0
2020-09-18,304000000000.0
2020-09-19,151000000000.0
2020-09-20,108900000000.0
2020-09-21,126150000000.0
2020-09-22,126424527724.00002
2020-09-23,109000000000.0
2020-09-24,92820001488.0
2020-09-25,93375830001.0
2020-09-26,71000000000.0
2020-09-27,69000000000.0
2020-09-28,105000000000.0
2020-09-29,129000000000.0
2020-09-30,103000000000.0
2020-10-01,78000000000.0
2020-10-02,79000000000.0
2020-10-03,52000000000.0
2020-10-04,62000000000.0
2020-10-05,70000000000.0
2020-10-06,80000000000.0
2020-10-07,65999999999.99999
2020-10-08,62700000000.0
2020-10-09,62000000000.0
2020-10-10,50002400000.0
2020-10-11,36817863107.0
2020-10-12,57000000000.0
2020-10-13,58300000000.0
2020-10-14,59999999999.99999
2020-10-15,65000000000.0
2020-10-16,55550000000.0
2020-10-17,27000000000.0
2020-10-18,23000000000.0
2020-10-19,36000000000.0
2020-10-20,40000000000.0
2020-10-21,54075000000.0
2020-10-22,55000000000.0
2020-10-23,45000000000.0
2020-10-24,23400000000.0
2020-10-25,24000000000.0
2020-10-26,42000000000.0
2020-10-27,31000000000.0
2020-10-28,41000000000.0
2020-10-29,49000000000.0
2020-10-30,53000000000.0
2020-10-31,28600001604.0
2020-11-01,24000000000.0
2020-11-02,47002200000.0
2020-11-03,40000000000.0
2020-11-04,28000001459.0
2020-11-05,32999999999.999996
2020-11-06,51500000000.0
2020-11-07,44000000000.0
2020-11-08,23000000000.0
2020-11-09,32000000000.000004
2020-11-10,41000000000.0
2020-11-11,44000000000.0
2020-11-12,41000000000.0
2020-11-13,46200000233.0
2020-11-14,25000000000.0
2020-11-15,24000000000.0
2020-11-16,34800000000.0
2020-11-17,61000000000.0
2020-11-18,65999999999.99999
2020-11-19,37002000000.0
2020-11-20,59400000000.0
2020-11-21,51450000000.0
2020-11-22,55000000000.0
2020-11-23,64000001459.0
2020-11-24,91000000000.0
2020-11-25,54000000000.0
2020-11-26,94500000000.0
2020-11-27,32999999999.999996
2020-11-28,20000001459.0
2020-11-29,17600000000.0
2020-11-30,56000000000.0
2020-12-01,75000000000.0
2020-12-02,34370000000.0
2020-12-03,38500000000.0
2020-12-04,46200000000.0
2020-12-05,27000000000.0
2020-12-06,25000000000.0
2020-12-07,39600001604.0
2020-12-08,50000000000.0
2020-12-09,55000000000.0
2020-12-10,45100000061.0
2020-12-11,51000000000.0
2020-12-12,32000000000.000004
2020-12-13,34379581648.0
2020-12-14,55000000000.0
2020-12-15,78000000000.0
2020-12-16,72000000000.0
2020-12-17,120120002085.0
2020-12-18,67000000000.00001
2020-12-19,48000000000.0
2020-12-20,36000000000.0
2020-12-21,67275000000.0
2020-12-22,59000000000.0
2020-12-23,94000000000.0
2020-12-24,70000000000.0
2020-12-25,80000000000.0
2020-12-26,58000000000.0
2020-12-27,74000001459.0
2020-12-28,81000000000.0
2020-12-29,86000000000.0
2020-12-30,103750000000.0
2020-12-31,96000000000.0
2021-01-01,56000000000.0
2021-01-02,78000000000.0
2021-01-03,110000000000.0
2021-01-04,198000000000.0
2021-01-05,120000001459.0
2021-01-06,119000000000.0
2021-01-07,116000000000.0
2021-01-08,119999999999.99998
2021-01-09,84000000000.0
2021-01-10,75000000000.0
2021-01-11,154000000000.0
2021-01-12,78000000000.0
2021-01-13,59999999999.99999
2021-01-14,73000000000.0
2021-01-15,70000000000.0
2021-01-16,68000000000.0
2021-01-17,56000000000.0
2021-01-18,67000001459.0
2021-01-19,94000000000.0
2021-01-20,71000000000.0
2021-01-21,94000000000.0
2021-01-22,100000000000.0
2021-01-23,72000000000.0
2021-01-24,70000000000.0
2021-01-25,94000000000.0
2021-01-26,79200000000.0
2021-01-27,81000000000.0
2021-01-28,85500000000.0
2021-01-29,127000000000.00002
2021-01-30,100000000000.0
2021-01-31,119000000000.0
2021-02-01,150000000000.0
2021-02-02,164000001459.0
2021-02-03,162000000000.0
2021-02-04,225000000000.0
2021-02-05,228000000000.0
2021-02-06,160000000000.0
2021-02-07,139000000000.0
2021-02-08,156805800000.0
2021-02-09,218000000000.0
2021-02-10,213000000000.0
2021-02-11,153000000000.0
2021-02-12,163000000000.0
2021-02-13,182736000000.0
2021-02-14,138000000000.0
2021-02-15,150000000000.0
2021-02-16,168000000000.0
2021-02-17,152900000000.0
2021-02-18,181000000000.0
2021-02-19,180000000000.0
2021-02-20,190000000000.0
2021-02-21,137500000001.0
2021-02-22,185000000000.0
2021-02-23,298000000000.0
2021-02-24,179000000000.0
2021-02-25,159000000000.0
2021-02-26,145000000000.0
2021-02-27,111000000000.0
2021-02-28,106000000000.0
2021-03-01,106000000000.0
2021-03-02,112200000000.0
2021-03-03,119999999999.99998
2021-03-04,106000000000.0
2021-03-05,128623784485.00002
2021-03-06,86269200000.0
2021-03-07,118880000000.0
2021-03-08,127000001459.0
2021-03-09,135000000000.0
2021-03-10,125000000000.0
2021-03-11,119999999999.99998
2021-03-12,164450000001.0
2021-03-13,162000000000.0
2021-03-14,145950000000.0
2021-03-15,186615000000.0
2021-03-16,171000000000.0
2021-03-17,185000000000.0
2021-03-18,172500000000.0
2021-03-19,156000000000.0
2021-03-20,133000000000.00002
2021-03-21,127650000000.00002
2021-03-22,166333500000.0
2021-03-23,152000000000.0
2021-03-24,169000001459.0
2021-03-25,169500000000.0
2021-03-26,137000000000.0
2021-03-27,112000000000.0
2021-03-28,114400000000.0
2021-03-29,134000000000.00002
2021-03-30,151800001604.0
2021-03-31,188500000000.0
2021-04-01,190076178202.0
2021-04-02,174000000000.0
2021-04-03,136000000000.0
2021-04-04,107000000000.0
2021-04-05,133000000000.00002
2021-04-06,145000001459.0
2021-04-07,147000000000.0
2021-04-08,118000000000.0
2021-04-09,114000000000.0
2021-04-10,97750000000.0
2021-04-11,81000000000.0
2021-04-12,102000000000.0
2021-04-13,107000000000.0
2021-04-14,132000001459.0
2021-04-15,90000000000.0
2021-04-16,162150000000.0
2021-04-17,149000000000.0
2021-04-18,147000000000.0
2021-04-19,176000000000.0
2021-04-20,263999999999.99997
2021-04-21,166000001459.0
2021-04-22,134200000000.0
2021-04-23,112000000000.0
2021-04-24,63964813376.0
2021-04-25,49000000000.0
2021-04-26,55000000000.0
2021-04-27,59800000000.00001
2021-04-28,69000000000.0
2021-04-29,62000000000.0
2021-04-30,48000000000.0
2021-05-01,39000000000.0
2021-05-02,35000000000.0
2021-05-03,50000000000.0
2021-05-04,58300000000.0
2021-05-05,52900000000.0
2021-05-06,59999999999.99999
2021-05-07,59999999999.99999
2021-05-08,117000000000.0
2021-05-09,114000000000.0
2021-05-10,239999999999.99997
2021-05-11,305000000000.0
2021-05-12,263999999999.99997
2021-05-13,156450000000.0
2021-05-14,121000000000.00002
2021-05-15,91000000000.0
2021-05-16,65999999999.99999
2021-05-17,84000000000.0
2021-05-18,79000000000.0
2021-05-19,183750000000.0
2021-05-20,101000000000.0
2021-05-21,70000000000.0
2021-05-22,49500000000.0
2021-05-23,93491937654.0
2021-05-24,59999999999.99999
2021-05-25,47000000000.0
2021-05-26,43575000000.0
2021-05-27,35000000000.0
2021-05-28,37000000000.0
2021-05-29,27000000000.0
2021-05-30,24000000000.0
2021-05-31,25000000000.0
2021-06-01,25000000000.0
2021-06-02,27000000000.0
2021-06-03,29000000000.0
2021-06-04,25000000000.0
2021-06-05,18000000000.0
2021-06-06,14000000000.0
2021-06-07,19000000000.0
2021-06-08,22000000000.0
2021-06-09,19000000000.0
2021-06-10,18000000000.0
2021-06-11,20000000000.0
2021-06-12,14999999999.999998
2021-06-13,12000000000.0
2021-06-14,17600000000.0
2021-06-15,18700000000.0
2021-06-16,17000000000.0
2021-06-17,20000000000.0
2021-06-18,18000000000.0
2021-06-19,13000000000.0
2021-06-20,13000000000.0
2021-06-21,41000000000.0
2021-06-22,41925000137.0
2021-06-23,19800000000.0
2021-06-24,17600000000.0
2021-06-25,20000000000.0
2021-06-26,14000000000.0
2021-06-27,11100000000.0
2021-06-28,19000000000.0
2021-06-29,21000000000.0
2021-06-30,20000000000.0
2021-07-01,20000000000.0
2021-07-02,14300000000.0
2021-07-03,12000000000.0
2021-07-04,11000001459.0
2021-07-05,14000000000.0
2021-07-06,53000000000.0
2021-07-07,37000000000.0
2021-07-08,34000000000.0
2021-07-09,25000000000.0
2021-07-10,14999999999.999998
2021-07-11,12000000000.0
2021-07-12,25000000000.0
2021-07-13,29999999999.999996
2021-07-14,39375350001.0
2021-07-15,39000000000.0
2021-07-16,35000000000.0
2021-07-17,25000000000.0
2021-07-18,22000000000.0
2021-07-19,24000000000.0
2021-07-20,27660000000.0
2021-07-21,20910000000.0
2021-07-22,24000000000.0
2021-07-23,20100000000.0
2021-07-24,16000000000.000002
2021-07-25,18000000001.0
2021-07-26,36000000000.0
2021-07-27,28000000000.0
2021-07-28,32999999999.999996
2021-07-29,29000000000.0
2021-07-30,36000000000.0
2021-07-31,28600000000.0
2021-08-01,31000000000.0
2021-08-02,35000000000.0
2021-08-03,41800000000.0
2021-08-04,39500000000.0
2021-08-05,50000000000.0
2021-08-06,47925046206.0
2021-08-07,49978372551.0
2021-08-08,40979507457.0
2021-08-09,49000001459.0
2021-08-10,50874455800.0
2021-08-11,57416139473.0
2021-08-12,48305826388.0
2021-08-13,50105694492.0
2021-08-14,45702770544.0
2021-08-15,39000000000.0
2021-08-16,53895403536.0
2021-08-17,49000000000.0
2021-08-18,41776330974.0
2021-08-19,37150226671.0
2021-08-20,39244276497.0
2021-08-21,33466048548.0
2021-08-22,34773942820.0
2021-08-23,59308179266.0
2021-08-24,75966932733.0
2021-08-25,88022194309.0
2021-08-26,83000000000.0
2021-08-27,88526363527.0
2021-08-28,70857597981.0
2021-08-29,73462543534.0
2021-08-30,89394853757.0
2021-08-31,102099673773.0
2021-09-01,108376322483.0
2021-09-02,102000000000.0
2021-09-03,135765941954.0
2021-09-04,109000000000.0
2021-09-05,99000000000.0
2021-09-06,106064527672.0
2021-09-07,119000000000.0
2021-09-08,120086840810.99998
2021-09-09,116709842175.0
2021-09-10,92000001459.0
2021-09-11,65134523922.00001
2021-09-12,57154328697.0
2021-09-13,72000000000.0
2021-09-14,57697124178.0
2021-09-15,63345825814.0
2021-09-16,71274902626.0
2021-09-17,68534997270.0
2021-09-18,51743827831.0
2021-09-19,48676306532.0
2021-09-20,78878159425.0
2021-09-21,82036696630.0
2021-09-22,62715116887.0
2021-09-23,68318899531.0
2021-09-24,69000000000.0
2021-09-25,44778314282.0
2021-09-26,59000000000.0
2021-09-27,73393652540.0
2021-09-28,81047470239.0
2021-09-29,71000001561.0
2021-09-30,84093796172.0
2021-10-01,81965354853.0
2021-10-02,59999999999.99999
2021-10-03,57490704364.0
2021-10-04,88000001459.0
2021-10-05,107179700897.0
2021-10-06,135440658492.0
2021-10-07,133809221981.0
2021-10-08,107895200000.0
2021-10-09,78178326827.0
2021-10-10,71614825760.0
2021-10-11,101501601166.0
2021-10-12,87895447685.0
2021-10-13,96202947927.0
2021-10-14,114000000000.0
2021-10-15,125348313380.99998
2021-10-16,83375286930.0
2021-10-17,73000000000.0
2021-10-18,81707557408.0
2021-10-19,70270943190.0
2021-10-20,75000000000.0
2021-10-21,82630000000.0
2021-10-22,79618470912.0
2021-10-23,64631339507.99999
2021-10-24,67849093469.00001
2021-10-25,90194312183.0
2021-10-26,116704243423.0
2021-10-27,158400000000.0
2021-10-28,188000000000.0
2021-10-29,172457266326.0
2021-10-30,159138004272.0
2021-10-31,146856572816.0
2021-11-01,153717010258.0
2021-11-02,172673510261.0
2021-11-03,160600000000.0
2021-11-04,143181937442.0
2021-11-05,130542799059.0
2021-11-06,103945039895.0
2021-11-07,95960859435.0
2021-11-08,122064179968.99998
2021-11-09,167568426311.0
2021-11-10,160485179688.0
2021-11-11,154303415658.0
2021-11-12,147000000000.0
2021-11-13,126652848448.00002
2021-11-14,112676353635.0
2021-11-15,143786449369.0
2021-11-16,138823132276.0
2021-11-17,125419730055.99998
2021-11-18,137997090135.0
2021-11-19,118612222514.0
2021-11-20,102708473111.0
2021-11-21,100764212221.0
2021-11-22,137000000000.0
2021-11-23,125916691327.0
2021-11-24,125985356432.0
2021-11-25,121000000000.00002
2021-11-26,109000000000.0
2021-11-27,101076408173.0
2021-11-28,101000000000.0
2021-11-29,119961027269.0
2021-11-30,124697859122.0
2021-12-01,134035753253.0
2021-12-02,105000000000.0
2021-12-03,105000000000.0
2021-12-04,116554376747.0
2021-12-05,98000000000.0
2021-12-06,102421701256.0
2021-12-07,91021396577.0
2021-12-08,79930413705.0
2021-12-09,81095554488.0
2021-12-10,73644749099.0
2021-12-11,65000000000.0
2021-12-12,56587030742.0
2021-12-13,81271975981.0
2021-12-14,77000000000.0
2021-12-15,82854244788.0
2021-12-16,75976485187.0
2021-12-17,78393319101.0
2021-12-18,58136582524.0
2021-12-19,50452858966.0
2021-12-20,59966375884.0
2021-12-21,65398950452.0
2021-12-22,73000000000.0
2021-12-23,77115788511.0
2021-12-24,65680077258.99999
2021-12-25,66859545498.99999
2021-12-26,53765413674.0
2021-12-27,73186004689.0
2021-12-28,92000000000.0
2021-12-29,119010536404.0
2021-12-30,104000000000.0
2021-12-31,90000000000.0
2022-01-01,72930000000.0
2022-01-02,88295024760.0
2022-01-03,100536463739.0
2022-01-04,111622282620.0
2022-01-05,131705605740.00002
2022-01-06,128000000000.00002
2022-01-07,136000000000.0
2022-01-08,105081935772.0
2022-01-09,135646512115.0
2022-01-10,207000000000.0
2022-01-11,170431611330.0
2022-01-12,162800000000.0
2022-01-13,155779069871.0
2022-01-14,161798502826.0
2022-01-15,124745709901.00002
2022-01-16,117631937287.0
2022-01-17,125976539570.00002
2022-01-18,111662340340.0
2022-01-19,108707904200.0
2022-01-20,115181450048.0
2022-01-21,159636107572.0
2022-01-22,145159807033.0
2022-01-23,113811788182.0
2022-01-24,129000000000.0
2022-01-25,119772439838.0
2022-01-26,127419425217.99998
2022-01-27,136883578048.00002
2022-01-28,130000000000.0
2022-01-29,107881845363.0
2022-01-30,98724471927.0
2022-01-31,110131081344.0
2022-02-01,134765367296.99998
2022-02-02,122946834806.0
2022-02-03,106463339653.0
2022-02-04,99260760215.0
2022-02-05,72994304249.0
2022-02-06,65921550049.00001
2022-02-07,105000000000.0
2022-02-08,84657746695.0
2022-02-09,79285647152.0
2022-02-10,79489680763.0
2022-02-11,68466325198.0
2022-02-12,56897413391.0
2022-02-13,50962832737.0
2022-02-14,51936355793.0
2022-02-15,57954134449.0
2022-02-16,69563827650.0
2022-02-17,68098307975.00001
2022-02-18,89574971016.0
2022-02-19,59775357140.0
2022-02-20,56133498174.0
2022-02-21,83532197578.0
2022-02-22,79499746973.0
2022-02-23,69348137989.0
2022-02-24,73815695904.0
2022-02-25,50967217074.0
2022-02-26,40171579247.0
2022-02-27,36930298600.0
2022-02-28,53953854410.0
2022-03-01,54991908246.0
2022-03-02,49100906857.0
2022-03-03,44521915149.0
2022-03-04,41577110832.0
2022-03-05,32515820631.0
2022-03-06,31126083548.000004
2022-03-07,34902994500.0
2022-03-08,34393075481.0
2022-03-09,36049626003.0
2022-03-10,30746157311.0
2022-03-11,27687586459.0
2022-03-12,21981589720.0
2022-03-13,26261220368.0
2022-03-14,28295172768.0
2022-03-15,33109692182.999996
2022-03-16,38000000000.0
2022-03-17,42158082179.0
2022-03-18,52156130909.0
2022-03-19,27967915135.0
2022-03-20,23738281851.0
2022-03-21,32626047982.0
2022-03-22,40000000000.0
2022-03-23,35000000000.0
2022-03-24,44477858694.0
2022-03-25,40124893324.0
2022-03-26,29974798362.0
2022-03-27,28326247067.0
2022-03-28,44792194957.0
2022-03-29,43362466175.0
2022-03-30,43511926706.0
2022-03-31,45828042554.0
2022-04-01,59025670266.0
2022-04-02,50938576206.0
2022-04-03,46964530043.0
2022-04-04,60748593225.0
2022-04-05,64201566131.99999
2022-04-06,55053308680.0
2022-04-07,53228608539.0
2022-04-08,51760919294.0
2022-04-09,34462275792.0
2022-04-10,31603042494.0
2022-04-11,41935377433.0
2022-04-12,44769824813.0
2022-04-13,45800432136.0
2022-04-14,44187588492.0
2022-04-15,36706514652.0
2022-04-16,27400000000.0
2022-04-17,24417201591.0
2022-04-18,32885034938.999996
2022-04-19,38721989997.0
2022-04-20,47671555077.0
2022-04-21,57656791344.0
2022-04-22,47252961640.0
2022-04-23,31085990183.0
2022-04-24,29316811557.0
2022-04-25,48101201600.0
2022-04-26,44051687597.0
2022-04-27,44245469775.0
2022-04-28,46675750911.0
2022-04-29,44507734817.0
2022-04-30,44309055113.0
2022-05-01,64859384350.0
2022-05-02,62935590325.0
2022-05-03,58086686493.0
2022-05-04,46686551116.0
2022-05-05,52097660584.0
2022-05-06,40000000000.0
2022-05-07,30748054763.999996
2022-05-08,25141433821.0
2022-05-09,44284980453.0
2022-05-10,52216489889.0
2022-05-11,112068999990.0
2022-05-12,161295390685.0
2022-05-13,74118052698.0
2022-05-14,34990000000.0
2022-05-15,23000000000.0
2022-05-16,22000000000.0
2022-05-17,29060710558.0
2022-05-18,24983811553.0
2022-05-19,24694300703.0
2022-05-20,25825889299.0
2022-05-21,19005143345.0
2022-05-22,20000000000.0
2022-05-23,24600000000.0
2022-05-24,24976582461.0
2022-05-25,29343231023.0
2022-05-26,43974027585.0
2022-05-27,39780000000.0
2022-05-28,18989444649.0
2022-05-29,18417542634.0
2022-05-30,32000000000.000004
2022-05-31,43994030802.0
2022-06-01,50100895629.0
2022-06-02,58507552023.0
2022-06-03,58062542936.0
2022-06-04,48306131841.0
2022-06-05,44106970293.0
2022-06-06,47422067780.0
2022-06-07,48710360207.0
2022-06-08,65929182944.0
2022-06-09,61044828084.00001
2022-06-10,50000000000.0
2022-06-11,32335469441.0
2022-06-12,30603499996.0
2022-06-13,74794212479.0
2022-06-14,46490442880.0
2022-06-15,56102640993.0
2022-06-16,39343345931.0
2022-06-17,33690490069.000004
2022-06-18,32999999999.999996
2022-06-19,23283137275.0
2022-06-20,24450360713.0
2022-06-21,33138228186.0
2022-06-22,32256370394.999996
2022-06-23,38813696177.0
2022-06-24,36000000000.0
2022-06-25,32604252052.0
2022-06-26,32389248917.0
2022-06-27,39957243918.0
2022-06-28,40366407458.0
2022-06-29,43157742189.0
2022-06-30,44461834950.0
2022-07-01,24596417240.0
2022-07-02,14107745715.0
2022-07-03,16019709481.000002
2022-07-04,20921869059.0
2022-07-05,25750190902.0
2022-07-06,27107864988.0
2022-07-07,29999999999.999996
2022-07-08,25000000000.0
2022-07-09,15547861897.0
2022-07-10,15243651252.999998
2022-07-11,22901793918.0
2022-07-12,20826023941.0
2022-07-13,23706468394.0
2022-07-14,24354011598.0
2022-07-15,25696941902.0
2022-07-16,15785997859.0
2022-07-17,16242741573.999998
2022-07-18,25032862834.0
2022-07-19,26359952148.0
2022-07-20,23471809920.0
2022-07-21,16242543058.0
2022-07-22,14000000000.0
2022-07-23,10587812597.0
2022-07-24,9852727051.0
2022-07-25,15726669199.000002
2022-07-26,23160729963.0
2022-07-27,14182736572.0
2022-07-28,18009408242.0
2022-07-29,13725594780.0
2022-07-30,8117749705.000001
2022-07-31,7994809211.0
2022-08-01,14135051954.0
2022-08-02,12266290208.0
2022-08-03,12106796917.0
2022-08-04,14999999999.999998
2022-08-05,12976440592.0
2022-08-06,8520888276.0
2022-08-07,8243516929.0
2022-08-08,14607330315.0
2022-08-09,16000000000.000002
2022-08-10,21402157098.0
2022-08-11,21784359373.0
2022-08-12,15717334729.0
2022-08-13,10231977067.0
2022-08-14,9950629750.0
2022-08-15,17584666252.0
2022-08-16,11928084126.0
2022-08-17,11335704444.0
2022-08-18,11056820749.0
2022-08-19,16452485998.0
2022-08-20,9325721599.0
2022-08-21,7000000000.0
2022-08-22,13050000000.0
2022-08-23,12528654162.0
2022-08-24,11543538160.0
2022-08-25,11385386143.0
2022-08-26,12000000000.0
2022-08-27,8331024567.0
2022-08-28,7725691484.999999
2022-08-29,14497271813.0
2022-08-30,17337488201.0
2022-08-31,20000000000.0
2022-09-01,17677202610.0
